r_setpoint_ohm,r_actual_ohm,v_out_V,i_measured_A,ocv_V,esr_ohm,v_predicted_V,voltage_error_mV,r_inferred_ohm,soc_pct,used_capacity_mAh,iteration,phase,t_s,cycle
320000,nan,3.2006095774625,9.992553714255337e-06,3.200613021850586,0.34469547867774963,3.2006095774625,0.0,320299.4618779505,99.9999997487538,4.251216804649439e-06,4,sleep,0.3600000000005821,0
320000,nan,3.2006095774625,9.992553714255337e-06,3.200613021850586,0.34469547867774963,3.2006095774625,0.0,320299.4618779505,99.9999997487538,4.251216804649439e-06,4,sleep,0.4220000000059372,0
320000,nan,3.2006095774625,9.992553714255337e-06,3.200613021850586,0.34469547867774963,3.2006095774625,0.0,320299.4618779505,99.9999997487538,4.251216804649439e-06,4,sleep,0.46900000001187436,0
320000,nan,3.2006095774625,9.992553714255337e-06,3.200613021850586,0.34469547867774963,3.2006095774625,0.0,320299.4618779505,99.9999997487538,4.251216804649439e-06,4,sleep,0.5160000000032596,0
320000,nan,3.200609574013701,1.000255906546954e-05,3.200613021850586,0.34469547867774963,3.200609574013701,0.0,319979.0726617877,99.99999966664969,5.640461119297987e-06,5,sleep,0.5630000000091968,0
320000,nan,3.200609574013701,1.000255906546954e-05,3.200613021850586,0.34469547867774963,3.200609574013701,0.0,319979.0726617877,99.99999966664969,5.640461119297987e-06,5,sleep,0.625,0
320000,nan,3.200609574013701,1.000255906546954e-05,3.200613021850586,0.34469547867774963,3.200609574013701,0.0,319979.0726617877,99.99999966664969,5.640461119297987e-06,5,sleep,0.6720000000059372,0
320000,nan,3.200609574013701,1.000255906546954e-05,3.200613021850586,0.34469547867774963,3.200609574013701,0.0,319979.0726617877,99.99999966664969,5.640461119297987e-06,5,sleep,0.7190000000118744,0
320000,nan,3.200609574013701,1.000255906546954e-05,3.200613021850586,0.34469547867774963,3.200609574013701,0.0,319979.0726617877,99.99999966664969,5.640461119297987e-06,5,sleep,0.7660000000032596,0
320000,nan,3.200609574013701,1.000255906546954e-05,3.200613021850586,0.34469547867774963,3.200609574013701,0.0,319979.0726617877,99.99999966664969,5.640461119297987e-06,5,sleep,0.8130000000091968,0
320000,nan,3.200609574013701,1.000255906546954e-05,3.200613021850586,0.34469547867774963,3.200609574013701,0.0,319979.0726617877,99.99999966664969,5.640461119297987e-06,5,sleep,0.875,0
320000,nan,3.200609574013701,1.000255906546954e-05,3.200613021850586,0.34469547867774963,3.200609574013701,0.0,319979.0726617877,99.99999966664969,5.640461119297987e-06,5,sleep,0.9220000000059372,0
320000,nan,3.200609574013701,1.000255906546954e-05,3.200613021850586,0.34469547867774963,3.200609574013701,0.0,319979.0726617877,99.99999966664969,5.640461119297987e-06,5,sleep,0.9690000000118744,0
320000,nan,3.200609574013701,1.000255906546954e-05,3.200613021850586,0.34469547867774963,3.200609574013701,0.0,319979.0726617877,99.99999966664969,5.640461119297987e-06,5,sleep,1.0160000000032596,0
320000,nan,3.2006095761461193,9.996372682508081e-06,3.200613021850586,0.34469547867774963,3.2006095761461193,0.0,320177.09601269977,99.99999958213476,7.070497766932943e-06,6,sleep,1.0630000000091968,0
320000,nan,3.2006095761461193,9.996372682508081e-06,3.200613021850586,0.34469547867774963,3.2006095761461193,0.0,320177.09601269977,99.99999958213476,7.070497766932943e-06,6,sleep,1.125,0
320000,nan,3.2006095761461193,9.996372682508081e-06,3.200613021850586,0.34469547867774963,3.2006095761461193,0.0,320177.09601269977,99.99999958213476,7.070497766932943e-06,6,sleep,1.1720000000059372,0
320000,nan,3.2006095761461193,9.996372682508081e-06,3.200613021850586,0.34469547867774963,3.2006095761461193,0.0,320177.09601269977,99.99999958213476,7.070497766932943e-06,6,sleep,1.2190000000118744,0
320000,nan,3.2006095761461193,9.996372682508081e-06,3.200613021850586,0.34469547867774963,3.2006095761461193,0.0,320177.09601269977,99.99999958213476,7.070497766932943e-06,6,sleep,1.2660000000032596,0
320000,nan,3.2006095761461193,9.996372682508081e-06,3.200613021850586,0.34469547867774963,3.2006095761461193,0.0,320177.09601269977,99.99999958213476,7.070497766932943e-06,6,sleep,1.3130000000091968,0
320000,nan,3.2006095761461193,9.996372682508081e-06,3.200613021850586,0.34469547867774963,3.2006095761461193,0.0,320177.09601269977,99.99999958213476,7.070497766932943e-06,6,sleep,1.375,0
320000,nan,3.2006095761461193,9.996372682508081e-06,3.200613021850586,0.34469547867774963,3.2006095761461193,0.0,320177.09601269977,99.99999958213476,7.070497766932943e-06,6,sleep,1.4220000000059372,0
320000,nan,3.2006095761461193,9.996372682508081e-06,3.200613021850586,0.34469547867774963,3.2006095761461193,0.0,320177.09601269977,99.99999958213476,7.070497766932943e-06,6,sleep,1.4690000000118744,0
320000,nan,3.2006095761461193,9.996372682508081e-06,3.200613021850586,0.34469547867774963,3.2006095761461193,0.0,320177.09601269977,99.99999958213476,7.070497766932943e-06,6,sleep,1.5160000000032596,0
320000,nan,3.2006095761461193,9.996372682508081e-06,3.200613021850586,0.34469547867774963,3.2006095761461193,0.0,320177.09601269977,99.99999958213476,7.070497766932943e-06,6,sleep,1.5630000000091968,0
320000,nan,3.2006095748570123,1.0000112524721771e-05,3.200613021850586,0.34469547867774963,3.2006095748570123,0.0,320057.3560492072,99.99999949742404,8.503847228818785e-06,7,sleep,1.625,0
320000,nan,3.2006095748570123,1.0000112524721771e-05,3.200613021850586,0.34469547867774963,3.2006095748570123,0.0,320057.3560492072,99.99999949742404,8.503847228818785e-06,7,sleep,1.6720000000059372,0
320000,nan,3.2006095748570123,1.0000112524721771e-05,3.200613021850586,0.34469547867774963,3.2006095748570123,0.0,320057.3560492072,99.99999949742404,8.503847228818785e-06,7,sleep,1.7190000000118744,0
320000,nan,3.2006095748570123,1.0000112524721771e-05,3.200613021850586,0.34469547867774963,3.2006095748570123,0.0,320057.3560492072,99.99999949742404,8.503847228818785e-06,7,sleep,1.7660000000032596,0
320000,nan,3.2006095748570123,1.0000112524721771e-05,3.200613021850586,0.34469547867774963,3.2006095748570123,0.0,320057.3560492072,99.99999949742404,8.503847228818785e-06,7,sleep,1.8130000000091968,0
320000,nan,3.2006095748570123,1.0000112524721771e-05,3.200613021850586,0.34469547867774963,3.2006095748570123,0.0,320057.3560492072,99.99999949742404,8.503847228818785e-06,7,sleep,1.875,0
320000,nan,3.2006095748570123,1.0000112524721771e-05,3.200613021850586,0.34469547867774963,3.2006095748570123,0.0,320057.3560492072,99.99999949742404,8.503847228818785e-06,7,sleep,1.9220000000059372,0
320000,nan,3.2006095748570123,1.0000112524721771e-05,3.200613021850586,0.34469547867774963,3.2006095748570123,0.0,320057.3560492072,99.99999949742404,8.503847228818785e-06,7,sleep,1.9690000000118744,0
320000,nan,3.2006095748570123,1.0000112524721771e-05,3.200613021850586,0.34469547867774963,3.2006095748570123,0.0,320057.3560492072,99.99999949742404,8.503847228818785e-06,7,sleep,2.0160000000032596,0
320000,nan,3.2006095748570123,1.0000112524721771e-05,3.200613021850586,0.34469547867774963,3.2006095748570123,0.0,320057.3560492072,99.99999949742404,8.503847228818785e-06,7,sleep,2.063000000009197,0
320000,nan,3.2006095761266824,9.996429071179591e-06,3.200613021850586,0.34469547867774963,3.2006095761266824,0.0,320175.28992970753,99.99999941537025,9.892240155371505e-06,8,sleep,2.125,0
320000,nan,3.2006095761266824,9.996429071179591e-06,3.200613021850586,0.34469547867774963,3.2006095761266824,0.0,320175.28992970753,99.99999941537025,9.892240155371505e-06,8,sleep,2.172000000005937,0
320000,nan,3.2006095761266824,9.996429071179591e-06,3.200613021850586,0.34469547867774963,3.2006095761266824,0.0,320175.28992970753,99.99999941537025,9.892240155371505e-06,8,sleep,2.2190000000118744,0
320000,nan,3.2006095761266824,9.996429071179591e-06,3.200613021850586,0.34469547867774963,3.2006095761266824,0.0,320175.28992970753,99.99999941537025,9.892240155371505e-06,8,sleep,2.2660000000032596,0
320000,nan,3.2006095761266824,9.996429071179591e-06,3.200613021850586,0.34469547867774963,3.2006095761266824,0.0,320175.28992970753,99.99999941537025,9.892240155371505e-06,8,sleep,2.313000000009197,0
320000,nan,3.2006095761266824,9.996429071179591e-06,3.200613021850586,0.34469547867774963,3.2006095761266824,0.0,320175.28992970753,99.99999941537025,9.892240155371505e-06,8,sleep,2.375,0
320000,nan,3.2006095761266824,9.996429071179591e-06,3.200613021850586,0.34469547867774963,3.2006095761266824,0.0,320175.28992970753,99.99999941537025,9.892240155371505e-06,8,sleep,2.422000000005937,0
320000,nan,3.2006095761266824,9.996429071179591e-06,3.200613021850586,0.34469547867774963,3.2006095761266824,0.0,320175.28992970753,99.99999941537025,9.892240155371505e-06,8,sleep,2.4690000000118744,0
320000,nan,3.2006095761266824,9.996429071179591e-06,3.200613021850586,0.34469547867774963,3.2006095761266824,0.0,320175.28992970753,99.99999941537025,9.892240155371505e-06,8,sleep,2.5160000000032596,0
320000,nan,3.2006095761266824,9.996429071179591e-06,3.200613021850586,0.34469547867774963,3.2006095761266824,0.0,320175.28992970753,99.99999941537025,9.892240155371505e-06,8,sleep,2.563000000009197,0
320000,nan,3.2006095778252184,9.991501428885385e-06,3.200613021850586,0.34469547867774963,3.2006095778252184,0.0,320333.1952265223,99.9999993308965,1.1321579943113215e-05,9,sleep,2.625,0
320000,nan,3.2006095778252184,9.991501428885385e-06,3.200613021850586,0.34469547867774963,3.2006095778252184,0.0,320333.1952265223,99.9999993308965,1.1321579943113215e-05,9,sleep,2.672000000005937,0
320000,nan,3.2006095778252184,9.991501428885385e-06,3.200613021850586,0.34469547867774963,3.2006095778252184,0.0,320333.1952265223,99.9999993308965,1.1321579943113215e-05,9,sleep,2.7190000000118744,0
320000,nan,3.2006095778252184,9.991501428885385e-06,3.200613021850586,0.34469547867774963,3.2006095778252184,0.0,320333.1952265223,99.9999993308965,1.1321579943113215e-05,9,sleep,2.7660000000032596,0
320000,nan,3.2006095778252184,9.991501428885385e-06,3.200613021850586,0.34469547867774963,3.2006095778252184,0.0,320333.1952265223,99.9999993308965,1.1321579943113215e-05,9,sleep,2.813000000009197,0
320000,nan,3.2006095778252184,9.991501428885385e-06,3.200613021850586,0.34469547867774963,3.2006095778252184,0.0,320333.1952265223,99.9999993308965,1.1321579943113215e-05,9,sleep,2.875,0
320000,nan,3.2006095778252184,9.991501428885385e-06,3.200613021850586,0.34469547867774963,3.2006095778252184,0.0,320333.1952265223,99.9999993308965,1.1321579943113215e-05,9,sleep,2.922000000005937,0
320000,nan,3.2006095778252184,9.991501428885385e-06,3.200613021850586,0.34469547867774963,3.2006095778252184,0.0,320333.1952265223,99.9999993308965,1.1321579943113215e-05,9,sleep,2.9690000000118744,0
320000,nan,3.2006095778252184,9.991501428885385e-06,3.200613021850586,0.34469547867774963,3.2006095778252184,0.0,320333.1952265223,99.9999993308965,1.1321579943113215e-05,9,sleep,3.0160000000032596,0
320000,nan,3.2006095778252184,9.991501428885385e-06,3.200613021850586,0.34469547867774963,3.2006095778252184,0.0,320333.1952265223,99.9999993308965,1.1321579943113215e-05,9,sleep,3.063000000009197,0
320000,nan,3.200609579998391,9.985196811612695e-06,3.200613021850586,0.34469547867774963,3.200609579998391,0.0,320535.4526689059,99.99999924631214,1.2752791486120075e-05,10,sleep,3.125,0
320000,nan,3.200609579998391,9.985196811612695e-06,3.200613021850586,0.34469547867774963,3.200609579998391,0.0,320535.4526689059,99.99999924631214,1.2752791486120075e-05,10,sleep,3.172000000005937,0
320000,nan,3.200609579998391,9.985196811612695e-06,3.200613021850586,0.34469547867774963,3.200609579998391,0.0,320535.4526689059,99.99999924631214,1.2752791486120075e-05,10,sleep,3.2190000000118744,0
320000,nan,3.200609579998391,9.985196811612695e-06,3.200613021850586,0.34469547867774963,3.200609579998391,0.0,320535.4526689059,99.99999924631214,1.2752791486120075e-05,10,sleep,3.2660000000032596,0
320000,nan,3.200609579998391,9.985196811612695e-06,3.200613021850586,0.34469547867774963,3.200609579998391,0.0,320535.4526689059,99.99999924631214,1.2752791486120075e-05,10,sleep,3.313000000009197,0
320000,nan,3.200609579998391,9.985196811612695e-06,3.200613021850586,0.34469547867774963,3.200609579998391,0.0,320535.4526689059,99.99999924631214,1.2752791486120075e-05,10,sleep,3.375,0
320000,nan,3.200609579998391,9.985196811612695e-06,3.200613021850586,0.34469547867774963,3.200609579998391,0.0,320535.4526689059,99.99999924631214,1.2752791486120075e-05,10,sleep,3.422000000005937,0
320000,nan,3.200609579998391,9.985196811612695e-06,3.200613021850586,0.34469547867774963,3.200609579998391,0.0,320535.4526689059,99.99999924631214,1.2752791486120075e-05,10,sleep,3.4690000000118744,0
320000,nan,3.200609579998391,9.985196811612695e-06,3.200613021850586,0.34469547867774963,3.200609579998391,0.0,320535.4526689059,99.99999924631214,1.2752791486120075e-05,10,sleep,3.5160000000032596,0
320000,nan,3.200609579998391,9.985196811612695e-06,3.200613021850586,0.34469547867774963,3.200609579998391,0.0,320535.4526689059,99.99999924631214,1.2752791486120075e-05,10,sleep,3.563000000009197,0
320000,nan,3.2006095782446793,9.990284524974413e-06,3.200613021850586,0.34469547867774963,3.2006095782446793,0.0,320372.21464949986,99.99999916168468,1.4184732268001737e-05,11,sleep,3.625,0
320000,nan,3.2006095782446793,9.990284524974413e-06,3.200613021850586,0.34469547867774963,3.2006095782446793,0.0,320372.21464949986,99.99999916168468,1.4184732268001737e-05,11,sleep,3.672000000005937,0
320000,nan,3.2006095782446793,9.990284524974413e-06,3.200613021850586,0.34469547867774963,3.2006095782446793,0.0,320372.21464949986,99.99999916168468,1.4184732268001737e-05,11,sleep,3.7190000000118744,0
320000,nan,3.2006095782446793,9.990284524974413e-06,3.200613021850586,0.34469547867774963,3.2006095782446793,0.0,320372.21464949986,99.99999916168468,1.4184732268001737e-05,11,sleep,3.7660000000032596,0
320000,nan,3.2006095782446793,9.990284524974413e-06,3.200613021850586,0.34469547867774963,3.2006095782446793,0.0,320372.21464949986,99.99999916168468,1.4184732268001737e-05,11,sleep,3.813000000009197,0
320000,nan,3.2006095782446793,9.990284524974413e-06,3.200613021850586,0.34469547867774963,3.2006095782446793,0.0,320372.21464949986,99.99999916168468,1.4184732268001737e-05,11,sleep,3.875,0
320000,nan,3.2006095782446793,9.990284524974413e-06,3.200613021850586,0.34469547867774963,3.2006095782446793,0.0,320372.21464949986,99.99999916168468,1.4184732268001737e-05,11,sleep,3.922000000005937,0
320000,nan,3.2006095782446793,9.990284524974413e-06,3.200613021850586,0.34469547867774963,3.2006095782446793,0.0,320372.21464949986,99.99999916168468,1.4184732268001737e-05,11,sleep,3.9690000000118744,0
320000,nan,3.2006095782446793,9.990284524974413e-06,3.200613021850586,0.34469547867774963,3.2006095782446793,0.0,320372.21464949986,99.99999916168468,1.4184732268001737e-05,11,sleep,4.01600000000326,0
320000,nan,3.2006095782446793,9.990284524974413e-06,3.200613021850586,0.34469547867774963,3.2006095782446793,0.0,320372.21464949986,99.99999916168468,1.4184732268001737e-05,11,sleep,4.063000000009197,0
320000,nan,3.2006095782446793,9.990284524974413e-06,3.200613021850586,0.34469547867774963,3.2006095782446793,0.0,320372.21464949986,99.99999916168468,1.4184732268001737e-05,11,sleep,4.125,0
320000,nan,3.200609575233838,9.99901931209024e-06,3.200613021850586,0.34469547867774963,3.200609575233838,0.0,320092.348593011,99.99999907960962,1.5573484950236494e-05,12,sleep,4.172000000005937,0
320000,nan,3.200609575233838,9.99901931209024e-06,3.200613021850586,0.34469547867774963,3.200609575233838,0.0,320092.348593011,99.99999907960962,1.5573484950236494e-05,12,sleep,4.219000000011874,0
320000,nan,3.200609575233838,9.99901931209024e-06,3.200613021850586,0.34469547867774963,3.200609575233838,0.0,320092.348593011,99.99999907960962,1.5573484950236494e-05,12,sleep,4.26600000000326,0
320000,nan,3.200609575233838,9.99901931209024e-06,3.200613021850586,0.34469547867774963,3.200609575233838,0.0,320092.348593011,99.99999907960962,1.5573484950236494e-05,12,sleep,4.313000000009197,0
320000,nan,3.200609575233838,9.99901931209024e-06,3.200613021850586,0.34469547867774963,3.200609575233838,0.0,320092.348593011,99.99999907960962,1.5573484950236494e-05,12,sleep,4.375,0
320000,nan,3.200609575233838,9.99901931209024e-06,3.200613021850586,0.34469547867774963,3.200609575233838,0.0,320092.348593011,99.99999907960962,1.5573484950236494e-05,12,sleep,4.422000000005937,0
320000,nan,3.200609575233838,9.99901931209024e-06,3.200613021850586,0.34469547867774963,3.200609575233838,0.0,320092.348593011,99.99999907960962,1.5573484950236494e-05,12,sleep,4.469000000011874,0
320000,nan,3.200609575233838,9.99901931209024e-06,3.200613021850586,0.34469547867774963,3.200609575233838,0.0,320092.348593011,99.99999907960962,1.5573484950236494e-05,12,sleep,4.51600000000326,0
320000,nan,3.200609575233838,9.99901931209024e-06,3.200613021850586,0.34469547867774963,3.200609575233838,0.0,320092.348593011,99.99999907960962,1.5573484950236494e-05,12,sleep,4.563000000009197,0
320000,nan,3.200609575233838,9.99901931209024e-06,3.200613021850586,0.34469547867774963,3.200609575233838,0.0,320092.348593011,99.99999907960962,1.5573484950236494e-05,12,sleep,4.625,0
320000,nan,3.20060958199914,9.97939241642598e-06,3.200613021850586,0.34469547867774963,3.20060958199914,0.0,320721.888512067,99.99999899523826,1.7001092476473597e-05,13,sleep,4.672000000005937,0
320000,nan,3.20060958199914,9.97939241642598e-06,3.200613021850586,0.34469547867774963,3.20060958199914,0.0,320721.888512067,99.99999899523826,1.7001092476473597e-05,13,sleep,4.719000000011874,0
320000,nan,3.20060958199914,9.97939241642598e-06,3.200613021850586,0.34469547867774963,3.20060958199914,0.0,320721.888512067,99.99999899523826,1.7001092476473597e-05,13,sleep,4.76600000000326,0
320000,nan,3.20060958199914,9.97939241642598e-06,3.200613021850586,0.34469547867774963,3.20060958199914,0.0,320721.888512067,99.99999899523826,1.7001092476473597e-05,13,sleep,4.813000000009197,0
320000,nan,3.20060958199914,9.97939241642598e-06,3.200613021850586,0.34469547867774963,3.20060958199914,0.0,320721.888512067,99.99999899523826,1.7001092476473597e-05,13,sleep,4.875,0
320000,nan,3.20060958199914,9.97939241642598e-06,3.200613021850586,0.34469547867774963,3.20060958199914,0.0,320721.888512067,99.99999899523826,1.7001092476473597e-05,13,sleep,4.922000000005937,0
320000,nan,3.20060958199914,9.97939241642598e-06,3.200613021850586,0.34469547867774963,3.20060958199914,0.0,320721.888512067,99.99999899523826,1.7001092476473597e-05,13,sleep,4.969000000011874,0
320000,nan,3.20060958199914,9.97939241642598e-06,3.200613021850586,0.34469547867774963,3.20060958199914,0.0,320721.888512067,99.99999899523826,1.7001092476473597e-05,13,sleep,5.01600000000326,0
320000,nan,3.20060958199914,9.97939241642598e-06,3.200613021850586,0.34469547867774963,3.20060958199914,0.0,320721.888512067,99.99999899523826,1.7001092476473597e-05,13,sleep,5.063000000009197,0
320000,nan,3.20060958199914,9.97939241642598e-06,3.200613021850586,0.34469547867774963,3.20060958199914,0.0,320721.888512067,99.99999899523826,1.7001092476473597e-05,13,sleep,5.125,0
320000,nan,3.200609578241858,9.99029271042673e-06,3.200613021850586,0.34469547867774963,3.200609578241858,0.0,320371.95215525833,99.99999891061073,1.8433034431643806e-05,14,sleep,5.172000000005937,0
320000,nan,3.200609578241858,9.99029271042673e-06,3.200613021850586,0.34469547867774963,3.200609578241858,0.0,320371.95215525833,99.99999891061073,1.8433034431643806e-05,14,sleep,5.219000000011874,0
320000,nan,3.200609578241858,9.99029271042673e-06,3.200613021850586,0.34469547867774963,3.200609578241858,0.0,320371.95215525833,99.99999891061073,1.8433034431643806e-05,14,sleep,5.26600000000326,0
320000,nan,3.200609578241858,9.99029271042673e-06,3.200613021850586,0.34469547867774963,3.200609578241858,0.0,320371.95215525833,99.99999891061073,1.8433034431643806e-05,14,sleep,5.313000000009197,0
3200,nan,3.200609579603383,9.98634277493693e-06,3.200613021850586,0.34469547867774963,3.200609579603383,0.0,320498.6702074822,99.99999882601665,1.9864410229393808e-05,15,wake,5.719000000011874,0
3200,nan,3.200609579603383,9.98634277493693e-06,3.200613021850586,0.34469547867774963,3.200609579603383,0.0,320498.6702074822,99.99999882601665,1.9864410229393808e-05,15,wake,5.782000000006519,0
3200,nan,3.200609579603383,9.98634277493693e-06,3.200613021850586,0.34469547867774963,3.200609579603383,0.0,320498.6702074822,99.99999882601665,1.9864410229393808e-05,15,wake,5.828000000008615,0
3200,nan,3.200609579603383,9.98634277493693e-06,3.200613021850586,0.34469547867774963,3.200609579603383,0.0,320498.6702074822,99.99999882601665,1.9864410229393808e-05,15,wake,5.875,0
3200,nan,3.200609579603383,9.98634277493693e-06,3.200613021850586,0.34469547867774963,3.200609579603383,0.0,320498.6702074822,99.99999882601665,1.9864410229393808e-05,15,wake,5.922000000005937,0
3200,nan,3.200609579603383,9.98634277493693e-06,3.200613021850586,0.34469547867774963,3.200609579603383,0.0,320498.6702074822,99.99999882601665,1.9864410229393808e-05,15,wake,5.985000000000582,0
3200,nan,3.200609579603383,9.98634277493693e-06,3.200613021850586,0.34469547867774963,3.200609579603383,0.0,320498.6702074822,99.99999882601665,1.9864410229393808e-05,15,wake,6.032000000006519,0
3200,nan,3.200609579603383,9.98634277493693e-06,3.200613021850586,0.34469547867774963,3.200609579603383,0.0,320498.6702074822,99.99999882601665,1.9864410229393808e-05,15,wake,6.078000000008615,0
3200,nan,3.200609579603383,9.98634277493693e-06,3.200613021850586,0.34469547867774963,3.200609579603383,0.0,320498.6702074822,99.99999882601665,1.9864410229393808e-05,15,wake,6.125,0
3200,nan,3.200609579603383,9.98634277493693e-06,3.200613021850586,0.34469547867774963,3.200609579603383,0.0,320498.6702074822,99.99999882601665,1.9864410229393808e-05,15,wake,6.172000000005937,0
3200,nan,3.200268302038068,0.0010000705951824784,3.200613021850586,0.34469547867774963,3.200268302038068,0.0,3200.042394461292,99.99999037086026,0.00016293006481783666,16,wake,6.235000000000582,0
3200,nan,3.200268302038068,0.0010000705951824784,3.200613021850586,0.34469547867774963,3.200268302038068,0.0,3200.042394461292,99.99999037086026,0.00016293006481783666,16,wake,6.282000000006519,0
320000,nan,3.200268302038068,0.0010000705951824784,3.200613021850586,0.34469547867774963,3.200268302038068,0.0,3200.042394461292,99.99999037086026,0.00016293006481783666,16,sleep,6.688000000009197,0
320000,nan,3.200268366282732,0.0009998842142522335,3.200613021850586,0.34469547867774963,3.200268366282732,0.0,3200.638954657428,99.99998190086491,0.00030624680219489545,17,sleep,6.75,0
320000,nan,3.200268366282732,0.0009998842142522335,3.200613021850586,0.34469547867774963,3.200268366282732,0.0,3200.638954657428,99.99998190086491,0.00030624680219489545,17,sleep,6.797000000005937,0
320000,nan,3.200268366282732,0.0009998842142522335,3.200613021850586,0.34469547867774963,3.200268366282732,0.0,3200.638954657428,99.99998190086491,0.00030624680219489545,17,sleep,6.844000000011874,0
320000,nan,3.200268366282732,0.0009998842142522335,3.200613021850586,0.34469547867774963,3.200268366282732,0.0,3200.638954657428,99.99998190086491,0.00030624680219489545,17,sleep,6.89100000000326,0
320000,nan,3.200268366282732,0.0009998842142522335,3.200613021850586,0.34469547867774963,3.200268366282732,0.0,3200.638954657428,99.99998190086491,0.00030624680219489545,17,sleep,6.953000000008615,0
320000,nan,3.200268366282732,0.0009998842142522335,3.200613021850586,0.34469547867774963,3.200268366282732,0.0,3200.638954657428,99.99998190086491,0.00030624680219489545,17,sleep,7.0,0
320000,nan,3.200268366282732,0.0009998842142522335,3.200613021850586,0.34469547867774963,3.200268366282732,0.0,3200.638954657428,99.99998190086491,0.00030624680219489545,17,sleep,7.047000000005937,0
320000,nan,3.200268366282732,0.0009998842142522335,3.200613021850586,0.34469547867774963,3.200268366282732,0.0,3200.638954657428,99.99998190086491,0.00030624680219489545,17,sleep,7.094000000011874,0
320000,nan,3.200268366282732,0.0009998842142522335,3.200613021850586,0.34469547867774963,3.200268366282732,0.0,3200.638954657428,99.99998190086491,0.00030624680219489545,17,sleep,7.14100000000326,0
320000,nan,3.200268366282732,0.0009998842142522335,3.200613021850586,0.34469547867774963,3.200268366282732,0.0,3200.638954657428,99.99998190086491,0.00030624680219489545,17,sleep,7.203000000008615,0
320000,nan,3.2006095745698477,1.0000945621868595e-05,3.200613021850586,0.34469547867774963,3.2006095745698477,0.0,320030.694654636,99.99998181631132,0.00030767749302691114,18,sleep,7.25,0
320000,nan,3.2006095745698477,1.0000945621868595e-05,3.200613021850586,0.34469547867774963,3.2006095745698477,0.0,320030.694654636,99.99998181631132,0.00030767749302691114,18,sleep,7.297000000005937,0
320000,nan,3.2006095745698477,1.0000945621868595e-05,3.200613021850586,0.34469547867774963,3.2006095745698477,0.0,320030.694654636,99.99998181631132,0.00030767749302691114,18,sleep,7.344000000011874,0
320000,nan,3.2006095745698477,1.0000945621868595e-05,3.200613021850586,0.34469547867774963,3.2006095745698477,0.0,320030.694654636,99.99998181631132,0.00030767749302691114,18,sleep,7.39100000000326,0
320000,nan,3.2006095745698477,1.0000945621868595e-05,3.200613021850586,0.34469547867774963,3.2006095745698477,0.0,320030.694654636,99.99998181631132,0.00030767749302691114,18,sleep,7.453000000008615,0
320000,nan,3.2006095745698477,1.0000945621868595e-05,3.200613021850586,0.34469547867774963,3.2006095745698477,0.0,320030.694654636,99.99998181631132,0.00030767749302691114,18,sleep,7.5,0
320000,nan,3.2006095745698477,1.0000945621868595e-05,3.200613021850586,0.34469547867774963,3.2006095745698477,0.0,320030.694654636,99.99998181631132,0.00030767749302691114,18,sleep,7.547000000005937,0
320000,nan,3.2006095745698477,1.0000945621868595e-05,3.200613021850586,0.34469547867774963,3.2006095745698477,0.0,320030.694654636,99.99998181631132,0.00030767749302691114,18,sleep,7.594000000011874,0
320000,nan,3.2006095745698477,1.0000945621868595e-05,3.200613021850586,0.34469547867774963,3.2006095745698477,0.0,320030.694654636,99.99998181631132,0.00030767749302691114,18,sleep,7.64100000000326,0
320000,nan,3.2006095745698477,1.0000945621868595e-05,3.200613021850586,0.34469547867774963,3.2006095745698477,0.0,320030.694654636,99.99998181631132,0.00030767749302691114,18,sleep,7.703000000008615,0
320000,nan,3.200609578545011,9.989413229050115e-06,3.200613021850586,0.34469547867774963,3.200609578545011,0.0,320400.1581631792,99.99998173169124,0.000309109308923084,19,sleep,7.75,0
320000,nan,3.200609578545011,9.989413229050115e-06,3.200613021850586,0.34469547867774963,3.200609578545011,0.0,320400.1581631792,99.99998173169124,0.000309109308923084,19,sleep,7.797000000005937,0
320000,nan,3.200609578545011,9.989413229050115e-06,3.200613021850586,0.34469547867774963,3.200609578545011,0.0,320400.1581631792,99.99998173169124,0.000309109308923084,19,sleep,7.844000000011874,0
320000,nan,3.200609578545011,9.989413229050115e-06,3.200613021850586,0.34469547867774963,3.200609578545011,0.0,320400.1581631792,99.99998173169124,0.000309109308923084,19,sleep,7.89100000000326,0
320000,nan,3.200609578545011,9.989413229050115e-06,3.200613021850586,0.34469547867774963,3.200609578545011,0.0,320400.1581631792,99.99998173169124,0.000309109308923084,19,sleep,7.953000000008615,0
320000,nan,3.200609578545011,9.989413229050115e-06,3.200613021850586,0.34469547867774963,3.200609578545011,0.0,320400.1581631792,99.99998173169124,0.000309109308923084,19,sleep,8.0,0
320000,nan,3.200609578545011,9.989413229050115e-06,3.200613021850586,0.34469547867774963,3.200609578545011,0.0,320400.1581631792,99.99998173169124,0.000309109308923084,19,sleep,8.047000000005937,0
320000,nan,3.200609578545011,9.989413229050115e-06,3.200613021850586,0.34469547867774963,3.200609578545011,0.0,320400.1581631792,99.99998173169124,0.000309109308923084,19,sleep,8.094000000011874,0
320000,nan,3.200609578545011,9.989413229050115e-06,3.200613021850586,0.34469547867774963,3.200609578545011,0.0,320400.1581631792,99.99998173169124,0.000309109308923084,19,sleep,8.14100000000326,0
100,nan,3.2006095737685447,1.0003270290326327e-05,3.200613021850586,0.34469547867774963,3.2006095737685447,0.0,319956.322370265,99.99998164695377,0.0003105431109979994,20,tx,8.53200000000652,0
100,nan,3.2006095737685447,1.0003270290326327e-05,3.200613021850586,0.34469547867774963,3.2006095737685447,0.0,319956.322370265,99.99998164695377,0.0003105431109979994,20,tx,8.594000000011874,0
100,nan,3.2006095737685447,1.0003270290326327e-05,3.200613021850586,0.34469547867774963,3.2006095737685447,0.0,319956.322370265,99.99998164695377,0.0003105431109979994,20,tx,8.64100000000326,0
100,nan,3.2006095737685447,1.0003270290326327e-05,3.200613021850586,0.34469547867774963,3.2006095737685447,0.0,319956.322370265,99.99998164695377,0.0003105431109979994,20,tx,8.688000000009197,0
100,nan,3.2006095737685447,1.0003270290326327e-05,3.200613021850586,0.34469547867774963,3.2006095737685447,0.0,319956.322370265,99.99998164695377,0.0003105431109979994,20,tx,8.735000000000582,0
100,nan,3.1969508727971,0.010624302551150322,3.200613021850586,0.34469547867774963,3.1969508727971,0.0,300.909246268684,99.99989443938235,0.001786140687546655,21,tx,8.797000000005937,0
100,nan,3.1969508727971,0.010624302551150322,3.200613021850586,0.34469547867774963,3.1969508727971,0.0,300.909246268684,99.99989443938235,0.001786140687546655,21,tx,8.844000000011874,0
100,nan,3.1969508727971,0.010624302551150322,3.200613021850586,0.34469547867774963,3.1969508727971,0.0,300.909246268684,99.99989443938235,0.001786140687546655,21,tx,8.89100000000326,0
320000,nan,3.18961400665218,0.03190936893224716,3.200613021850586,0.34469547867774963,3.18961400665218,0.0,99.95854237746458,99.99962465972257,0.006350953187571298,22,sleep,9.297000000005937,0
320000,nan,3.18961400665218,0.03190936893224716,3.200613021850586,0.34469547867774963,3.18961400665218,0.0,99.95854237746458,99.99962465972257,0.006350953187571298,22,sleep,9.360000000000582,0
320000,nan,3.18961400665218,0.03190936893224716,3.200613021850586,0.34469547867774963,3.18961400665218,0.0,99.95854237746458,99.99962465972257,0.006350953187571298,22,sleep,9.40700000000652,0
320000,nan,3.18961400665218,0.03190936893224716,3.200613021850586,0.34469547867774963,3.18961400665218,0.0,99.95854237746458,99.99962465972257,0.006350953187571298,22,sleep,9.453000000008615,0
320000,nan,3.18961400665218,0.03190936893224716,3.200613021850586,0.34469547867774963,3.18961400665218,0.0,99.95854237746458,99.99962465972257,0.006350953187571298,22,sleep,9.5,0
320000,nan,3.18961400665218,0.03190936893224716,3.200613021850586,0.34469547867774963,3.18961400665218,0.0,99.95854237746458,99.99962465972257,0.006350953187571298,22,sleep,9.563000000009197,0
320000,nan,3.18961400665218,0.03190936893224716,3.200613021850586,0.34469547867774963,3.18961400665218,0.0,99.95854237746458,99.99962465972257,0.006350953187571298,22,sleep,9.610000000000582,0
320000,nan,3.18961400665218,0.03190936893224716,3.200613021850586,0.34469547867774963,3.18961400665218,0.0,99.95854237746458,99.99962465972257,0.006350953187571298,22,sleep,9.65700000000652,0
320000,nan,3.18961400665218,0.03190936893224716,3.200613021850586,0.34469547867774963,3.18961400665218,0.0,99.95854237746458,99.99962465972257,0.006350953187571298,22,sleep,9.703000000008615,0
320000,nan,3.18961400665218,0.03190936893224716,3.200613021850586,0.34469547867774963,3.18961400665218,0.0,99.95854237746458,99.99962465972257,0.006350953187571298,22,sleep,9.75,0
320000,nan,3.2006095846036873,9.971836334443651e-06,3.200613021850586,0.34469547867774963,3.2006095846036873,0.0,320964.9133077409,99.99962457525137,0.0063523824841125775,23,sleep,9.813000000009197,0
320000,nan,3.2006095846036873,9.971836334443651e-06,3.200613021850586,0.34469547867774963,3.2006095846036873,0.0,320964.9133077409,99.99962457525137,0.0063523824841125775,23,sleep,9.860000000000582,0
320000,nan,3.2006095846036873,9.971836334443651e-06,3.200613021850586,0.34469547867774963,3.2006095846036873,0.0,320964.9133077409,99.99962457525137,0.0063523824841125775,23,sleep,9.90700000000652,0
320000,nan,3.2006095846036873,9.971836334443651e-06,3.200613021850586,0.34469547867774963,3.2006095846036873,0.0,320964.9133077409,99.99962457525137,0.0063523824841125775,23,sleep,9.953000000008615,0
320000,nan,3.2006095846036873,9.971836334443651e-06,3.200613021850586,0.34469547867774963,3.2006095846036873,0.0,320964.9133077409,99.99962457525137,0.0063523824841125775,23,sleep,10.0,0
320000,nan,3.2006095846036873,9.971836334443651e-06,3.200613021850586,0.34469547867774963,3.2006095846036873,0.0,320964.9133077409,99.99962457525137,0.0063523824841125775,23,sleep,10.063000000009197,0
320000,nan,3.2006095846036873,9.971836334443651e-06,3.200613021850586,0.34469547867774963,3.2006095846036873,0.0,320964.9133077409,99.99962457525137,0.0063523824841125775,23,sleep,10.110000000000582,0
320000,nan,3.2006095846036873,9.971836334443651e-06,3.200613021850586,0.34469547867774963,3.2006095846036873,0.0,320964.9133077409,99.99962457525137,0.0063523824841125775,23,sleep,10.15700000000652,0
320000,nan,3.2006095846036873,9.971836334443651e-06,3.200613021850586,0.34469547867774963,3.2006095846036873,0.0,320964.9133077409,99.99962457525137,0.0063523824841125775,23,sleep,10.203000000008615,0
320000,nan,3.2006095846036873,9.971836334443651e-06,3.200613021850586,0.34469547867774963,3.2006095846036873,0.0,320964.9133077409,99.99962457525137,0.0063523824841125775,23,sleep,10.25,0
320000,nan,3.2006095763411153,9.995806976803578e-06,3.200613021850586,0.34469547867774963,3.2006095763411153,0.0,320195.2162310155,99.99962449057713,0.0063538152164459285,24,sleep,10.313000000009197,0
320000,nan,3.2006095763411153,9.995806976803578e-06,3.200613021850586,0.34469547867774963,3.2006095763411153,0.0,320195.2162310155,99.99962449057713,0.0063538152164459285,24,sleep,10.360000000000582,0
320000,nan,3.2006095763411153,9.995806976803578e-06,3.200613021850586,0.34469547867774963,3.2006095763411153,0.0,320195.2162310155,99.99962449057713,0.0063538152164459285,24,sleep,10.40700000000652,0
320000,nan,3.2006095763411153,9.995806976803578e-06,3.200613021850586,0.34469547867774963,3.2006095763411153,0.0,320195.2162310155,99.99962449057713,0.0063538152164459285,24,sleep,10.453000000008615,0
320000,nan,3.2006095763411153,9.995806976803578e-06,3.200613021850586,0.34469547867774963,3.2006095763411153,0.0,320195.2162310155,99.99962449057713,0.0063538152164459285,24,sleep,10.5,0
320000,nan,3.2006095763411153,9.995806976803578e-06,3.200613021850586,0.34469547867774963,3.2006095763411153,0.0,320195.2162310155,99.99962449057713,0.0063538152164459285,24,sleep,10.563000000009197,0
320000,nan,3.2006095763411153,9.995806976803578e-06,3.200613021850586,0.34469547867774963,3.2006095763411153,0.0,320195.2162310155,99.99962449057713,0.0063538152164459285,24,sleep,10.610000000000582,0
320000,nan,3.2006095763411153,9.995806976803578e-06,3.200613021850586,0.34469547867774963,3.2006095763411153,0.0,320195.2162310155,99.99962449057713,0.0063538152164459285,24,sleep,10.65700000000652,0
320000,nan,3.2006095763411153,9.995806976803578e-06,3.200613021850586,0.34469547867774963,3.2006095763411153,0.0,320195.2162310155,99.99962449057713,0.0063538152164459285,24,sleep,10.703000000008615,0
320000,nan,3.2006095763411153,9.995806976803578e-06,3.200613021850586,0.34469547867774963,3.2006095763411153,0.0,320195.2162310155,99.99962449057713,0.0063538152164459285,24,sleep,10.75,0
320000,nan,3.200609577036142,9.993790627049748e-06,3.200613021850586,0.34469547867774963,3.200609577036142,0.0,320259.81896931026,99.99962440608402,0.006355244883716186,25,sleep,10.813000000009197,0
320000,nan,3.200609577036142,9.993790627049748e-06,3.200613021850586,0.34469547867774963,3.200609577036142,0.0,320259.81896931026,99.99962440608402,0.006355244883716186,25,sleep,10.860000000000582,0
320000,nan,3.200609577036142,9.993790627049748e-06,3.200613021850586,0.34469547867774963,3.200609577036142,0.0,320259.81896931026,99.99962440608402,0.006355244883716186,25,sleep,10.90700000000652,0
320000,nan,3.200609577036142,9.993790627049748e-06,3.200613021850586,0.34469547867774963,3.200609577036142,0.0,320259.81896931026,99.99962440608402,0.006355244883716186,25,sleep,10.953000000008615,0
320000,nan,3.200609577036142,9.993790627049748e-06,3.200613021850586,0.34469547867774963,3.200609577036142,0.0,320259.81896931026,99.99962440608402,0.006355244883716186,25,sleep,11.0,0
320000,nan,3.200609577036142,9.993790627049748e-06,3.200613021850586,0.34469547867774963,3.200609577036142,0.0,320259.81896931026,99.99962440608402,0.006355244883716186,25,sleep,11.063000000009197,0
320000,nan,3.200609577036142,9.993790627049748e-06,3.200613021850586,0.34469547867774963,3.200609577036142,0.0,320259.81896931026,99.99962440608402,0.006355244883716186,25,sleep,11.110000000000582,0
320000,nan,3.200609577036142,9.993790627049748e-06,3.200613021850586,0.34469547867774963,3.200609577036142,0.0,320259.81896931026,99.99962440608402,0.006355244883716186,25,sleep,11.15700000000652,0
320000,nan,3.200609577036142,9.993790627049748e-06,3.200613021850586,0.34469547867774963,3.200609577036142,0.0,320259.81896931026,99.99962440608402,0.006355244883716186,25,sleep,11.203000000008615,0
320000,nan,3.200609577036142,9.993790627049748e-06,3.200613021850586,0.34469547867774963,3.200609577036142,0.0,320259.81896931026,99.99962440608402,0.006355244883716186,25,sleep,11.25,0
320000,nan,3.200609578717749,9.988912097469438e-06,3.200613021850586,0.34469547867774963,3.200609578717749,0.0,320416.23226703354,99.99962432409195,0.006356632232618612,26,sleep,11.313000000009197,0
320000,nan,3.200609578717749,9.988912097469438e-06,3.200613021850586,0.34469547867774963,3.200609578717749,0.0,320416.23226703354,99.99962432409195,0.006356632232618612,26,sleep,11.360000000000582,0
320000,nan,3.200609578717749,9.988912097469438e-06,3.200613021850586,0.34469547867774963,3.200609578717749,0.0,320416.23226703354,99.99962432409195,0.006356632232618612,26,sleep,11.40700000000652,0
320000,nan,3.200609578717749,9.988912097469438e-06,3.200613021850586,0.34469547867774963,3.200609578717749,0.0,320416.23226703354,99.99962432409195,0.006356632232618612,26,sleep,11.453000000008615,0
320000,nan,3.200609578717749,9.988912097469438e-06,3.200613021850586,0.34469547867774963,3.200609578717749,0.0,320416.23226703354,99.99962432409195,0.006356632232618612,26,sleep,11.5,0
320000,nan,3.200609578717749,9.988912097469438e-06,3.200613021850586,0.34469547867774963,3.200609578717749,0.0,320416.23226703354,99.99962432409195,0.006356632232618612,26,sleep,11.563000000009197,0
320000,nan,3.200609578717749,9.988912097469438e-06,3.200613021850586,0.34469547867774963,3.200609578717749,0.0,320416.23226703354,99.99962432409195,0.006356632232618612,26,sleep,11.610000000000582,0
320000,nan,3.200609578717749,9.988912097469438e-06,3.200613021850586,0.34469547867774963,3.200609578717749,0.0,320416.23226703354,99.99962432409195,0.006356632232618612,26,sleep,11.65700000000652,0
320000,nan,3.200609578717749,9.988912097469438e-06,3.200613021850586,0.34469547867774963,3.200609578717749,0.0,320416.23226703354,99.99962432409195,0.006356632232618612,26,sleep,11.703000000008615,0
320000,nan,3.200609578717749,9.988912097469438e-06,3.200613021850586,0.34469547867774963,3.200609578717749,0.0,320416.23226703354,99.99962432409195,0.006356632232618612,26,sleep,11.75,0
320000,nan,3.200609578717749,9.988912097469438e-06,3.200613021850586,0.34469547867774963,3.200609578717749,0.0,320416.23226703354,99.99962432409195,0.006356632232618612,26,sleep,11.813000000009197,0
320000,nan,3.2006095812113178,9.981677976611536e-06,3.200613021850586,0.34469547867774963,3.2006095812113178,0.0,320648.45096293354,99.99962424215923,0.00635801857678203,27,sleep,11.860000000000582,0
320000,nan,3.2006095812113178,9.981677976611536e-06,3.200613021850586,0.34469547867774963,3.2006095812113178,0.0,320648.45096293354,99.99962424215923,0.00635801857678203,27,sleep,11.90700000000652,0
320000,nan,3.2006095812113178,9.981677976611536e-06,3.200613021850586,0.34469547867774963,3.2006095812113178,0.0,320648.45096293354,99.99962424215923,0.00635801857678203,27,sleep,11.953000000008615,0
320000,nan,3.2006095812113178,9.981677976611536e-06,3.200613021850586,0.34469547867774963,3.2006095812113178,0.0,320648.45096293354,99.99962424215923,0.00635801857678203,27,sleep,12.0,0
320000,nan,3.2006095812113178,9.981677976611536e-06,3.200613021850586,0.34469547867774963,3.2006095812113178,0.0,320648.45096293354,99.99962424215923,0.00635801857678203,27,sleep,12.063000000009197,0
320000,nan,3.2006095812113178,9.981677976611536e-06,3.200613021850586,0.34469547867774963,3.2006095812113178,0.0,320648.45096293354,99.99962424215923,0.00635801857678203,27,sleep,12.110000000000582,0
320000,nan,3.2006095812113178,9.981677976611536e-06,3.200613021850586,0.34469547867774963,3.2006095812113178,0.0,320648.45096293354,99.99962424215923,0.00635801857678203,27,sleep,12.15700000000652,0
320000,nan,3.2006095812113178,9.981677976611536e-06,3.200613021850586,0.34469547867774963,3.2006095812113178,0.0,320648.45096293354,99.99962424215923,0.00635801857678203,27,sleep,12.203000000008615,0
320000,nan,3.2006095812113178,9.981677976611536e-06,3.200613021850586,0.34469547867774963,3.2006095812113178,0.0,320648.45096293354,99.99962424215923,0.00635801857678203,27,sleep,12.25,0
320000,nan,3.2006095812113178,9.981677976611536e-06,3.200613021850586,0.34469547867774963,3.2006095812113178,0.0,320648.45096293354,99.99962424215923,0.00635801857678203,27,sleep,12.313000000009197,0
320000,nan,3.2006095783754085,9.989905265683774e-06,3.200613021850586,0.34469547867774963,3.2006095783754085,0.0,320384.3773543871,99.99962415753498,0.006359450463203454,28,sleep,12.360000000000582,0
320000,nan,3.2006095783754085,9.989905265683774e-06,3.200613021850586,0.34469547867774963,3.2006095783754085,0.0,320384.3773543871,99.99962415753498,0.006359450463203454,28,sleep,12.40700000000652,0
320000,nan,3.2006095783754085,9.989905265683774e-06,3.200613021850586,0.34469547867774963,3.2006095783754085,0.0,320384.3773543871,99.99962415753498,0.006359450463203454,28,sleep,12.453000000008615,0
320000,nan,3.2006095783754085,9.989905265683774e-06,3.200613021850586,0.34469547867774963,3.2006095783754085,0.0,320384.3773543871,99.99962415753498,0.006359450463203454,28,sleep,12.5,0
320000,nan,3.2006095783754085,9.989905265683774e-06,3.200613021850586,0.34469547867774963,3.2006095783754085,0.0,320384.3773543871,99.99962415753498,0.006359450463203454,28,sleep,12.563000000009197,0
320000,nan,3.2006095783754085,9.989905265683774e-06,3.200613021850586,0.34469547867774963,3.2006095783754085,0.0,320384.3773543871,99.99962415753498,0.006359450463203454,28,sleep,12.610000000000582,0
320000,nan,3.2006095783754085,9.989905265683774e-06,3.200613021850586,0.34469547867774963,3.2006095783754085,0.0,320384.3773543871,99.99962415753498,0.006359450463203454,28,sleep,12.65700000000652,0
320000,nan,3.2006095783754085,9.989905265683774e-06,3.200613021850586,0.34469547867774963,3.2006095783754085,0.0,320384.3773543871,99.99962415753498,0.006359450463203454,28,sleep,12.703000000008615,0
320000,nan,3.2006095783754085,9.989905265683774e-06,3.200613021850586,0.34469547867774963,3.2006095783754085,0.0,320384.3773543871,99.99962415753498,0.006359450463203454,28,sleep,12.75,0
320000,nan,3.2006095783754085,9.989905265683774e-06,3.200613021850586,0.34469547867774963,3.2006095783754085,0.0,320384.3773543871,99.99962415753498,0.006359450463203454,28,sleep,12.813000000009197,0
320000,nan,3.200609576122293,9.996441804105416e-06,3.200613021850586,0.34469547867774963,3.200609576122293,0.0,320174.8821073356,99.99962407301948,0.006360880509739318,29,sleep,12.860000000000582,0
320000,nan,3.200609576122293,9.996441804105416e-06,3.200613021850586,0.34469547867774963,3.200609576122293,0.0,320174.8821073356,99.99962407301948,0.006360880509739318,29,sleep,12.90700000000652,0
320000,nan,3.200609576122293,9.996441804105416e-06,3.200613021850586,0.34469547867774963,3.200609576122293,0.0,320174.8821073356,99.99962407301948,0.006360880509739318,29,sleep,12.953000000008615,0
320000,nan,3.200609576122293,9.996441804105416e-06,3.200613021850586,0.34469547867774963,3.200609576122293,0.0,320174.8821073356,99.99962407301948,0.006360880509739318,29,sleep,13.0,0
320000,nan,3.200609576122293,9.996441804105416e-06,3.200613021850586,0.34469547867774963,3.200609576122293,0.0,320174.8821073356,99.99962407301948,0.006360880509739318,29,sleep,13.063000000009197,0
320000,nan,3.200609576122293,9.996441804105416e-06,3.200613021850586,0.34469547867774963,3.200609576122293,0.0,320174.8821073356,99.99962407301948,0.006360880509739318,29,sleep,13.110000000000582,0
320000,nan,3.200609576122293,9.996441804105416e-06,3.200613021850586,0.34469547867774963,3.200609576122293,0.0,320174.8821073356,99.99962407301948,0.006360880509739318,29,sleep,13.15700000000652,0
320000,nan,3.200609576122293,9.996441804105416e-06,3.200613021850586,0.34469547867774963,3.200609576122293,0.0,320174.8821073356,99.99962407301948,0.006360880509739318,29,sleep,13.203000000008615,0
320000,nan,3.200609576122293,9.996441804105416e-06,3.200613021850586,0.34469547867774963,3.200609576122293,0.0,320174.8821073356,99.99962407301948,0.006360880509739318,29,sleep,13.25,0
320000,nan,3.200609576122293,9.996441804105416e-06,3.200613021850586,0.34469547867774963,3.200609576122293,0.0,320174.8821073356,99.99962407301948,0.006360880509739318,29,sleep,13.313000000009197,0
320000,nan,3.200609576562132,9.995165783038829e-06,3.200613021850586,0.34469547867774963,3.200609576562132,0.0,320215.75690053747,99.99962398835066,0.006362313150168229,30,sleep,13.360000000000582,0
320000,nan,3.200609576562132,9.995165783038829e-06,3.200613021850586,0.34469547867774963,3.200609576562132,0.0,320215.75690053747,99.99962398835066,0.006362313150168229,30,sleep,13.40700000000652,0
320000,nan,3.200609576562132,9.995165783038829e-06,3.200613021850586,0.34469547867774963,3.200609576562132,0.0,320215.75690053747,99.99962398835066,0.006362313150168229,30,sleep,13.453000000008615,0
320000,nan,3.200609576562132,9.995165783038829e-06,3.200613021850586,0.34469547867774963,3.200609576562132,0.0,320215.75690053747,99.99962398835066,0.006362313150168229,30,sleep,13.5,0
320000,nan,3.200609576562132,9.995165783038829e-06,3.200613021850586,0.34469547867774963,3.200609576562132,0.0,320215.75690053747,99.99962398835066,0.006362313150168229,30,sleep,13.563000000009197,0
320000,nan,3.200609576562132,9.995165783038829e-06,3.200613021850586,0.34469547867774963,3.200609576562132,0.0,320215.75690053747,99.99962398835066,0.006362313150168229,30,sleep,13.610000000000582,0
320000,nan,3.200609576562132,9.995165783038829e-06,3.200613021850586,0.34469547867774963,3.200609576562132,0.0,320215.75690053747,99.99962398835066,0.006362313150168229,30,sleep,13.65700000000652,0
320000,nan,3.200609576562132,9.995165783038829e-06,3.200613021850586,0.34469547867774963,3.200609576562132,0.0,320215.75690053747,99.99962398835066,0.006362313150168229,30,sleep,13.703000000008615,0
320000,nan,3.200609576562132,9.995165783038829e-06,3.200613021850586,0.34469547867774963,3.200609576562132,0.0,320215.75690053747,99.99962398835066,0.006362313150168229,30,sleep,13.75,0
320000,nan,3.200609576562132,9.995165783038829e-06,3.200613021850586,0.34469547867774963,3.200609576562132,0.0,320215.75690053747,99.99962398835066,0.006362313150168229,30,sleep,13.813000000009197,0
320000,nan,3.200609576562132,9.995165783038829e-06,3.200613021850586,0.34469547867774963,3.200609576562132,0.0,320215.75690053747,99.99962398835066,0.006362313150168229,30,sleep,13.860000000000582,0
320000,nan,3.200609577215463,9.993270396080334e-06,3.200613021850586,0.34469547867774963,3.200609577215463,0.0,320276.49111454445,99.9996239063228,0.006363701104389907,31,sleep,13.90700000000652,0
320000,nan,3.200609577215463,9.993270396080334e-06,3.200613021850586,0.34469547867774963,3.200609577215463,0.0,320276.49111454445,99.9996239063228,0.006363701104389907,31,sleep,13.953000000008615,0
320000,nan,3.200609577215463,9.993270396080334e-06,3.200613021850586,0.34469547867774963,3.200609577215463,0.0,320276.49111454445,99.9996239063228,0.006363701104389907,31,sleep,14.0,0
320000,nan,3.200609577215463,9.993270396080334e-06,3.200613021850586,0.34469547867774963,3.200609577215463,0.0,320276.49111454445,99.9996239063228,0.006363701104389907,31,sleep,14.063000000009197,0
320000,nan,3.200609577215463,9.993270396080334e-06,3.200613021850586,0.34469547867774963,3.200609577215463,0.0,320276.49111454445,99.9996239063228,0.006363701104389907,31,sleep,14.110000000000582,0
320000,nan,3.200609577215463,9.993270396080334e-06,3.200613021850586,0.34469547867774963,3.200609577215463,0.0,320276.49111454445,99.9996239063228,0.006363701104389907,31,sleep,14.15700000000652,0
320000,nan,3.200609577215463,9.993270396080334e-06,3.200613021850586,0.34469547867774963,3.200609577215463,0.0,320276.49111454445,99.9996239063228,0.006363701104389907,31,sleep,14.203000000008615,0
320000,nan,3.200609577215463,9.993270396080334e-06,3.200613021850586,0.34469547867774963,3.200609577215463,0.0,320276.49111454445,99.9996239063228,0.006363701104389907,31,sleep,14.25,0
320000,nan,3.200609574383629,1.0001485861721449e-05,3.200613021850586,0.34469547867774963,3.200609574383629,0.0,320013.40787105233,99.99962382160045,0.006365134650696722,32,sleep,14.65700000000652,1
320000,nan,3.200609574383629,1.0001485861721449e-05,3.200613021850586,0.34469547867774963,3.200609574383629,0.0,320013.40787105233,99.99962382160045,0.006365134650696722,32,sleep,14.719000000011874,1
320000,nan,3.200609574383629,1.0001485861721449e-05,3.200613021850586,0.34469547867774963,3.200609574383629,0.0,320013.40787105233,99.99962382160045,0.006365134650696722,32,sleep,14.76600000000326,1
320000,nan,3.200609574383629,1.0001485861721449e-05,3.200613021850586,0.34469547867774963,3.200609574383629,0.0,320013.40787105233,99.99962382160045,0.006365134650696722,32,sleep,14.813000000009197,1
320000,nan,3.200609574383629,1.0001485861721449e-05,3.200613021850586,0.34469547867774963,3.200609574383629,0.0,320013.40787105233,99.99962382160045,0.006365134650696722,32,sleep,14.860000000000582,1
320000,nan,3.2006095777286605,9.991781553253531e-06,3.200613021850586,0.34469547867774963,3.2006095777286605,0.0,320324.214522732,99.99962373712434,0.0063665640305578105,33,sleep,14.922000000005937,1
320000,nan,3.2006095777286605,9.991781553253531e-06,3.200613021850586,0.34469547867774963,3.2006095777286605,0.0,320324.214522732,99.99962373712434,0.0063665640305578105,33,sleep,14.969000000011874,1
320000,nan,3.2006095777286605,9.991781553253531e-06,3.200613021850586,0.34469547867774963,3.2006095777286605,0.0,320324.214522732,99.99962373712434,0.0063665640305578105,33,sleep,15.01600000000326,1
320000,nan,3.2006095777286605,9.991781553253531e-06,3.200613021850586,0.34469547867774963,3.2006095777286605,0.0,320324.214522732,99.99962373712434,0.0063665640305578105,33,sleep,15.063000000009197,1
320000,nan,3.2006095777286605,9.991781553253531e-06,3.200613021850586,0.34469547867774963,3.2006095777286605,0.0,320324.214522732,99.99962373712434,0.0063665640305578105,33,sleep,15.110000000000582,1
320000,nan,3.2006095777286605,9.991781553253531e-06,3.200613021850586,0.34469547867774963,3.2006095777286605,0.0,320324.214522732,99.99962373712434,0.0063665640305578105,33,sleep,15.172000000005937,1
320000,nan,3.2006095777286605,9.991781553253531e-06,3.200613021850586,0.34469547867774963,3.2006095777286605,0.0,320324.214522732,99.99962373712434,0.0063665640305578105,33,sleep,15.219000000011874,1
320000,nan,3.2006095777286605,9.991781553253531e-06,3.200613021850586,0.34469547867774963,3.2006095777286605,0.0,320324.214522732,99.99962373712434,0.0063665640305578105,33,sleep,15.26600000000326,1
320000,nan,3.2006095777286605,9.991781553253531e-06,3.200613021850586,0.34469547867774963,3.2006095777286605,0.0,320324.214522732,99.99962373712434,0.0063665640305578105,33,sleep,15.313000000009197,1
320000,nan,3.2006095777286605,9.991781553253531e-06,3.200613021850586,0.34469547867774963,3.2006095777286605,0.0,320324.214522732,99.99962373712434,0.0063665640305578105,33,sleep,15.360000000000582,1
320000,nan,3.200609575266755,9.998923815146554e-06,3.200613021850586,0.34469547867774963,3.200609575266755,0.0,320095.40570940374,99.9996236524237,0.00636799720963799,34,sleep,15.422000000005937,1
320000,nan,3.200609575266755,9.998923815146554e-06,3.200613021850586,0.34469547867774963,3.200609575266755,0.0,320095.40570940374,99.9996236524237,0.00636799720963799,34,sleep,15.469000000011874,1
320000,nan,3.200609575266755,9.998923815146554e-06,3.200613021850586,0.34469547867774963,3.200609575266755,0.0,320095.40570940374,99.9996236524237,0.00636799720963799,34,sleep,15.51600000000326,1
320000,nan,3.200609575266755,9.998923815146554e-06,3.200613021850586,0.34469547867774963,3.200609575266755,0.0,320095.40570940374,99.9996236524237,0.00636799720963799,34,sleep,15.563000000009197,1
320000,nan,3.200609575266755,9.998923815146554e-06,3.200613021850586,0.34469547867774963,3.200609575266755,0.0,320095.40570940374,99.9996236524237,0.00636799720963799,34,sleep,15.610000000000582,1
320000,nan,3.200609575266755,9.998923815146554e-06,3.200613021850586,0.34469547867774963,3.200609575266755,0.0,320095.40570940374,99.9996236524237,0.00636799720963799,34,sleep,15.672000000005937,1
320000,nan,3.200609575266755,9.998923815146554e-06,3.200613021850586,0.34469547867774963,3.200609575266755,0.0,320095.40570940374,99.9996236524237,0.00636799720963799,34,sleep,15.719000000011874,1
320000,nan,3.200609575266755,9.998923815146554e-06,3.200613021850586,0.34469547867774963,3.200609575266755,0.0,320095.40570940374,99.9996236524237,0.00636799720963799,34,sleep,15.76600000000326,1
320000,nan,3.200609575266755,9.998923815146554e-06,3.200613021850586,0.34469547867774963,3.200609575266755,0.0,320095.40570940374,99.9996236524237,0.00636799720963799,34,sleep,15.813000000009197,1
320000,nan,3.200609575266755,9.998923815146554e-06,3.200613021850586,0.34469547867774963,3.200609575266755,0.0,320095.40570940374,99.9996236524237,0.00636799720963799,34,sleep,15.860000000000582,1
320000,nan,3.2006095752303896,9.99902931653196e-06,3.200613021850586,0.34469547867774963,3.2006095752303896,0.0,320092.0283270538,99.99962356772215,0.006369430403840036,35,sleep,15.922000000005937,1
320000,nan,3.2006095752303896,9.99902931653196e-06,3.200613021850586,0.34469547867774963,3.2006095752303896,0.0,320092.0283270538,99.99962356772215,0.006369430403840036,35,sleep,15.969000000011874,1
320000,nan,3.2006095752303896,9.99902931653196e-06,3.200613021850586,0.34469547867774963,3.2006095752303896,0.0,320092.0283270538,99.99962356772215,0.006369430403840036,35,sleep,16.01600000000326,1
320000,nan,3.2006095752303896,9.99902931653196e-06,3.200613021850586,0.34469547867774963,3.2006095752303896,0.0,320092.0283270538,99.99962356772215,0.006369430403840036,35,sleep,16.063000000009197,1
320000,nan,3.2006095752303896,9.99902931653196e-06,3.200613021850586,0.34469547867774963,3.2006095752303896,0.0,320092.0283270538,99.99962356772215,0.006369430403840036,35,sleep,16.110000000000582,1
320000,nan,3.2006095752303896,9.99902931653196e-06,3.200613021850586,0.34469547867774963,3.2006095752303896,0.0,320092.0283270538,99.99962356772215,0.006369430403840036,35,sleep,16.172000000005937,1
320000,nan,3.2006095752303896,9.99902931653196e-06,3.200613021850586,0.34469547867774963,3.2006095752303896,0.0,320092.0283270538,99.99962356772215,0.006369430403840036,35,sleep,16.219000000011874,1
320000,nan,3.2006095752303896,9.99902931653196e-06,3.200613021850586,0.34469547867774963,3.2006095752303896,0.0,320092.0283270538,99.99962356772215,0.006369430403840036,35,sleep,16.26600000000326,1
320000,nan,3.2006095752303896,9.99902931653196e-06,3.200613021850586,0.34469547867774963,3.2006095752303896,0.0,320092.0283270538,99.99962356772215,0.006369430403840036,35,sleep,16.313000000009197,1
320000,nan,3.2006095752303896,9.99902931653196e-06,3.200613021850586,0.34469547867774963,3.2006095752303896,0.0,320092.0283270538,99.99962356772215,0.006369430403840036,35,sleep,16.360000000000582,1
320000,nan,3.2006095752303896,9.99902931653196e-06,3.200613021850586,0.34469547867774963,3.2006095752303896,0.0,320092.0283270538,99.99962356772215,0.006369430403840036,35,sleep,16.422000000005937,1
320000,nan,3.200609577243051,9.993190360546578e-06,3.200613021850586,0.34469547867774963,3.200609577243051,0.0,320279.05621403514,99.99962348569494,0.006370818346945667,36,sleep,16.469000000011874,1
320000,nan,3.200609577243051,9.993190360546578e-06,3.200613021850586,0.34469547867774963,3.200609577243051,0.0,320279.05621403514,99.99962348569494,0.006370818346945667,36,sleep,16.51600000000326,1
320000,nan,3.200609577243051,9.993190360546578e-06,3.200613021850586,0.34469547867774963,3.200609577243051,0.0,320279.05621403514,99.99962348569494,0.006370818346945667,36,sleep,16.563000000009197,1
320000,nan,3.200609577243051,9.993190360546578e-06,3.200613021850586,0.34469547867774963,3.200609577243051,0.0,320279.05621403514,99.99962348569494,0.006370818346945667,36,sleep,16.610000000000582,1
320000,nan,3.200609577243051,9.993190360546578e-06,3.200613021850586,0.34469547867774963,3.200609577243051,0.0,320279.05621403514,99.99962348569494,0.006370818346945667,36,sleep,16.672000000005937,1
320000,nan,3.200609577243051,9.993190360546578e-06,3.200613021850586,0.34469547867774963,3.200609577243051,0.0,320279.05621403514,99.99962348569494,0.006370818346945667,36,sleep,16.719000000011874,1
320000,nan,3.200609577243051,9.993190360546578e-06,3.200613021850586,0.34469547867774963,3.200609577243051,0.0,320279.05621403514,99.99962348569494,0.006370818346945667,36,sleep,16.76600000000326,1
320000,nan,3.200609577243051,9.993190360546578e-06,3.200613021850586,0.34469547867774963,3.200609577243051,0.0,320279.05621403514,99.99962348569494,0.006370818346945667,36,sleep,16.813000000009197,1
320000,nan,3.200609577243051,9.993190360546578e-06,3.200613021850586,0.34469547867774963,3.200609577243051,0.0,320279.05621403514,99.99962348569494,0.006370818346945667,36,sleep,16.860000000000582,1
320000,nan,3.200609577243051,9.993190360546578e-06,3.200613021850586,0.34469547867774963,3.200609577243051,0.0,320279.05621403514,99.99962348569494,0.006370818346945667,36,sleep,16.922000000005937,1
320000,nan,3.2006095740165224,1.0002550880017225e-05,3.200613021850586,0.34469547867774963,3.2006095740165224,0.0,319979.33451261895,99.99962339850046,0.006372293723200477,37,sleep,16.969000000011874,1
320000,nan,3.2006095740165224,1.0002550880017225e-05,3.200613021850586,0.34469547867774963,3.2006095740165224,0.0,319979.33451261895,99.99962339850046,0.006372293723200477,37,sleep,17.01600000000326,1
320000,nan,3.2006095740165224,1.0002550880017225e-05,3.200613021850586,0.34469547867774963,3.2006095740165224,0.0,319979.33451261895,99.99962339850046,0.006372293723200477,37,sleep,17.063000000009197,1
320000,nan,3.2006095740165224,1.0002550880017225e-05,3.200613021850586,0.34469547867774963,3.2006095740165224,0.0,319979.33451261895,99.99962339850046,0.006372293723200477,37,sleep,17.110000000000582,1
320000,nan,3.2006095740165224,1.0002550880017225e-05,3.200613021850586,0.34469547867774963,3.2006095740165224,0.0,319979.33451261895,99.99962339850046,0.006372293723200477,37,sleep,17.172000000005937,1
320000,nan,3.2006095740165224,1.0002550880017225e-05,3.200613021850586,0.34469547867774963,3.2006095740165224,0.0,319979.33451261895,99.99962339850046,0.006372293723200477,37,sleep,17.219000000011874,1
320000,nan,3.2006095740165224,1.0002550880017225e-05,3.200613021850586,0.34469547867774963,3.2006095740165224,0.0,319979.33451261895,99.99962339850046,0.006372293723200477,37,sleep,17.26600000000326,1
320000,nan,3.2006095740165224,1.0002550880017225e-05,3.200613021850586,0.34469547867774963,3.2006095740165224,0.0,319979.33451261895,99.99962339850046,0.006372293723200477,37,sleep,17.313000000009197,1
320000,nan,3.2006095740165224,1.0002550880017225e-05,3.200613021850586,0.34469547867774963,3.2006095740165224,0.0,319979.33451261895,99.99962339850046,0.006372293723200477,37,sleep,17.360000000000582,1
320000,nan,3.2006095740165224,1.0002550880017225e-05,3.200613021850586,0.34469547867774963,3.2006095740165224,0.0,319979.33451261895,99.99962339850046,0.006372293723200477,37,sleep,17.422000000005937,1
320000,nan,3.2006095764191764,9.995580512622837e-06,3.200613021850586,0.34469547867774963,3.2006095764191764,0.0,320202.4707196658,99.99962331645364,0.0063736819982716745,38,sleep,17.469000000011874,1
320000,nan,3.2006095764191764,9.995580512622837e-06,3.200613021850586,0.34469547867774963,3.2006095764191764,0.0,320202.4707196658,99.99962331645364,0.0063736819982716745,38,sleep,17.51600000000326,1
320000,nan,3.2006095764191764,9.995580512622837e-06,3.200613021850586,0.34469547867774963,3.2006095764191764,0.0,320202.4707196658,99.99962331645364,0.0063736819982716745,38,sleep,17.563000000009197,1
320000,nan,3.2006095764191764,9.995580512622837e-06,3.200613021850586,0.34469547867774963,3.2006095764191764,0.0,320202.4707196658,99.99962331645364,0.0063736819982716745,38,sleep,17.610000000000582,1
320000,nan,3.2006095764191764,9.995580512622837e-06,3.200613021850586,0.34469547867774963,3.2006095764191764,0.0,320202.4707196658,99.99962331645364,0.0063736819982716745,38,sleep,17.672000000005937,1
320000,nan,3.2006095764191764,9.995580512622837e-06,3.200613021850586,0.34469547867774963,3.2006095764191764,0.0,320202.4707196658,99.99962331645364,0.0063736819982716745,38,sleep,17.719000000011874,1
320000,nan,3.2006095764191764,9.995580512622837e-06,3.200613021850586,0.34469547867774963,3.2006095764191764,0.0,320202.4707196658,99.99962331645364,0.0063736819982716745,38,sleep,17.76600000000326,1
320000,nan,3.2006095764191764,9.995580512622837e-06,3.200613021850586,0.34469547867774963,3.2006095764191764,0.0,320202.4707196658,99.99962331645364,0.0063736819982716745,38,sleep,17.813000000009197,1
320000,nan,3.2006095764191764,9.995580512622837e-06,3.200613021850586,0.34469547867774963,3.2006095764191764,0.0,320202.4707196658,99.99962331645364,0.0063736819982716745,38,sleep,17.860000000000582,1
320000,nan,3.2006095764191764,9.995580512622837e-06,3.200613021850586,0.34469547867774963,3.2006095764191764,0.0,320202.4707196658,99.99962331645364,0.0063736819982716745,38,sleep,17.922000000005937,1
320000,nan,3.2006095799482313,9.985342330764979e-06,3.200613021850586,0.34469547867774963,3.2006095799482313,0.0,320530.7814121814,99.99962323203196,0.006375110456966213,39,sleep,17.969000000011874,1
320000,nan,3.2006095799482313,9.985342330764979e-06,3.200613021850586,0.34469547867774963,3.2006095799482313,0.0,320530.7814121814,99.99962323203196,0.006375110456966213,39,sleep,18.01600000000326,1
320000,nan,3.2006095799482313,9.985342330764979e-06,3.200613021850586,0.34469547867774963,3.2006095799482313,0.0,320530.7814121814,99.99962323203196,0.006375110456966213,39,sleep,18.063000000009197,1
320000,nan,3.2006095799482313,9.985342330764979e-06,3.200613021850586,0.34469547867774963,3.2006095799482313,0.0,320530.7814121814,99.99962323203196,0.006375110456966213,39,sleep,18.110000000000582,1
320000,nan,3.2006095799482313,9.985342330764979e-06,3.200613021850586,0.34469547867774963,3.2006095799482313,0.0,320530.7814121814,99.99962323203196,0.006375110456966213,39,sleep,18.172000000005937,1
320000,nan,3.2006095799482313,9.985342330764979e-06,3.200613021850586,0.34469547867774963,3.2006095799482313,0.0,320530.7814121814,99.99962323203196,0.006375110456966213,39,sleep,18.219000000011874,1
320000,nan,3.2006095799482313,9.985342330764979e-06,3.200613021850586,0.34469547867774963,3.2006095799482313,0.0,320530.7814121814,99.99962323203196,0.006375110456966213,39,sleep,18.26600000000326,1
320000,nan,3.2006095799482313,9.985342330764979e-06,3.200613021850586,0.34469547867774963,3.2006095799482313,0.0,320530.7814121814,99.99962323203196,0.006375110456966213,39,sleep,18.313000000009197,1
320000,nan,3.2006095799482313,9.985342330764979e-06,3.200613021850586,0.34469547867774963,3.2006095799482313,0.0,320530.7814121814,99.99962323203196,0.006375110456966213,39,sleep,18.360000000000582,1
320000,nan,3.2006095799482313,9.985342330764979e-06,3.200613021850586,0.34469547867774963,3.2006095799482313,0.0,320530.7814121814,99.99962323203196,0.006375110456966213,39,sleep,18.422000000005937,1
320000,nan,3.2006095799482313,9.985342330764979e-06,3.200613021850586,0.34469547867774963,3.2006095799482313,0.0,320530.7814121814,99.99962323203196,0.006375110456966213,39,sleep,18.469000000011874,1
320000,nan,3.2006095757937465,9.997394954552874e-06,3.200613021850586,0.34469547867774963,3.2006095757937465,0.0,320144.35663924325,99.99962314997023,0.0063764989840432345,40,sleep,18.51600000000326,1
320000,nan,3.2006095757937465,9.997394954552874e-06,3.200613021850586,0.34469547867774963,3.2006095757937465,0.0,320144.35663924325,99.99962314997023,0.0063764989840432345,40,sleep,18.563000000009197,1
320000,nan,3.2006095757937465,9.997394954552874e-06,3.200613021850586,0.34469547867774963,3.2006095757937465,0.0,320144.35663924325,99.99962314997023,0.0063764989840432345,40,sleep,18.610000000000582,1
320000,nan,3.2006095757937465,9.997394954552874e-06,3.200613021850586,0.34469547867774963,3.2006095757937465,0.0,320144.35663924325,99.99962314997023,0.0063764989840432345,40,sleep,18.672000000005937,1
320000,nan,3.2006095757937465,9.997394954552874e-06,3.200613021850586,0.34469547867774963,3.2006095757937465,0.0,320144.35663924325,99.99962314997023,0.0063764989840432345,40,sleep,18.719000000011874,1
320000,nan,3.2006095757937465,9.997394954552874e-06,3.200613021850586,0.34469547867774963,3.2006095757937465,0.0,320144.35663924325,99.99962314997023,0.0063764989840432345,40,sleep,18.76600000000326,1
320000,nan,3.2006095757937465,9.997394954552874e-06,3.200613021850586,0.34469547867774963,3.2006095757937465,0.0,320144.35663924325,99.99962314997023,0.0063764989840432345,40,sleep,18.813000000009197,1
320000,nan,3.2006095757937465,9.997394954552874e-06,3.200613021850586,0.34469547867774963,3.2006095757937465,0.0,320144.35663924325,99.99962314997023,0.0063764989840432345,40,sleep,18.860000000000582,1
320000,nan,3.2006095757937465,9.997394954552874e-06,3.200613021850586,0.34469547867774963,3.2006095757937465,0.0,320144.35663924325,99.99962314997023,0.0063764989840432345,40,sleep,18.922000000005937,1
320000,nan,3.2006095757937465,9.997394954552874e-06,3.200613021850586,0.34469547867774963,3.2006095757937465,0.0,320144.35663924325,99.99962314997023,0.0063764989840432345,40,sleep,18.969000000011874,1
320000,nan,3.2006095757993895,9.997378583648242e-06,3.200613021850586,0.34469547867774963,3.2006095757993895,0.0,320144.88088250667,99.99962306528268,0.006377931941640233,41,sleep,19.01600000000326,1
320000,nan,3.2006095757993895,9.997378583648242e-06,3.200613021850586,0.34469547867774963,3.2006095757993895,0.0,320144.88088250667,99.99962306528268,0.006377931941640233,41,sleep,19.063000000009197,1
320000,nan,3.2006095757993895,9.997378583648242e-06,3.200613021850586,0.34469547867774963,3.2006095757993895,0.0,320144.88088250667,99.99962306528268,0.006377931941640233,41,sleep,19.110000000000582,1
320000,nan,3.2006095757993895,9.997378583648242e-06,3.200613021850586,0.34469547867774963,3.2006095757993895,0.0,320144.88088250667,99.99962306528268,0.006377931941640233,41,sleep,19.172000000005937,1
320000,nan,3.2006095757993895,9.997378583648242e-06,3.200613021850586,0.34469547867774963,3.2006095757993895,0.0,320144.88088250667,99.99962306528268,0.006377931941640233,41,sleep,19.219000000011874,1
320000,nan,3.2006095757993895,9.997378583648242e-06,3.200613021850586,0.34469547867774963,3.2006095757993895,0.0,320144.88088250667,99.99962306528268,0.006377931941640233,41,sleep,19.26600000000326,1
320000,nan,3.2006095757993895,9.997378583648242e-06,3.200613021850586,0.34469547867774963,3.2006095757993895,0.0,320144.88088250667,99.99962306528268,0.006377931941640233,41,sleep,19.313000000009197,1
320000,nan,3.2006095757993895,9.997378583648242e-06,3.200613021850586,0.34469547867774963,3.2006095757993895,0.0,320144.88088250667,99.99962306528268,0.006377931941640233,41,sleep,19.360000000000582,1
320000,nan,3.2006095757993895,9.997378583648242e-06,3.200613021850586,0.34469547867774963,3.2006095757993895,0.0,320144.88088250667,99.99962306528268,0.006377931941640233,41,sleep,19.422000000005937,1
320000,nan,3.2006095757993895,9.997378583648242e-06,3.200613021850586,0.34469547867774963,3.2006095757993895,0.0,320144.88088250667,99.99962306528268,0.006377931941640233,41,sleep,19.469000000011874,1
320000,nan,3.2006095818376883,9.979860806197394e-06,3.200613021850586,0.34469547867774963,3.2006095818376883,0.0,320706.8358959618,99.99962298074352,0.006379362388355756,42,sleep,19.51600000000326,1
320000,nan,3.2006095818376883,9.979860806197394e-06,3.200613021850586,0.34469547867774963,3.2006095818376883,0.0,320706.8358959618,99.99962298074352,0.006379362388355756,42,sleep,19.563000000009197,1
320000,nan,3.2006095818376883,9.979860806197394e-06,3.200613021850586,0.34469547867774963,3.2006095818376883,0.0,320706.8358959618,99.99962298074352,0.006379362388355756,42,sleep,19.610000000000582,1
3200,nan,3.2006095818376883,9.979860806197394e-06,3.200613021850586,0.34469547867774963,3.2006095818376883,0.0,320706.8358959618,99.99962298074352,0.006379362388355756,42,wake,20.0,1
3200,nan,3.200609576702266,9.994759238907136e-06,3.200613021850586,0.34469547867774963,3.200609576702266,0.0,320228.781924339,99.99962289624223,0.00638079219419132,43,wake,20.063000000009197,1
3200,nan,3.200609576702266,9.994759238907136e-06,3.200613021850586,0.34469547867774963,3.200609576702266,0.0,320228.781924339,99.99962289624223,0.00638079219419132,43,wake,20.110000000000582,1
3200,nan,3.200609576702266,9.994759238907136e-06,3.200613021850586,0.34469547867774963,3.200609576702266,0.0,320228.781924339,99.99962289624223,0.00638079219419132,43,wake,20.15700000000652,1
3200,nan,3.200609576702266,9.994759238907136e-06,3.200613021850586,0.34469547867774963,3.200609576702266,0.0,320228.781924339,99.99962289624223,0.00638079219419132,43,wake,20.203000000008615,1
3200,nan,3.200609576702266,9.994759238907136e-06,3.200613021850586,0.34469547867774963,3.200609576702266,0.0,320228.781924339,99.99962289624223,0.00638079219419132,43,wake,20.26600000000326,1
3200,nan,3.200609576702266,9.994759238907136e-06,3.200613021850586,0.34469547867774963,3.200609576702266,0.0,320228.781924339,99.99962289624223,0.00638079219419132,43,wake,20.313000000009197,1
3200,nan,3.200609576702266,9.994759238907136e-06,3.200613021850586,0.34469547867774963,3.200609576702266,0.0,320228.781924339,99.99962289624223,0.00638079219419132,43,wake,20.360000000000582,1
3200,nan,3.200609576702266,9.994759238907136e-06,3.200613021850586,0.34469547867774963,3.200609576702266,0.0,320228.781924339,99.99962289624223,0.00638079219419132,43,wake,20.40700000000652,1
3200,nan,3.200609576702266,9.994759238907136e-06,3.200613021850586,0.34469547867774963,3.200609576702266,0.0,320228.781924339,99.99962289624223,0.00638079219419132,43,wake,20.453000000008615,1
3200,nan,3.200609576702266,9.994759238907136e-06,3.200613021850586,0.34469547867774963,3.200609576702266,0.0,320228.781924339,99.99962289624223,0.00638079219419132,43,wake,20.51600000000326,1
3200,nan,3.2002681922483114,0.001000389107502997,3.200613021850586,0.34469547867774963,3.2002681922483114,0.0,3199.023428230124,99.99961468473808,0.006519735125788959,44,wake,20.563000000009197,1
320000,nan,3.2002681922483114,0.001000389107502997,3.200613021850586,0.34469547867774963,3.2002681922483114,0.0,3199.023428230124,99.99961468473808,0.006519735125788959,44,sleep,20.953000000008615,1
320000,nan,3.2002681922483114,0.001000389107502997,3.200613021850586,0.34469547867774963,3.2002681922483114,0.0,3199.023428230124,99.99961468473808,0.006519735125788959,44,sleep,21.01600000000326,1
320000,nan,3.200268191566138,0.001000391086563468,3.200613021850586,0.34469547867774963,3.200268191566138,0.0,3199.0170989624294,99.99960621044902,0.006663124514863962,45,sleep,21.063000000009197,1
320000,nan,3.200268191566138,0.001000391086563468,3.200613021850586,0.34469547867774963,3.200268191566138,0.0,3199.0170989624294,99.99960621044902,0.006663124514863962,45,sleep,21.110000000000582,1
320000,nan,3.200268191566138,0.001000391086563468,3.200613021850586,0.34469547867774963,3.200268191566138,0.0,3199.0170989624294,99.99960621044902,0.006663124514863962,45,sleep,21.15700000000652,1
320000,nan,3.200268191566138,0.001000391086563468,3.200613021850586,0.34469547867774963,3.200268191566138,0.0,3199.0170989624294,99.99960621044902,0.006663124514863962,45,sleep,21.219000000011874,1
320000,nan,3.200268191566138,0.001000391086563468,3.200613021850586,0.34469547867774963,3.200268191566138,0.0,3199.0170989624294,99.99960621044902,0.006663124514863962,45,sleep,21.26600000000326,1
320000,nan,3.200268191566138,0.001000391086563468,3.200613021850586,0.34469547867774963,3.200268191566138,0.0,3199.0170989624294,99.99960621044902,0.006663124514863962,45,sleep,21.313000000009197,1
320000,nan,3.200268191566138,0.001000391086563468,3.200613021850586,0.34469547867774963,3.200268191566138,0.0,3199.0170989624294,99.99960621044902,0.006663124514863962,45,sleep,21.360000000000582,1
320000,nan,3.200268191566138,0.001000391086563468,3.200613021850586,0.34469547867774963,3.200268191566138,0.0,3199.0170989624294,99.99960621044902,0.006663124514863962,45,sleep,21.40700000000652,1
320000,nan,3.200268191566138,0.001000391086563468,3.200613021850586,0.34469547867774963,3.200268191566138,0.0,3199.0170989624294,99.99960621044902,0.006663124514863962,45,sleep,21.469000000011874,1
320000,nan,3.200268191566138,0.001000391086563468,3.200613021850586,0.34469547867774963,3.200268191566138,0.0,3199.0170989624294,99.99960621044902,0.006663124514863962,45,sleep,21.51600000000326,1
320000,nan,3.200609577527081,9.992366358346771e-06,3.200613021850586,0.34469547867774963,3.200609577527081,0.0,320305.4674685305,99.99960612580394,0.006664556754042,46,sleep,21.563000000009197,1
320000,nan,3.200609577527081,9.992366358346771e-06,3.200613021850586,0.34469547867774963,3.200609577527081,0.0,320305.4674685305,99.99960612580394,0.006664556754042,46,sleep,21.610000000000582,1
320000,nan,3.200609577527081,9.992366358346771e-06,3.200613021850586,0.34469547867774963,3.200609577527081,0.0,320305.4674685305,99.99960612580394,0.006664556754042,46,sleep,21.65700000000652,1
320000,nan,3.200609577527081,9.992366358346771e-06,3.200613021850586,0.34469547867774963,3.200609577527081,0.0,320305.4674685305,99.99960612580394,0.006664556754042,46,sleep,21.719000000011874,1
320000,nan,3.200609577527081,9.992366358346771e-06,3.200613021850586,0.34469547867774963,3.200609577527081,0.0,320305.4674685305,99.99960612580394,0.006664556754042,46,sleep,21.76600000000326,1
320000,nan,3.200609577527081,9.992366358346771e-06,3.200613021850586,0.34469547867774963,3.200609577527081,0.0,320305.4674685305,99.99960612580394,0.006664556754042,46,sleep,21.813000000009197,1
320000,nan,3.200609577527081,9.992366358346771e-06,3.200613021850586,0.34469547867774963,3.200609577527081,0.0,320305.4674685305,99.99960612580394,0.006664556754042,46,sleep,21.860000000000582,1
320000,nan,3.200609577527081,9.992366358346771e-06,3.200613021850586,0.34469547867774963,3.200609577527081,0.0,320305.4674685305,99.99960612580394,0.006664556754042,46,sleep,21.90700000000652,1
320000,nan,3.200609577527081,9.992366358346771e-06,3.200613021850586,0.34469547867774963,3.200609577527081,0.0,320305.4674685305,99.99960612580394,0.006664556754042,46,sleep,21.969000000011874,1
320000,nan,3.200609577527081,9.992366358346771e-06,3.200613021850586,0.34469547867774963,3.200609577527081,0.0,320305.4674685305,99.99960612580394,0.006664556754042,46,sleep,22.01600000000326,1
320000,nan,3.200609577527081,9.992366358346771e-06,3.200613021850586,0.34469547867774963,3.200609577527081,0.0,320305.4674685305,99.99960612580394,0.006664556754042,46,sleep,22.063000000009197,1
320000,nan,3.2006095741488187,1.0002167073253077e-05,3.200613021850586,0.34469547867774963,3.2006095741488187,0.0,319991.612888332,99.99960604124001,0.006665987619609422,47,sleep,22.110000000000582,1
320000,nan,3.2006095741488187,1.0002167073253077e-05,3.200613021850586,0.34469547867774963,3.2006095741488187,0.0,319991.612888332,99.99960604124001,0.006665987619609422,47,sleep,22.15700000000652,1
320000,nan,3.2006095741488187,1.0002167073253077e-05,3.200613021850586,0.34469547867774963,3.2006095741488187,0.0,319991.612888332,99.99960604124001,0.006665987619609422,47,sleep,22.219000000011874,1
320000,nan,3.2006095741488187,1.0002167073253077e-05,3.200613021850586,0.34469547867774963,3.2006095741488187,0.0,319991.612888332,99.99960604124001,0.006665987619609422,47,sleep,22.26600000000326,1
320000,nan,3.2006095741488187,1.0002167073253077e-05,3.200613021850586,0.34469547867774963,3.2006095741488187,0.0,319991.612888332,99.99960604124001,0.006665987619609422,47,sleep,22.313000000009197,1
320000,nan,3.2006095741488187,1.0002167073253077e-05,3.200613021850586,0.34469547867774963,3.2006095741488187,0.0,319991.612888332,99.99960604124001,0.006665987619609422,47,sleep,22.360000000000582,1
320000,nan,3.2006095741488187,1.0002167073253077e-05,3.200613021850586,0.34469547867774963,3.2006095741488187,0.0,319991.612888332,99.99960604124001,0.006665987619609422,47,sleep,22.40700000000652,1
100,nan,3.2006095760721336,9.9965873232577e-06,3.200613021850586,0.34469547867774963,3.2006095760721336,0.0,320170.22135401255,99.99960595655915,0.006667420463792431,48,tx,22.797000000005937,1
100,nan,3.2006095760721336,9.9965873232577e-06,3.200613021850586,0.34469547867774963,3.2006095760721336,0.0,320170.22135401255,99.99960595655915,0.006667420463792431,48,tx,22.860000000000582,1
100,nan,3.2006095760721336,9.9965873232577e-06,3.200613021850586,0.34469547867774963,3.2006095760721336,0.0,320170.22135401255,99.99960595655915,0.006667420463792431,48,tx,22.90700000000652,1
100,nan,3.2006095760721336,9.9965873232577e-06,3.200613021850586,0.34469547867774963,3.2006095760721336,0.0,320170.22135401255,99.99960595655915,0.006667420463792431,48,tx,22.953000000008615,1
100,nan,3.2006095760721336,9.9965873232577e-06,3.200613021850586,0.34469547867774963,3.2006095760721336,0.0,320170.22135401255,99.99960595655915,0.006667420463792431,48,tx,23.0,1
100,nan,3.2006095760721336,9.9965873232577e-06,3.200613021850586,0.34469547867774963,3.2006095760721336,0.0,320170.22135401255,99.99960595655915,0.006667420463792431,48,tx,23.063000000009197,1
100,nan,3.1895763429871944,0.03201863542199135,3.200613021850586,0.34469547867774963,3.1895763429871944,0.0,99.61624850497216,99.99933525309935,0.011247864142211015,49,tx,23.110000000000582,1
100,nan,3.1895763429871944,0.03201863542199135,3.200613021850586,0.34469547867774963,3.1895763429871944,0.0,99.61624850497216,99.99933525309935,0.011247864142211015,49,tx,23.15700000000652,1
320000,nan,3.1895763429871944,0.03201863542199135,3.200613021850586,0.34469547867774963,3.1895763429871944,0.0,99.61624850497216,99.99933525309935,0.011247864142211015,49,sleep,23.547000000005937,1
320000,nan,3.1896079162098827,0.03192703798413277,3.200613021850586,0.34469547867774963,3.1896079162098827,0.0,99.90303258933909,99.99906479992144,0.01582407291996562,50,sleep,23.610000000000582,1
320000,nan,3.1896079162098827,0.03192703798413277,3.200613021850586,0.34469547867774963,3.1896079162098827,0.0,99.90303258933909,99.99906479992144,0.01582407291996562,50,sleep,23.65700000000652,1
320000,nan,3.1896079162098827,0.03192703798413277,3.200613021850586,0.34469547867774963,3.1896079162098827,0.0,99.90303258933909,99.99906479992144,0.01582407291996562,50,sleep,23.703000000008615,1
320000,nan,3.1896079162098827,0.03192703798413277,3.200613021850586,0.34469547867774963,3.1896079162098827,0.0,99.90303258933909,99.99906479992144,0.01582407291996562,50,sleep,23.75,1
320000,nan,3.1896079162098827,0.03192703798413277,3.200613021850586,0.34469547867774963,3.1896079162098827,0.0,99.90303258933909,99.99906479992144,0.01582407291996562,50,sleep,23.813000000009197,1
320000,nan,3.1896079162098827,0.03192703798413277,3.200613021850586,0.34469547867774963,3.1896079162098827,0.0,99.90303258933909,99.99906479992144,0.01582407291996562,50,sleep,23.860000000000582,1
320000,nan,3.1896079162098827,0.03192703798413277,3.200613021850586,0.34469547867774963,3.1896079162098827,0.0,99.90303258933909,99.99906479992144,0.01582407291996562,50,sleep,23.90700000000652,1
320000,nan,3.1896079162098827,0.03192703798413277,3.200613021850586,0.34469547867774963,3.1896079162098827,0.0,99.90303258933909,99.99906479992144,0.01582407291996562,50,sleep,23.953000000008615,1
320000,nan,3.1896079162098827,0.03192703798413277,3.200613021850586,0.34469547867774963,3.1896079162098827,0.0,99.90303258933909,99.99906479992144,0.01582407291996562,50,sleep,24.0,1
320000,nan,3.1896079162098827,0.03192703798413277,3.200613021850586,0.34469547867774963,3.1896079162098827,0.0,99.90303258933909,99.99906479992144,0.01582407291996562,50,sleep,24.063000000009197,1
320000,nan,3.1896079162098827,0.03192703798413277,3.200613021850586,0.34469547867774963,3.1896079162098827,0.0,99.90303258933909,99.99906479992144,0.01582407291996562,50,sleep,24.110000000000582,1
320000,nan,3.20060958951245,9.95759546640329e-06,3.200613021850586,0.34469547867774963,3.20060958951245,0.0,321423.94218676956,99.99906471557088,0.01582550017531577,51,sleep,24.15700000000652,1
320000,nan,3.20060958951245,9.95759546640329e-06,3.200613021850586,0.34469547867774963,3.20060958951245,0.0,321423.94218676956,99.99906471557088,0.01582550017531577,51,sleep,24.203000000008615,1
320000,nan,3.20060958951245,9.95759546640329e-06,3.200613021850586,0.34469547867774963,3.20060958951245,0.0,321423.94218676956,99.99906471557088,0.01582550017531577,51,sleep,24.25,1
320000,nan,3.20060958951245,9.95759546640329e-06,3.200613021850586,0.34469547867774963,3.20060958951245,0.0,321423.94218676956,99.99906471557088,0.01582550017531577,51,sleep,24.313000000009197,1
320000,nan,3.20060958951245,9.95759546640329e-06,3.200613021850586,0.34469547867774963,3.20060958951245,0.0,321423.94218676956,99.99906471557088,0.01582550017531577,51,sleep,24.360000000000582,1
320000,nan,3.20060958951245,9.95759546640329e-06,3.200613021850586,0.34469547867774963,3.20060958951245,0.0,321423.94218676956,99.99906471557088,0.01582550017531577,51,sleep,24.40700000000652,1
320000,nan,3.20060958951245,9.95759546640329e-06,3.200613021850586,0.34469547867774963,3.20060958951245,0.0,321423.94218676956,99.99906471557088,0.01582550017531577,51,sleep,24.453000000008615,1
320000,nan,3.20060958951245,9.95759546640329e-06,3.200613021850586,0.34469547867774963,3.20060958951245,0.0,321423.94218676956,99.99906471557088,0.01582550017531577,51,sleep,24.5,1
320000,nan,3.20060958951245,9.95759546640329e-06,3.200613021850586,0.34469547867774963,3.20060958951245,0.0,321423.94218676956,99.99906471557088,0.01582550017531577,51,sleep,24.563000000009197,1
320000,nan,3.20060958951245,9.95759546640329e-06,3.200613021850586,0.34469547867774963,3.20060958951245,0.0,321423.94218676956,99.99906471557088,0.01582550017531577,51,sleep,24.610000000000582,1
320000,nan,3.200609589028722,9.958998816728126e-06,3.200613021850586,0.34469547867774963,3.200609589028722,0.0,321378.649393216,99.99906463137194,0.015826924865424273,52,sleep,24.65700000000652,1
320000,nan,3.200609589028722,9.958998816728126e-06,3.200613021850586,0.34469547867774963,3.200609589028722,0.0,321378.649393216,99.99906463137194,0.015826924865424273,52,sleep,24.703000000008615,1
320000,nan,3.200609589028722,9.958998816728126e-06,3.200613021850586,0.34469547867774963,3.200609589028722,0.0,321378.649393216,99.99906463137194,0.015826924865424273,52,sleep,24.75,1
320000,nan,3.200609589028722,9.958998816728126e-06,3.200613021850586,0.34469547867774963,3.200609589028722,0.0,321378.649393216,99.99906463137194,0.015826924865424273,52,sleep,24.813000000009197,1
320000,nan,3.200609589028722,9.958998816728126e-06,3.200613021850586,0.34469547867774963,3.200609589028722,0.0,321378.649393216,99.99906463137194,0.015826924865424273,52,sleep,24.860000000000582,1
320000,nan,3.200609589028722,9.958998816728126e-06,3.200613021850586,0.34469547867774963,3.200609589028722,0.0,321378.649393216,99.99906463137194,0.015826924865424273,52,sleep,24.90700000000652,1
320000,nan,3.200609589028722,9.958998816728126e-06,3.200613021850586,0.34469547867774963,3.200609589028722,0.0,321378.649393216,99.99906463137194,0.015826924865424273,52,sleep,24.953000000008615,1
320000,nan,3.200609589028722,9.958998816728126e-06,3.200613021850586,0.34469547867774963,3.200609589028722,0.0,321378.649393216,99.99906463137194,0.015826924865424273,52,sleep,25.0,1
320000,nan,3.200609589028722,9.958998816728126e-06,3.200613021850586,0.34469547867774963,3.200609589028722,0.0,321378.649393216,99.99906463137194,0.015826924865424273,52,sleep,25.063000000009197,1
320000,nan,3.200609589028722,9.958998816728126e-06,3.200613021850586,0.34469547867774963,3.200609589028722,0.0,321378.649393216,99.99906463137194,0.015826924865424273,52,sleep,25.110000000000582,1
320000,nan,3.2006095771571523,9.993439562094864e-06,3.200613021850586,0.34469547867774963,3.2006095771571523,0.0,320271.06956218265,99.99906454934269,0.01582831284314123,53,sleep,25.15700000000652,1
320000,nan,3.2006095771571523,9.993439562094864e-06,3.200613021850586,0.34469547867774963,3.2006095771571523,0.0,320271.06956218265,99.99906454934269,0.01582831284314123,53,sleep,25.203000000008615,1
320000,nan,3.2006095771571523,9.993439562094864e-06,3.200613021850586,0.34469547867774963,3.2006095771571523,0.0,320271.06956218265,99.99906454934269,0.01582831284314123,53,sleep,25.25,1
320000,nan,3.2006095771571523,9.993439562094864e-06,3.200613021850586,0.34469547867774963,3.2006095771571523,0.0,320271.06956218265,99.99906454934269,0.01582831284314123,53,sleep,25.313000000009197,1
320000,nan,3.2006095771571523,9.993439562094864e-06,3.200613021850586,0.34469547867774963,3.2006095771571523,0.0,320271.06956218265,99.99906454934269,0.01582831284314123,53,sleep,25.360000000000582,1
320000,nan,3.2006095771571523,9.993439562094864e-06,3.200613021850586,0.34469547867774963,3.2006095771571523,0.0,320271.06956218265,99.99906454934269,0.01582831284314123,53,sleep,25.40700000000652,1
320000,nan,3.2006095771571523,9.993439562094864e-06,3.200613021850586,0.34469547867774963,3.2006095771571523,0.0,320271.06956218265,99.99906454934269,0.01582831284314123,53,sleep,25.453000000008615,1
320000,nan,3.2006095771571523,9.993439562094864e-06,3.200613021850586,0.34469547867774963,3.2006095771571523,0.0,320271.06956218265,99.99906454934269,0.01582831284314123,53,sleep,25.5,1
320000,nan,3.2006095771571523,9.993439562094864e-06,3.200613021850586,0.34469547867774963,3.2006095771571523,0.0,320271.06956218265,99.99906454934269,0.01582831284314123,53,sleep,25.563000000009197,1
320000,nan,3.2006095771571523,9.993439562094864e-06,3.200613021850586,0.34469547867774963,3.2006095771571523,0.0,320271.06956218265,99.99906454934269,0.01582831284314123,53,sleep,25.610000000000582,1
320000,nan,3.2006095771571523,9.993439562094864e-06,3.200613021850586,0.34469547867774963,3.2006095771571523,0.0,320271.06956218265,99.99906454934269,0.01582831284314123,53,sleep,25.65700000000652,1
320000,nan,3.2006095764016207,9.995631444326136e-06,3.200613021850586,0.34469547867774963,3.2006095764016207,0.0,320200.83915943064,99.99906446466993,0.01582974555031493,54,sleep,25.703000000008615,1
320000,nan,3.2006095764016207,9.995631444326136e-06,3.200613021850586,0.34469547867774963,3.2006095764016207,0.0,320200.83915943064,99.99906446466993,0.01582974555031493,54,sleep,25.75,1
320000,nan,3.2006095764016207,9.995631444326136e-06,3.200613021850586,0.34469547867774963,3.2006095764016207,0.0,320200.83915943064,99.99906446466993,0.01582974555031493,54,sleep,25.813000000009197,1
320000,nan,3.2006095764016207,9.995631444326136e-06,3.200613021850586,0.34469547867774963,3.2006095764016207,0.0,320200.83915943064,99.99906446466993,0.01582974555031493,54,sleep,25.860000000000582,1
320000,nan,3.2006095764016207,9.995631444326136e-06,3.200613021850586,0.34469547867774963,3.2006095764016207,0.0,320200.83915943064,99.99906446466993,0.01582974555031493,54,sleep,25.90700000000652,1
320000,nan,3.2006095764016207,9.995631444326136e-06,3.200613021850586,0.34469547867774963,3.2006095764016207,0.0,320200.83915943064,99.99906446466993,0.01582974555031493,54,sleep,25.953000000008615,1
320000,nan,3.2006095764016207,9.995631444326136e-06,3.200613021850586,0.34469547867774963,3.2006095764016207,0.0,320200.83915943064,99.99906446466993,0.01582974555031493,54,sleep,26.0,1
320000,nan,3.2006095764016207,9.995631444326136e-06,3.200613021850586,0.34469547867774963,3.2006095764016207,0.0,320200.83915943064,99.99906446466993,0.01582974555031493,54,sleep,26.063000000009197,1
320000,nan,3.2006095764016207,9.995631444326136e-06,3.200613021850586,0.34469547867774963,3.2006095764016207,0.0,320200.83915943064,99.99906446466993,0.01582974555031493,54,sleep,26.110000000000582,1
320000,nan,3.2006095764016207,9.995631444326136e-06,3.200613021850586,0.34469547867774963,3.2006095764016207,0.0,320200.83915943064,99.99906446466993,0.01582974555031493,54,sleep,26.15700000000652,1
320000,nan,3.2006095771772163,9.99338135443395e-06,3.200613021850586,0.34469547867774963,3.2006095771772163,0.0,320272.93502185243,99.99906438001624,0.01583117793497574,55,sleep,26.203000000008615,1
320000,nan,3.2006095771772163,9.99338135443395e-06,3.200613021850586,0.34469547867774963,3.2006095771772163,0.0,320272.93502185243,99.99906438001624,0.01583117793497574,55,sleep,26.25,1
320000,nan,3.2006095771772163,9.99338135443395e-06,3.200613021850586,0.34469547867774963,3.2006095771772163,0.0,320272.93502185243,99.99906438001624,0.01583117793497574,55,sleep,26.313000000009197,1
320000,nan,3.2006095771772163,9.99338135443395e-06,3.200613021850586,0.34469547867774963,3.2006095771772163,0.0,320272.93502185243,99.99906438001624,0.01583117793497574,55,sleep,26.360000000000582,1
320000,nan,3.2006095771772163,9.99338135443395e-06,3.200613021850586,0.34469547867774963,3.2006095771772163,0.0,320272.93502185243,99.99906438001624,0.01583117793497574,55,sleep,26.40700000000652,1
320000,nan,3.2006095771772163,9.99338135443395e-06,3.200613021850586,0.34469547867774963,3.2006095771772163,0.0,320272.93502185243,99.99906438001624,0.01583117793497574,55,sleep,26.453000000008615,1
320000,nan,3.2006095771772163,9.99338135443395e-06,3.200613021850586,0.34469547867774963,3.2006095771772163,0.0,320272.93502185243,99.99906438001624,0.01583117793497574,55,sleep,26.5,1
320000,nan,3.2006095771772163,9.99338135443395e-06,3.200613021850586,0.34469547867774963,3.2006095771772163,0.0,320272.93502185243,99.99906438001624,0.01583117793497574,55,sleep,26.563000000009197,1
320000,nan,3.2006095771772163,9.99338135443395e-06,3.200613021850586,0.34469547867774963,3.2006095771772163,0.0,320272.93502185243,99.99906438001624,0.01583117793497574,55,sleep,26.610000000000582,1
320000,nan,3.2006095771772163,9.99338135443395e-06,3.200613021850586,0.34469547867774963,3.2006095771772163,0.0,320272.93502185243,99.99906438001624,0.01583117793497574,55,sleep,26.65700000000652,1
320000,nan,3.200609581379353,9.981190487451386e-06,3.200613021850586,0.34469547867774963,3.200609581379353,0.0,320664.1117012288,99.99906429562967,0.015832605799726028,56,sleep,26.703000000008615,1
320000,nan,3.200609581379353,9.981190487451386e-06,3.200613021850586,0.34469547867774963,3.200609581379353,0.0,320664.1117012288,99.99906429562967,0.015832605799726028,56,sleep,26.75,1
320000,nan,3.200609581379353,9.981190487451386e-06,3.200613021850586,0.34469547867774963,3.200609581379353,0.0,320664.1117012288,99.99906429562967,0.015832605799726028,56,sleep,26.813000000009197,1
320000,nan,3.200609581379353,9.981190487451386e-06,3.200613021850586,0.34469547867774963,3.200609581379353,0.0,320664.1117012288,99.99906429562967,0.015832605799726028,56,sleep,26.860000000000582,1
320000,nan,3.200609581379353,9.981190487451386e-06,3.200613021850586,0.34469547867774963,3.200609581379353,0.0,320664.1117012288,99.99906429562967,0.015832605799726028,56,sleep,26.90700000000652,1
320000,nan,3.200609581379353,9.981190487451386e-06,3.200613021850586,0.34469547867774963,3.200609581379353,0.0,320664.1117012288,99.99906429562967,0.015832605799726028,56,sleep,26.953000000008615,1
320000,nan,3.200609581379353,9.981190487451386e-06,3.200613021850586,0.34469547867774963,3.200609581379353,0.0,320664.1117012288,99.99906429562967,0.015832605799726028,56,sleep,27.0,1
320000,nan,3.200609581379353,9.981190487451386e-06,3.200613021850586,0.34469547867774963,3.200609581379353,0.0,320664.1117012288,99.99906429562967,0.015832605799726028,56,sleep,27.063000000009197,1
320000,nan,3.200609581379353,9.981190487451386e-06,3.200613021850586,0.34469547867774963,3.200609581379353,0.0,320664.1117012288,99.99906429562967,0.015832605799726028,56,sleep,27.110000000000582,1
320000,nan,3.200609581379353,9.981190487451386e-06,3.200613021850586,0.34469547867774963,3.200609581379353,0.0,320664.1117012288,99.99906429562967,0.015832605799726028,56,sleep,27.15700000000652,1
320000,nan,3.200609581379353,9.981190487451386e-06,3.200613021850586,0.34469547867774963,3.200609581379353,0.0,320664.1117012288,99.99906429562967,0.015832605799726028,56,sleep,27.203000000008615,1
320000,nan,3.200609577006046,9.993877938541118e-06,3.200613021850586,0.34469547867774963,3.200609577006046,0.0,320257.0210171351,99.99906421097177,0.015834038255563895,57,sleep,27.25,1
320000,nan,3.200609577006046,9.993877938541118e-06,3.200613021850586,0.34469547867774963,3.200609577006046,0.0,320257.0210171351,99.99906421097177,0.015834038255563895,57,sleep,27.313000000009197,1
320000,nan,3.200609577006046,9.993877938541118e-06,3.200613021850586,0.34469547867774963,3.200609577006046,0.0,320257.0210171351,99.99906421097177,0.015834038255563895,57,sleep,27.360000000000582,1
320000,nan,3.200609577006046,9.993877938541118e-06,3.200613021850586,0.34469547867774963,3.200609577006046,0.0,320257.0210171351,99.99906421097177,0.015834038255563895,57,sleep,27.40700000000652,1
320000,nan,3.200609577006046,9.993877938541118e-06,3.200613021850586,0.34469547867774963,3.200609577006046,0.0,320257.0210171351,99.99906421097177,0.015834038255563895,57,sleep,27.453000000008615,1
320000,nan,3.200609577006046,9.993877938541118e-06,3.200613021850586,0.34469547867774963,3.200609577006046,0.0,320257.0210171351,99.99906421097177,0.015834038255563895,57,sleep,27.5,1
320000,nan,3.200609577006046,9.993877938541118e-06,3.200613021850586,0.34469547867774963,3.200609577006046,0.0,320257.0210171351,99.99906421097177,0.015834038255563895,57,sleep,27.563000000009197,1
320000,nan,3.200609577006046,9.993877938541118e-06,3.200613021850586,0.34469547867774963,3.200609577006046,0.0,320257.0210171351,99.99906421097177,0.015834038255563895,57,sleep,27.610000000000582,1
320000,nan,3.200609577006046,9.993877938541118e-06,3.200613021850586,0.34469547867774963,3.200609577006046,0.0,320257.0210171351,99.99906421097177,0.015834038255563895,57,sleep,27.65700000000652,1
320000,nan,3.200609577006046,9.993877938541118e-06,3.200613021850586,0.34469547867774963,3.200609577006046,0.0,320257.0210171351,99.99906421097177,0.015834038255563895,57,sleep,27.703000000008615,1
320000,nan,3.200609580171756,9.984693861042615e-06,3.200613021850586,0.34469547867774963,3.200609580171756,0.0,320551.5987485213,99.99906412655557,0.015835466621491236,58,sleep,27.75,1
320000,nan,3.200609580171756,9.984693861042615e-06,3.200613021850586,0.34469547867774963,3.200609580171756,0.0,320551.5987485213,99.99906412655557,0.015835466621491236,58,sleep,27.813000000009197,1
320000,nan,3.200609580171756,9.984693861042615e-06,3.200613021850586,0.34469547867774963,3.200609580171756,0.0,320551.5987485213,99.99906412655557,0.015835466621491236,58,sleep,27.860000000000582,1
320000,nan,3.200609580171756,9.984693861042615e-06,3.200613021850586,0.34469547867774963,3.200609580171756,0.0,320551.5987485213,99.99906412655557,0.015835466621491236,58,sleep,27.90700000000652,1
320000,nan,3.200609580171756,9.984693861042615e-06,3.200613021850586,0.34469547867774963,3.200609580171756,0.0,320551.5987485213,99.99906412655557,0.015835466621491236,58,sleep,27.953000000008615,1
320000,nan,3.200609580171756,9.984693861042615e-06,3.200613021850586,0.34469547867774963,3.200609580171756,0.0,320551.5987485213,99.99906412655557,0.015835466621491236,58,sleep,28.0,1
320000,nan,3.200609580171756,9.984693861042615e-06,3.200613021850586,0.34469547867774963,3.200609580171756,0.0,320551.5987485213,99.99906412655557,0.015835466621491236,58,sleep,28.063000000009197,1
320000,nan,3.200609580171756,9.984693861042615e-06,3.200613021850586,0.34469547867774963,3.200609580171756,0.0,320551.5987485213,99.99906412655557,0.015835466621491236,58,sleep,28.110000000000582,1
320000,nan,3.200609580171756,9.984693861042615e-06,3.200613021850586,0.34469547867774963,3.200609580171756,0.0,320551.5987485213,99.99906412655557,0.015835466621491236,58,sleep,28.15700000000652,1
320000,nan,3.200609580171756,9.984693861042615e-06,3.200613021850586,0.34469547867774963,3.200609580171756,0.0,320551.5987485213,99.99906412655557,0.015835466621491236,58,sleep,28.203000000008615,1
320000,nan,3.2006095763223055,9.995861546485685e-06,3.200613021850586,0.34469547867774963,3.2006095763223055,0.0,320193.46821060823,99.99906404188087,0.015836899361646242,59,sleep,28.25,1
320000,nan,3.2006095763223055,9.995861546485685e-06,3.200613021850586,0.34469547867774963,3.2006095763223055,0.0,320193.46821060823,99.99906404188087,0.015836899361646242,59,sleep,28.313000000009197,1
320000,nan,3.2006095763223055,9.995861546485685e-06,3.200613021850586,0.34469547867774963,3.2006095763223055,0.0,320193.46821060823,99.99906404188087,0.015836899361646242,59,sleep,28.360000000000582,1
320000,nan,3.2006095763223055,9.995861546485685e-06,3.200613021850586,0.34469547867774963,3.2006095763223055,0.0,320193.46821060823,99.99906404188087,0.015836899361646242,59,sleep,28.40700000000652,1
320000,nan,3.2006095763223055,9.995861546485685e-06,3.200613021850586,0.34469547867774963,3.2006095763223055,0.0,320193.46821060823,99.99906404188087,0.015836899361646242,59,sleep,28.453000000008615,1
320000,nan,3.2006095763223055,9.995861546485685e-06,3.200613021850586,0.34469547867774963,3.2006095763223055,0.0,320193.46821060823,99.99906404188087,0.015836899361646242,59,sleep,28.5,1
320000,nan,3.2006095767013254,9.994761967391241e-06,3.200613021850586,0.34469547867774963,3.2006095767013254,0.0,320228.69450454006,99.99906395984077,0.0158382875230306,60,sleep,28.89100000000326,2
320000,nan,3.2006095767013254,9.994761967391241e-06,3.200613021850586,0.34469547867774963,3.2006095767013254,0.0,320228.69450454006,99.99906395984077,0.0158382875230306,60,sleep,28.953000000008615,2
320000,nan,3.2006095767013254,9.994761967391241e-06,3.200613021850586,0.34469547867774963,3.2006095767013254,0.0,320228.69450454006,99.99906395984077,0.0158382875230306,60,sleep,29.0,2
320000,nan,3.2006095767013254,9.994761967391241e-06,3.200613021850586,0.34469547867774963,3.2006095767013254,0.0,320228.69450454006,99.99906395984077,0.0158382875230306,60,sleep,29.047000000005937,2
320000,nan,3.2006095767013254,9.994761967391241e-06,3.200613021850586,0.34469547867774963,3.2006095767013254,0.0,320228.69450454006,99.99906395984077,0.0158382875230306,60,sleep,29.094000000011874,2
320000,nan,3.2006095767013254,9.994761967391241e-06,3.200613021850586,0.34469547867774963,3.2006095767013254,0.0,320228.69450454006,99.99906395984077,0.0158382875230306,60,sleep,29.15700000000652,2
320000,nan,3.2006095767013254,9.994761967391241e-06,3.200613021850586,0.34469547867774963,3.2006095767013254,0.0,320228.69450454006,99.99906395984077,0.0158382875230306,60,sleep,29.203000000008615,2
320000,nan,3.2006095767013254,9.994761967391241e-06,3.200613021850586,0.34469547867774963,3.2006095767013254,0.0,320228.69450454006,99.99906395984077,0.0158382875230306,60,sleep,29.25,2
320000,nan,3.20060957628688,9.995964319386985e-06,3.200613021850586,0.34469547867774963,3.20060957628688,0.0,320190.1761573276,99.99906387516518,0.015839720277916348,61,sleep,29.297000000005937,2
320000,nan,3.20060957628688,9.995964319386985e-06,3.200613021850586,0.34469547867774963,3.20060957628688,0.0,320190.1761573276,99.99906387516518,0.015839720277916348,61,sleep,29.344000000011874,2
320000,nan,3.20060957628688,9.995964319386985e-06,3.200613021850586,0.34469547867774963,3.20060957628688,0.0,320190.1761573276,99.99906387516518,0.015839720277916348,61,sleep,29.40700000000652,2
320000,nan,3.20060957628688,9.995964319386985e-06,3.200613021850586,0.34469547867774963,3.20060957628688,0.0,320190.1761573276,99.99906387516518,0.015839720277916348,61,sleep,29.453000000008615,2
320000,nan,3.20060957628688,9.995964319386985e-06,3.200613021850586,0.34469547867774963,3.20060957628688,0.0,320190.1761573276,99.99906387516518,0.015839720277916348,61,sleep,29.5,2
320000,nan,3.20060957628688,9.995964319386985e-06,3.200613021850586,0.34469547867774963,3.20060957628688,0.0,320190.1761573276,99.99906387516518,0.015839720277916348,61,sleep,29.547000000005937,2
320000,nan,3.20060957628688,9.995964319386985e-06,3.200613021850586,0.34469547867774963,3.20060957628688,0.0,320190.1761573276,99.99906387516518,0.015839720277916348,61,sleep,29.594000000011874,2
320000,nan,3.20060957628688,9.995964319386985e-06,3.200613021850586,0.34469547867774963,3.20060957628688,0.0,320190.1761573276,99.99906387516518,0.015839720277916348,61,sleep,29.65700000000652,2
320000,nan,3.20060957628688,9.995964319386985e-06,3.200613021850586,0.34469547867774963,3.20060957628688,0.0,320190.1761573276,99.99906387516518,0.015839720277916348,61,sleep,29.703000000008615,2
320000,nan,3.20060957628688,9.995964319386985e-06,3.200613021850586,0.34469547867774963,3.20060957628688,0.0,320190.1761573276,99.99906387516518,0.015839720277916348,61,sleep,29.75,2
320000,nan,3.2006095749482406,9.999847861763556e-06,3.200613021850586,0.34469547867774963,3.2006095749482406,0.0,320065.82691986946,99.99906379062088,0.015841150811707682,62,sleep,29.797000000005937,2
320000,nan,3.2006095749482406,9.999847861763556e-06,3.200613021850586,0.34469547867774963,3.2006095749482406,0.0,320065.82691986946,99.99906379062088,0.015841150811707682,62,sleep,29.844000000011874,2
320000,nan,3.2006095749482406,9.999847861763556e-06,3.200613021850586,0.34469547867774963,3.2006095749482406,0.0,320065.82691986946,99.99906379062088,0.015841150811707682,62,sleep,29.90700000000652,2
320000,nan,3.2006095749482406,9.999847861763556e-06,3.200613021850586,0.34469547867774963,3.2006095749482406,0.0,320065.82691986946,99.99906379062088,0.015841150811707682,62,sleep,29.953000000008615,2
320000,nan,3.2006095749482406,9.999847861763556e-06,3.200613021850586,0.34469547867774963,3.2006095749482406,0.0,320065.82691986946,99.99906379062088,0.015841150811707682,62,sleep,30.0,2
320000,nan,3.2006095749482406,9.999847861763556e-06,3.200613021850586,0.34469547867774963,3.2006095749482406,0.0,320065.82691986946,99.99906379062088,0.015841150811707682,62,sleep,30.047000000005937,2
320000,nan,3.2006095749482406,9.999847861763556e-06,3.200613021850586,0.34469547867774963,3.2006095749482406,0.0,320065.82691986946,99.99906379062088,0.015841150811707682,62,sleep,30.094000000011874,2
320000,nan,3.2006095749482406,9.999847861763556e-06,3.200613021850586,0.34469547867774963,3.2006095749482406,0.0,320065.82691986946,99.99906379062088,0.015841150811707682,62,sleep,30.15700000000652,2
320000,nan,3.2006095749482406,9.999847861763556e-06,3.200613021850586,0.34469547867774963,3.2006095749482406,0.0,320065.82691986946,99.99906379062088,0.015841150811707682,62,sleep,30.203000000008615,2
320000,nan,3.2006095749482406,9.999847861763556e-06,3.200613021850586,0.34469547867774963,3.2006095749482406,0.0,320065.82691986946,99.99906379062088,0.015841150811707682,62,sleep,30.25,2
320000,nan,3.200609578271954,9.990205398935359e-06,3.200613021850586,0.34469547867774963,3.200609578271954,0.0,320374.75211601134,99.99906370599409,0.015842582741148206,63,sleep,30.297000000005937,2
320000,nan,3.200609578271954,9.990205398935359e-06,3.200613021850586,0.34469547867774963,3.200609578271954,0.0,320374.75211601134,99.99906370599409,0.015842582741148206,63,sleep,30.344000000011874,2
320000,nan,3.200609578271954,9.990205398935359e-06,3.200613021850586,0.34469547867774963,3.200609578271954,0.0,320374.75211601134,99.99906370599409,0.015842582741148206,63,sleep,30.40700000000652,2
320000,nan,3.200609578271954,9.990205398935359e-06,3.200613021850586,0.34469547867774963,3.200609578271954,0.0,320374.75211601134,99.99906370599409,0.015842582741148206,63,sleep,30.453000000008615,2
320000,nan,3.200609578271954,9.990205398935359e-06,3.200613021850586,0.34469547867774963,3.200609578271954,0.0,320374.75211601134,99.99906370599409,0.015842582741148206,63,sleep,30.5,2
320000,nan,3.200609578271954,9.990205398935359e-06,3.200613021850586,0.34469547867774963,3.200609578271954,0.0,320374.75211601134,99.99906370599409,0.015842582741148206,63,sleep,30.547000000005937,2
320000,nan,3.200609578271954,9.990205398935359e-06,3.200613021850586,0.34469547867774963,3.200609578271954,0.0,320374.75211601134,99.99906370599409,0.015842582741148206,63,sleep,30.594000000011874,2
320000,nan,3.200609578271954,9.990205398935359e-06,3.200613021850586,0.34469547867774963,3.200609578271954,0.0,320374.75211601134,99.99906370599409,0.015842582741148206,63,sleep,30.65700000000652,2
320000,nan,3.200609578271954,9.990205398935359e-06,3.200613021850586,0.34469547867774963,3.200609578271954,0.0,320374.75211601134,99.99906370599409,0.015842582741148206,63,sleep,30.703000000008615,2
320000,nan,3.200609578271954,9.990205398935359e-06,3.200613021850586,0.34469547867774963,3.200609578271954,0.0,320374.75211601134,99.99906370599409,0.015842582741148206,63,sleep,30.75,2
320000,nan,3.200609577296346,9.993035746447276e-06,3.200613021850586,0.34469547867774963,3.200609577296346,0.0,320284.0116362264,99.99906362396815,0.015843970662779656,64,sleep,30.797000000005937,2
320000,nan,3.200609577296346,9.993035746447276e-06,3.200613021850586,0.34469547867774963,3.200609577296346,0.0,320284.0116362264,99.99906362396815,0.015843970662779656,64,sleep,30.844000000011874,2
320000,nan,3.200609577296346,9.993035746447276e-06,3.200613021850586,0.34469547867774963,3.200609577296346,0.0,320284.0116362264,99.99906362396815,0.015843970662779656,64,sleep,30.90700000000652,2
320000,nan,3.200609577296346,9.993035746447276e-06,3.200613021850586,0.34469547867774963,3.200609577296346,0.0,320284.0116362264,99.99906362396815,0.015843970662779656,64,sleep,30.953000000008615,2
320000,nan,3.200609577296346,9.993035746447276e-06,3.200613021850586,0.34469547867774963,3.200609577296346,0.0,320284.0116362264,99.99906362396815,0.015843970662779656,64,sleep,31.0,2
320000,nan,3.200609577296346,9.993035746447276e-06,3.200613021850586,0.34469547867774963,3.200609577296346,0.0,320284.0116362264,99.99906362396815,0.015843970662779656,64,sleep,31.047000000005937,2
320000,nan,3.200609577296346,9.993035746447276e-06,3.200613021850586,0.34469547867774963,3.200609577296346,0.0,320284.0116362264,99.99906362396815,0.015843970662779656,64,sleep,31.094000000011874,2
320000,nan,3.200609577296346,9.993035746447276e-06,3.200613021850586,0.34469547867774963,3.200609577296346,0.0,320284.0116362264,99.99906362396815,0.015843970662779656,64,sleep,31.15700000000652,2
320000,nan,3.200609577296346,9.993035746447276e-06,3.200613021850586,0.34469547867774963,3.200609577296346,0.0,320284.0116362264,99.99906362396815,0.015843970662779656,64,sleep,31.203000000008615,2
320000,nan,3.200609577296346,9.993035746447276e-06,3.200613021850586,0.34469547867774963,3.200609577296346,0.0,320284.0116362264,99.99906362396815,0.015843970662779656,64,sleep,31.25,2
320000,nan,3.2006095778666,9.991381375584751e-06,3.200613021850586,0.34469547867774963,3.2006095778666,0.0,320337.0442537314,99.99906354195579,0.015845358354637375,65,sleep,31.297000000005937,2
320000,nan,3.2006095778666,9.991381375584751e-06,3.200613021850586,0.34469547867774963,3.2006095778666,0.0,320337.0442537314,99.99906354195579,0.015845358354637375,65,sleep,31.344000000011874,2
320000,nan,3.2006095778666,9.991381375584751e-06,3.200613021850586,0.34469547867774963,3.2006095778666,0.0,320337.0442537314,99.99906354195579,0.015845358354637375,65,sleep,31.40700000000652,2
320000,nan,3.2006095778666,9.991381375584751e-06,3.200613021850586,0.34469547867774963,3.2006095778666,0.0,320337.0442537314,99.99906354195579,0.015845358354637375,65,sleep,31.453000000008615,2
320000,nan,3.2006095778666,9.991381375584751e-06,3.200613021850586,0.34469547867774963,3.2006095778666,0.0,320337.0442537314,99.99906354195579,0.015845358354637375,65,sleep,31.5,2
320000,nan,3.2006095778666,9.991381375584751e-06,3.200613021850586,0.34469547867774963,3.2006095778666,0.0,320337.0442537314,99.99906354195579,0.015845358354637375,65,sleep,31.547000000005937,2
320000,nan,3.2006095778666,9.991381375584751e-06,3.200613021850586,0.34469547867774963,3.2006095778666,0.0,320337.0442537314,99.99906354195579,0.015845358354637375,65,sleep,31.594000000011874,2
320000,nan,3.2006095778666,9.991381375584751e-06,3.200613021850586,0.34469547867774963,3.2006095778666,0.0,320337.0442537314,99.99906354195579,0.015845358354637375,65,sleep,31.65700000000652,2
320000,nan,3.2006095778666,9.991381375584751e-06,3.200613021850586,0.34469547867774963,3.2006095778666,0.0,320337.0442537314,99.99906354195579,0.015845358354637375,65,sleep,31.703000000008615,2
320000,nan,3.2006095778666,9.991381375584751e-06,3.200613021850586,0.34469547867774963,3.2006095778666,0.0,320337.0442537314,99.99906354195579,0.015845358354637375,65,sleep,31.75,2
320000,nan,3.2006095778666,9.991381375584751e-06,3.200613021850586,0.34469547867774963,3.2006095778666,0.0,320337.0442537314,99.99906354195579,0.015845358354637375,65,sleep,31.797000000005937,2
320000,nan,3.200609576034827,9.99669555312721e-06,3.200613021850586,0.34469547867774963,3.200609576034827,0.0,320166.755006718,99.99906345727402,0.01584679121433333,66,sleep,31.844000000011874,2
320000,nan,3.200609576034827,9.99669555312721e-06,3.200613021850586,0.34469547867774963,3.200609576034827,0.0,320166.755006718,99.99906345727402,0.01584679121433333,66,sleep,31.90700000000652,2
320000,nan,3.200609576034827,9.99669555312721e-06,3.200613021850586,0.34469547867774963,3.200609576034827,0.0,320166.755006718,99.99906345727402,0.01584679121433333,66,sleep,31.953000000008615,2
320000,nan,3.200609576034827,9.99669555312721e-06,3.200613021850586,0.34469547867774963,3.200609576034827,0.0,320166.755006718,99.99906345727402,0.01584679121433333,66,sleep,32.0,2
320000,nan,3.200609576034827,9.99669555312721e-06,3.200613021850586,0.34469547867774963,3.200609576034827,0.0,320166.755006718,99.99906345727402,0.01584679121433333,66,sleep,32.04700000000594,2
320000,nan,3.200609576034827,9.99669555312721e-06,3.200613021850586,0.34469547867774963,3.200609576034827,0.0,320166.755006718,99.99906345727402,0.01584679121433333,66,sleep,32.094000000011874,2
320000,nan,3.200609576034827,9.99669555312721e-06,3.200613021850586,0.34469547867774963,3.200609576034827,0.0,320166.755006718,99.99906345727402,0.01584679121433333,66,sleep,32.15700000000652,2
320000,nan,3.200609576034827,9.99669555312721e-06,3.200613021850586,0.34469547867774963,3.200609576034827,0.0,320166.755006718,99.99906345727402,0.01584679121433333,66,sleep,32.203000000008615,2
320000,nan,3.200609576034827,9.99669555312721e-06,3.200613021850586,0.34469547867774963,3.200609576034827,0.0,320166.755006718,99.99906345727402,0.01584679121433333,66,sleep,32.25,2
320000,nan,3.200609576034827,9.99669555312721e-06,3.200613021850586,0.34469547867774963,3.200609576034827,0.0,320166.755006718,99.99906345727402,0.01584679121433333,66,sleep,32.29700000000594,2
320000,nan,3.2006095759827864,9.996846529247705e-06,3.200613021850586,0.34469547867774963,3.2006095759827864,0.0,320161.91972326324,99.99906337275509,0.015848221318767376,67,sleep,32.344000000011874,2
320000,nan,3.2006095759827864,9.996846529247705e-06,3.200613021850586,0.34469547867774963,3.2006095759827864,0.0,320161.91972326324,99.99906337275509,0.015848221318767376,67,sleep,32.40700000000652,2
320000,nan,3.2006095759827864,9.996846529247705e-06,3.200613021850586,0.34469547867774963,3.2006095759827864,0.0,320161.91972326324,99.99906337275509,0.015848221318767376,67,sleep,32.453000000008615,2
320000,nan,3.2006095759827864,9.996846529247705e-06,3.200613021850586,0.34469547867774963,3.2006095759827864,0.0,320161.91972326324,99.99906337275509,0.015848221318767376,67,sleep,32.5,2
320000,nan,3.2006095759827864,9.996846529247705e-06,3.200613021850586,0.34469547867774963,3.2006095759827864,0.0,320161.91972326324,99.99906337275509,0.015848221318767376,67,sleep,32.54700000000594,2
320000,nan,3.2006095759827864,9.996846529247705e-06,3.200613021850586,0.34469547867774963,3.2006095759827864,0.0,320161.91972326324,99.99906337275509,0.015848221318767376,67,sleep,32.594000000011874,2
320000,nan,3.2006095759827864,9.996846529247705e-06,3.200613021850586,0.34469547867774963,3.2006095759827864,0.0,320161.91972326324,99.99906337275509,0.015848221318767376,67,sleep,32.65700000000652,2
320000,nan,3.2006095759827864,9.996846529247705e-06,3.200613021850586,0.34469547867774963,3.2006095759827864,0.0,320161.91972326324,99.99906337275509,0.015848221318767376,67,sleep,32.703000000008615,2
320000,nan,3.2006095759827864,9.996846529247705e-06,3.200613021850586,0.34469547867774963,3.2006095759827864,0.0,320161.91972326324,99.99906337275509,0.015848221318767376,67,sleep,32.75,2
320000,nan,3.2006095759827864,9.996846529247705e-06,3.200613021850586,0.34469547867774963,3.2006095759827864,0.0,320161.91972326324,99.99906337275509,0.015848221318767376,67,sleep,32.79700000000594,2
320000,nan,3.20060957578685,9.997414963436313e-06,3.200613021850586,0.34469547867774963,3.20060957578685,0.0,320143.71589980857,99.99906328806722,0.01584965428157881,68,sleep,32.844000000011874,2
320000,nan,3.20060957578685,9.997414963436313e-06,3.200613021850586,0.34469547867774963,3.20060957578685,0.0,320143.71589980857,99.99906328806722,0.01584965428157881,68,sleep,32.90700000000652,2
320000,nan,3.20060957578685,9.997414963436313e-06,3.200613021850586,0.34469547867774963,3.20060957578685,0.0,320143.71589980857,99.99906328806722,0.01584965428157881,68,sleep,32.953000000008615,2
320000,nan,3.20060957578685,9.997414963436313e-06,3.200613021850586,0.34469547867774963,3.20060957578685,0.0,320143.71589980857,99.99906328806722,0.01584965428157881,68,sleep,33.0,2
320000,nan,3.20060957578685,9.997414963436313e-06,3.200613021850586,0.34469547867774963,3.20060957578685,0.0,320143.71589980857,99.99906328806722,0.01584965428157881,68,sleep,33.04700000000594,2
320000,nan,3.20060957578685,9.997414963436313e-06,3.200613021850586,0.34469547867774963,3.20060957578685,0.0,320143.71589980857,99.99906328806722,0.01584965428157881,68,sleep,33.094000000011874,2
320000,nan,3.20060957578685,9.997414963436313e-06,3.200613021850586,0.34469547867774963,3.20060957578685,0.0,320143.71589980857,99.99906328806722,0.01584965428157881,68,sleep,33.15700000000652,2
320000,nan,3.20060957578685,9.997414963436313e-06,3.200613021850586,0.34469547867774963,3.20060957578685,0.0,320143.71589980857,99.99906328806722,0.01584965428157881,68,sleep,33.203000000008615,2
320000,nan,3.20060957578685,9.997414963436313e-06,3.200613021850586,0.34469547867774963,3.20060957578685,0.0,320143.71589980857,99.99906328806722,0.01584965428157881,68,sleep,33.25,2
320000,nan,3.20060957578685,9.997414963436313e-06,3.200613021850586,0.34469547867774963,3.20060957578685,0.0,320143.71589980857,99.99906328806722,0.01584965428157881,68,sleep,33.29700000000594,2
320000,nan,3.200609579449455,9.9867893368355e-06,3.200613021850586,0.34469547867774963,3.200609579449455,0.0,320484.3390101616,99.99906320363333,0.015851082947275604,69,sleep,33.344000000011874,2
320000,nan,3.200609579449455,9.9867893368355e-06,3.200613021850586,0.34469547867774963,3.200609579449455,0.0,320484.3390101616,99.99906320363333,0.015851082947275604,69,sleep,33.40700000000652,2
320000,nan,3.200609579449455,9.9867893368355e-06,3.200613021850586,0.34469547867774963,3.200609579449455,0.0,320484.3390101616,99.99906320363333,0.015851082947275604,69,sleep,33.453000000008615,2
320000,nan,3.200609579449455,9.9867893368355e-06,3.200613021850586,0.34469547867774963,3.200609579449455,0.0,320484.3390101616,99.99906320363333,0.015851082947275604,69,sleep,33.5,2
320000,nan,3.200609579449455,9.9867893368355e-06,3.200613021850586,0.34469547867774963,3.200609579449455,0.0,320484.3390101616,99.99906320363333,0.015851082947275604,69,sleep,33.54700000000594,2
320000,nan,3.200609579449455,9.9867893368355e-06,3.200613021850586,0.34469547867774963,3.200609579449455,0.0,320484.3390101616,99.99906320363333,0.015851082947275604,69,sleep,33.594000000011874,2
320000,nan,3.200609579449455,9.9867893368355e-06,3.200613021850586,0.34469547867774963,3.200609579449455,0.0,320484.3390101616,99.99906320363333,0.015851082947275604,69,sleep,33.65700000000652,2
320000,nan,3.200609579449455,9.9867893368355e-06,3.200613021850586,0.34469547867774963,3.200609579449455,0.0,320484.3390101616,99.99906320363333,0.015851082947275604,69,sleep,33.703000000008615,2
320000,nan,3.200609579449455,9.9867893368355e-06,3.200613021850586,0.34469547867774963,3.200609579449455,0.0,320484.3390101616,99.99906320363333,0.015851082947275604,69,sleep,33.75,2
320000,nan,3.200609579449455,9.9867893368355e-06,3.200613021850586,0.34469547867774963,3.200609579449455,0.0,320484.3390101616,99.99906320363333,0.015851082947275604,69,sleep,33.79700000000594,2
320000,nan,3.200609576157405,9.996339940698817e-06,3.200613021850586,0.34469547867774963,3.200609576157405,0.0,320178.1447154006,99.99906311895455,0.015852515756000447,70,sleep,33.844000000011874,2
3200,nan,3.200609576157405,9.996339940698817e-06,3.200613021850586,0.34469547867774963,3.200609576157405,0.0,320178.1447154006,99.99906311895455,0.015852515756000447,70,wake,34.23500000000058,2
3200,nan,3.200609576157405,9.996339940698817e-06,3.200613021850586,0.34469547867774963,3.200609576157405,0.0,320178.1447154006,99.99906311895455,0.015852515756000447,70,wake,34.29700000000594,2
3200,nan,3.200609576157405,9.996339940698817e-06,3.200613021850586,0.34469547867774963,3.200609576157405,0.0,320178.1447154006,99.99906311895455,0.015852515756000447,70,wake,34.344000000011874,2
3200,nan,3.2006095747338072,1.0000469956139568e-05,3.200613021850586,0.34469547867774963,3.2006095747338072,0.0,320045.9167190301,99.9990630368676,0.015853904710161022,71,wake,34.39100000000326,2
3200,nan,3.2006095747338072,1.0000469956139568e-05,3.200613021850586,0.34469547867774963,3.2006095747338072,0.0,320045.9167190301,99.9990630368676,0.015853904710161022,71,wake,34.4380000000092,2
3200,nan,3.2006095747338072,1.0000469956139568e-05,3.200613021850586,0.34469547867774963,3.2006095747338072,0.0,320045.9167190301,99.9990630368676,0.015853904710161022,71,wake,34.5,2
3200,nan,3.2006095747338072,1.0000469956139568e-05,3.200613021850586,0.34469547867774963,3.2006095747338072,0.0,320045.9167190301,99.9990630368676,0.015853904710161022,71,wake,34.54700000000594,2
3200,nan,3.2006095747338072,1.0000469956139568e-05,3.200613021850586,0.34469547867774963,3.2006095747338072,0.0,320045.9167190301,99.9990630368676,0.015853904710161022,71,wake,34.594000000011874,2
3200,nan,3.2006095747338072,1.0000469956139568e-05,3.200613021850586,0.34469547867774963,3.2006095747338072,0.0,320045.9167190301,99.9990630368676,0.015853904710161022,71,wake,34.64100000000326,2
3200,nan,3.2006095747338072,1.0000469956139568e-05,3.200613021850586,0.34469547867774963,3.2006095747338072,0.0,320045.9167190301,99.9990630368676,0.015853904710161022,71,wake,34.6880000000092,2
3200,nan,3.2006095747338072,1.0000469956139568e-05,3.200613021850586,0.34469547867774963,3.2006095747338072,0.0,320045.9167190301,99.9990630368676,0.015853904710161022,71,wake,34.75,2
3200,nan,3.2006095747338072,1.0000469956139568e-05,3.200613021850586,0.34469547867774963,3.2006095747338072,0.0,320045.9167190301,99.9990630368676,0.015853904710161022,71,wake,34.79700000000594,2
320000,nan,3.2002682997106535,0.0010000773472711444,3.200613021850586,0.34469547867774963,3.2002682997106535,0.0,3200.0207868351863,99.99905482792248,0.01599280434172646,72,sleep,35.203000000008615,2
320000,nan,3.2002682997106535,0.0010000773472711444,3.200613021850586,0.34469547867774963,3.2002682997106535,0.0,3200.0207868351863,99.99905482792248,0.01599280434172646,72,sleep,35.26600000000326,2
320000,nan,3.2002682997106535,0.0010000773472711444,3.200613021850586,0.34469547867774963,3.2002682997106535,0.0,3200.0207868351863,99.99905482792248,0.01599280434172646,72,sleep,35.3130000000092,2
320000,nan,3.2002682997106535,0.0010000773472711444,3.200613021850586,0.34469547867774963,3.2002682997106535,0.0,3200.0207868351863,99.99905482792248,0.01599280434172646,72,sleep,35.36000000000058,2
320000,nan,3.200336104556277,0.0008033679332584143,3.200613021850586,0.34469547867774963,3.200336104556277,0.0,3983.6492994883392,99.99904802261184,0.01610795374549098,73,sleep,35.40700000000652,2
320000,nan,3.200336104556277,0.0008033679332584143,3.200613021850586,0.34469547867774963,3.200336104556277,0.0,3983.6492994883392,99.99904802261184,0.01610795374549098,73,sleep,35.469000000011874,2
320000,nan,3.200336104556277,0.0008033679332584143,3.200613021850586,0.34469547867774963,3.200336104556277,0.0,3983.6492994883392,99.99904802261184,0.01610795374549098,73,sleep,35.51600000000326,2
320000,nan,3.200336104556277,0.0008033679332584143,3.200613021850586,0.34469547867774963,3.200336104556277,0.0,3983.6492994883392,99.99904802261184,0.01610795374549098,73,sleep,35.5630000000092,2
320000,nan,3.200336104556277,0.0008033679332584143,3.200613021850586,0.34469547867774963,3.200336104556277,0.0,3983.6492994883392,99.99904802261184,0.01610795374549098,73,sleep,35.61000000000058,2
320000,nan,3.200336104556277,0.0008033679332584143,3.200613021850586,0.34469547867774963,3.200336104556277,0.0,3983.6492994883392,99.99904802261184,0.01610795374549098,73,sleep,35.65700000000652,2
320000,nan,3.200336104556277,0.0008033679332584143,3.200613021850586,0.34469547867774963,3.200336104556277,0.0,3983.6492994883392,99.99904802261184,0.01610795374549098,73,sleep,35.719000000011874,2
320000,nan,3.200336104556277,0.0008033679332584143,3.200613021850586,0.34469547867774963,3.200336104556277,0.0,3983.6492994883392,99.99904802261184,0.01610795374549098,73,sleep,35.76600000000326,2
320000,nan,3.200336104556277,0.0008033679332584143,3.200613021850586,0.34469547867774963,3.200336104556277,0.0,3983.6492994883392,99.99904802261184,0.01610795374549098,73,sleep,35.8130000000092,2
320000,nan,3.200336104556277,0.0008033679332584143,3.200613021850586,0.34469547867774963,3.200336104556277,0.0,3983.6492994883392,99.99904802261184,0.01610795374549098,73,sleep,35.86000000000058,2
320000,nan,3.200609580901581,9.982576557376888e-06,3.200613021850586,0.34469547867774963,3.200609580901581,0.0,320619.58778932743,99.99904793821356,0.01610938180852627,74,sleep,35.90700000000652,2
320000,nan,3.200609580901581,9.982576557376888e-06,3.200613021850586,0.34469547867774963,3.200609580901581,0.0,320619.58778932743,99.99904793821356,0.01610938180852627,74,sleep,35.969000000011874,2
320000,nan,3.200609580901581,9.982576557376888e-06,3.200613021850586,0.34469547867774963,3.200609580901581,0.0,320619.58778932743,99.99904793821356,0.01610938180852627,74,sleep,36.01600000000326,2
320000,nan,3.200609580901581,9.982576557376888e-06,3.200613021850586,0.34469547867774963,3.200609580901581,0.0,320619.58778932743,99.99904793821356,0.01610938180852627,74,sleep,36.0630000000092,2
320000,nan,3.200609580901581,9.982576557376888e-06,3.200613021850586,0.34469547867774963,3.200609580901581,0.0,320619.58778932743,99.99904793821356,0.01610938180852627,74,sleep,36.11000000000058,2
320000,nan,3.200609580901581,9.982576557376888e-06,3.200613021850586,0.34469547867774963,3.200609580901581,0.0,320619.58778932743,99.99904793821356,0.01610938180852627,74,sleep,36.15700000000652,2
320000,nan,3.200609580901581,9.982576557376888e-06,3.200613021850586,0.34469547867774963,3.200609580901581,0.0,320619.58778932743,99.99904793821356,0.01610938180852627,74,sleep,36.219000000011874,2
320000,nan,3.200609580901581,9.982576557376888e-06,3.200613021850586,0.34469547867774963,3.200609580901581,0.0,320619.58778932743,99.99904793821356,0.01610938180852627,74,sleep,36.26600000000326,2
320000,nan,3.200609580901581,9.982576557376888e-06,3.200613021850586,0.34469547867774963,3.200609580901581,0.0,320619.58778932743,99.99904793821356,0.01610938180852627,74,sleep,36.3130000000092,2
320000,nan,3.200609580901581,9.982576557376888e-06,3.200613021850586,0.34469547867774963,3.200609580901581,0.0,320619.58778932743,99.99904793821356,0.01610938180852627,74,sleep,36.36000000000058,2
320000,nan,3.200609580901581,9.982576557376888e-06,3.200613021850586,0.34469547867774963,3.200609580901581,0.0,320619.58778932743,99.99904793821356,0.01610938180852627,74,sleep,36.40700000000652,2
320000,nan,3.2006095777487245,9.991723345592618e-06,3.200613021850586,0.34469547867774963,3.2006095777487245,0.0,320326.0806015535,99.99904785357391,0.016110813955539146,75,sleep,36.469000000011874,2
320000,nan,3.2006095777487245,9.991723345592618e-06,3.200613021850586,0.34469547867774963,3.2006095777487245,0.0,320326.0806015535,99.99904785357391,0.016110813955539146,75,sleep,36.51600000000326,2
320000,nan,3.2006095777487245,9.991723345592618e-06,3.200613021850586,0.34469547867774963,3.2006095777487245,0.0,320326.0806015535,99.99904785357391,0.016110813955539146,75,sleep,36.5630000000092,2
320000,nan,3.2006095777487245,9.991723345592618e-06,3.200613021850586,0.34469547867774963,3.2006095777487245,0.0,320326.0806015535,99.99904785357391,0.016110813955539146,75,sleep,36.61000000000058,2
320000,nan,3.2006095777487245,9.991723345592618e-06,3.200613021850586,0.34469547867774963,3.2006095777487245,0.0,320326.0806015535,99.99904785357391,0.016110813955539146,75,sleep,36.65700000000652,2
100,nan,3.2006095815756033,9.980621143768076e-06,3.200613021850586,0.34469547867774963,3.2006095815756033,0.0,320682.40397783974,99.99904776902831,0.01611224451123643,76,tx,37.04700000000594,2
100,nan,3.2006095815756033,9.980621143768076e-06,3.200613021850586,0.34469547867774963,3.2006095815756033,0.0,320682.40397783974,99.99904776902831,0.01611224451123643,76,tx,37.11000000000058,2
100,nan,3.2006095815756033,9.980621143768076e-06,3.200613021850586,0.34469547867774963,3.2006095815756033,0.0,320682.40397783974,99.99904776902831,0.01611224451123643,76,tx,37.15700000000652,2
100,nan,3.2006095815756033,9.980621143768076e-06,3.200613021850586,0.34469547867774963,3.2006095815756033,0.0,320682.40397783974,99.99904776902831,0.01611224451123643,76,tx,37.203000000008615,2
100,nan,3.2006095815756033,9.980621143768076e-06,3.200613021850586,0.34469547867774963,3.2006095815756033,0.0,320682.40397783974,99.99904776902831,0.01611224451123643,76,tx,37.25,2
100,nan,3.2006095815756033,9.980621143768076e-06,3.200613021850586,0.34469547867774963,3.2006095815756033,0.0,320682.40397783974,99.99904776902831,0.01611224451123643,76,tx,37.3130000000092,2
100,nan,3.2006095815756033,9.980621143768076e-06,3.200613021850586,0.34469547867774963,3.2006095815756033,0.0,320682.40397783974,99.99904776902831,0.01611224451123643,76,tx,37.36000000000058,2
100,nan,3.2006095815756033,9.980621143768076e-06,3.200613021850586,0.34469547867774963,3.2006095815756033,0.0,320682.40397783974,99.99904776902831,0.01611224451123643,76,tx,37.40700000000652,2
320000,nan,3.192194111521869,0.024424197152256966,3.200613021850586,0.34469547867774963,3.192194111521869,0.0,130.69801605441464,99.99884127319908,0.019606261603847017,77,sleep,37.79700000000594,2
320000,nan,3.192194111521869,0.024424197152256966,3.200613021850586,0.34469547867774963,3.192194111521869,0.0,130.69801605441464,99.99884127319908,0.019606261603847017,77,sleep,37.86000000000058,2
320000,nan,3.192194111521869,0.024424197152256966,3.200613021850586,0.34469547867774963,3.192194111521869,0.0,130.69801605441464,99.99884127319908,0.019606261603847017,77,sleep,37.90700000000652,2
320000,nan,3.191345267201939,0.02688678912818432,3.200613021850586,0.34469547867774963,3.191345267201939,0.0,118.69566321166191,99.99862057809253,0.023340537871650396,78,sleep,37.953000000008615,2
320000,nan,3.191345267201939,0.02688678912818432,3.200613021850586,0.34469547867774963,3.191345267201939,0.0,118.69566321166191,99.99862057809253,0.023340537871650396,78,sleep,38.0,2
320000,nan,3.191345267201939,0.02688678912818432,3.200613021850586,0.34469547867774963,3.191345267201939,0.0,118.69566321166191,99.99862057809253,0.023340537871650396,78,sleep,38.0630000000092,2
320000,nan,3.191345267201939,0.02688678912818432,3.200613021850586,0.34469547867774963,3.191345267201939,0.0,118.69566321166191,99.99862057809253,0.023340537871650396,78,sleep,38.11000000000058,2
320000,nan,3.191345267201939,0.02688678912818432,3.200613021850586,0.34469547867774963,3.191345267201939,0.0,118.69566321166191,99.99862057809253,0.023340537871650396,78,sleep,38.15700000000652,2
320000,nan,3.191345267201939,0.02688678912818432,3.200613021850586,0.34469547867774963,3.191345267201939,0.0,118.69566321166191,99.99862057809253,0.023340537871650396,78,sleep,38.203000000008615,2
320000,nan,3.191345267201939,0.02688678912818432,3.200613021850586,0.34469547867774963,3.191345267201939,0.0,118.69566321166191,99.99862057809253,0.023340537871650396,78,sleep,38.25,2
320000,nan,3.191345267201939,0.02688678912818432,3.200613021850586,0.34469547867774963,3.191345267201939,0.0,118.69566321166191,99.99862057809253,0.023340537871650396,78,sleep,38.3130000000092,2
320000,nan,3.191345267201939,0.02688678912818432,3.200613021850586,0.34469547867774963,3.191345267201939,0.0,118.69566321166191,99.99862057809253,0.023340537871650396,78,sleep,38.36000000000058,2
320000,nan,3.191345267201939,0.02688678912818432,3.200613021850586,0.34469547867774963,3.191345267201939,0.0,118.69566321166191,99.99862057809253,0.023340537871650396,78,sleep,38.40700000000652,2
320000,nan,3.191345267201939,0.02688678912818432,3.200613021850586,0.34469547867774963,3.191345267201939,0.0,118.69566321166191,99.99862057809253,0.023340537871650396,78,sleep,38.453000000008615,2
320000,nan,3.200609588517405,9.960482202586718e-06,3.200613021850586,0.34469547867774963,3.200609588517405,0.0,321330.7873474452,99.99862049371752,0.023341965540766108,79,sleep,38.5,2
320000,nan,3.200609588517405,9.960482202586718e-06,3.200613021850586,0.34469547867774963,3.200609588517405,0.0,321330.7873474452,99.99862049371752,0.023341965540766108,79,sleep,38.5630000000092,2
320000,nan,3.200609588517405,9.960482202586718e-06,3.200613021850586,0.34469547867774963,3.200609588517405,0.0,321330.7873474452,99.99862049371752,0.023341965540766108,79,sleep,38.61000000000058,2
320000,nan,3.200609588517405,9.960482202586718e-06,3.200613021850586,0.34469547867774963,3.200609588517405,0.0,321330.7873474452,99.99862049371752,0.023341965540766108,79,sleep,38.65700000000652,2
320000,nan,3.200609588517405,9.960482202586718e-06,3.200613021850586,0.34469547867774963,3.200609588517405,0.0,321330.7873474452,99.99862049371752,0.023341965540766108,79,sleep,38.703000000008615,2
320000,nan,3.200609588517405,9.960482202586718e-06,3.200613021850586,0.34469547867774963,3.200609588517405,0.0,321330.7873474452,99.99862049371752,0.023341965540766108,79,sleep,38.75,2
320000,nan,3.200609588517405,9.960482202586718e-06,3.200613021850586,0.34469547867774963,3.200609588517405,0.0,321330.7873474452,99.99862049371752,0.023341965540766108,79,sleep,38.8130000000092,2
320000,nan,3.200609588517405,9.960482202586718e-06,3.200613021850586,0.34469547867774963,3.200609588517405,0.0,321330.7873474452,99.99862049371752,0.023341965540766108,79,sleep,38.86000000000058,2
320000,nan,3.200609588517405,9.960482202586718e-06,3.200613021850586,0.34469547867774963,3.200609588517405,0.0,321330.7873474452,99.99862049371752,0.023341965540766108,79,sleep,38.90700000000652,2
320000,nan,3.200609588517405,9.960482202586718e-06,3.200613021850586,0.34469547867774963,3.200609588517405,0.0,321330.7873474452,99.99862049371752,0.023341965540766108,79,sleep,38.953000000008615,2
320000,nan,3.200609579952934,9.985328688344453e-06,3.200613021850586,0.34469547867774963,3.200609579952934,0.0,320531.2193367156,99.99862040929597,0.023343393997509024,80,sleep,39.0,2
320000,nan,3.200609579952934,9.985328688344453e-06,3.200613021850586,0.34469547867774963,3.200609579952934,0.0,320531.2193367156,99.99862040929597,0.023343393997509024,80,sleep,39.0630000000092,2
320000,nan,3.200609579952934,9.985328688344453e-06,3.200613021850586,0.34469547867774963,3.200609579952934,0.0,320531.2193367156,99.99862040929597,0.023343393997509024,80,sleep,39.11000000000058,2
320000,nan,3.200609579952934,9.985328688344453e-06,3.200613021850586,0.34469547867774963,3.200609579952934,0.0,320531.2193367156,99.99862040929597,0.023343393997509024,80,sleep,39.15700000000652,2
320000,nan,3.200609579952934,9.985328688344453e-06,3.200613021850586,0.34469547867774963,3.200609579952934,0.0,320531.2193367156,99.99862040929597,0.023343393997509024,80,sleep,39.203000000008615,2
320000,nan,3.200609579952934,9.985328688344453e-06,3.200613021850586,0.34469547867774963,3.200609579952934,0.0,320531.2193367156,99.99862040929597,0.023343393997509024,80,sleep,39.25,2
320000,nan,3.200609579952934,9.985328688344453e-06,3.200613021850586,0.34469547867774963,3.200609579952934,0.0,320531.2193367156,99.99862040929597,0.023343393997509024,80,sleep,39.3130000000092,2
320000,nan,3.200609579952934,9.985328688344453e-06,3.200613021850586,0.34469547867774963,3.200609579952934,0.0,320531.2193367156,99.99862040929597,0.023343393997509024,80,sleep,39.36000000000058,2
320000,nan,3.200609579952934,9.985328688344453e-06,3.200613021850586,0.34469547867774963,3.200609579952934,0.0,320531.2193367156,99.99862040929597,0.023343393997509024,80,sleep,39.40700000000652,2
320000,nan,3.200609579952934,9.985328688344453e-06,3.200613021850586,0.34469547867774963,3.200609579952934,0.0,320531.2193367156,99.99862040929597,0.023343393997509024,80,sleep,39.453000000008615,2
320000,nan,3.2006095802294396,9.984526514017489e-06,3.200613021850586,0.34469547867774963,3.2006095802294396,0.0,320556.9714033045,99.99862032471728,0.02334482511297604,81,sleep,39.5,2
320000,nan,3.2006095802294396,9.984526514017489e-06,3.200613021850586,0.34469547867774963,3.2006095802294396,0.0,320556.9714033045,99.99862032471728,0.02334482511297604,81,sleep,39.5630000000092,2
320000,nan,3.2006095802294396,9.984526514017489e-06,3.200613021850586,0.34469547867774963,3.2006095802294396,0.0,320556.9714033045,99.99862032471728,0.02334482511297604,81,sleep,39.61000000000058,2
320000,nan,3.2006095802294396,9.984526514017489e-06,3.200613021850586,0.34469547867774963,3.2006095802294396,0.0,320556.9714033045,99.99862032471728,0.02334482511297604,81,sleep,39.65700000000652,2
320000,nan,3.2006095802294396,9.984526514017489e-06,3.200613021850586,0.34469547867774963,3.2006095802294396,0.0,320556.9714033045,99.99862032471728,0.02334482511297604,81,sleep,39.703000000008615,2
320000,nan,3.2006095802294396,9.984526514017489e-06,3.200613021850586,0.34469547867774963,3.2006095802294396,0.0,320556.9714033045,99.99862032471728,0.02334482511297604,81,sleep,39.75,2
320000,nan,3.2006095802294396,9.984526514017489e-06,3.200613021850586,0.34469547867774963,3.2006095802294396,0.0,320556.9714033045,99.99862032471728,0.02334482511297604,81,sleep,39.8130000000092,2
320000,nan,3.2006095802294396,9.984526514017489e-06,3.200613021850586,0.34469547867774963,3.2006095802294396,0.0,320556.9714033045,99.99862032471728,0.02334482511297604,81,sleep,39.86000000000058,2
320000,nan,3.2006095802294396,9.984526514017489e-06,3.200613021850586,0.34469547867774963,3.2006095802294396,0.0,320556.9714033045,99.99862032471728,0.02334482511297604,81,sleep,39.90700000000652,2
320000,nan,3.2006095802294396,9.984526514017489e-06,3.200613021850586,0.34469547867774963,3.2006095802294396,0.0,320556.9714033045,99.99862032471728,0.02334482511297604,81,sleep,39.953000000008615,2
320000,nan,3.2006095802294396,9.984526514017489e-06,3.200613021850586,0.34469547867774963,3.2006095802294396,0.0,320556.9714033045,99.99862032471728,0.02334482511297604,81,sleep,40.0,2
320000,nan,3.2006095778938746,9.991302249545697e-06,3.200613021850586,0.34469547867774963,3.2006095778938746,0.0,320339.58116314677,99.99862024008121,0.02334625719963178,82,sleep,40.0630000000092,2
320000,nan,3.2006095778938746,9.991302249545697e-06,3.200613021850586,0.34469547867774963,3.2006095778938746,0.0,320339.58116314677,99.99862024008121,0.02334625719963178,82,sleep,40.11000000000058,2
320000,nan,3.2006095778938746,9.991302249545697e-06,3.200613021850586,0.34469547867774963,3.2006095778938746,0.0,320339.58116314677,99.99862024008121,0.02334625719963178,82,sleep,40.15700000000652,2
320000,nan,3.2006095778938746,9.991302249545697e-06,3.200613021850586,0.34469547867774963,3.2006095778938746,0.0,320339.58116314677,99.99862024008121,0.02334625719963178,82,sleep,40.203000000008615,2
320000,nan,3.2006095778938746,9.991302249545697e-06,3.200613021850586,0.34469547867774963,3.2006095778938746,0.0,320339.58116314677,99.99862024008121,0.02334625719963178,82,sleep,40.25,2
320000,nan,3.2006095778938746,9.991302249545697e-06,3.200613021850586,0.34469547867774963,3.2006095778938746,0.0,320339.58116314677,99.99862024008121,0.02334625719963178,82,sleep,40.3130000000092,2
320000,nan,3.2006095778938746,9.991302249545697e-06,3.200613021850586,0.34469547867774963,3.2006095778938746,0.0,320339.58116314677,99.99862024008121,0.02334625719963178,82,sleep,40.36000000000058,2
320000,nan,3.2006095778938746,9.991302249545697e-06,3.200613021850586,0.34469547867774963,3.2006095778938746,0.0,320339.58116314677,99.99862024008121,0.02334625719963178,82,sleep,40.40700000000652,2
320000,nan,3.2006095778938746,9.991302249545697e-06,3.200613021850586,0.34469547867774963,3.2006095778938746,0.0,320339.58116314677,99.99862024008121,0.02334625719963178,82,sleep,40.453000000008615,2
320000,nan,3.2006095778938746,9.991302249545697e-06,3.200613021850586,0.34469547867774963,3.2006095778938746,0.0,320339.58116314677,99.99862024008121,0.02334625719963178,82,sleep,40.5,2
320000,nan,3.200609575664585,9.997769666370004e-06,3.200613021850586,0.34469547867774963,3.200609575664585,0.0,320132.3577628153,99.99862015555446,0.023347687436125714,83,sleep,40.5630000000092,2
320000,nan,3.200609575664585,9.997769666370004e-06,3.200613021850586,0.34469547867774963,3.200609575664585,0.0,320132.3577628153,99.99862015555446,0.023347687436125714,83,sleep,40.61000000000058,2
320000,nan,3.200609575664585,9.997769666370004e-06,3.200613021850586,0.34469547867774963,3.200609575664585,0.0,320132.3577628153,99.99862015555446,0.023347687436125714,83,sleep,40.65700000000652,2
320000,nan,3.200609575664585,9.997769666370004e-06,3.200613021850586,0.34469547867774963,3.200609575664585,0.0,320132.3577628153,99.99862015555446,0.023347687436125714,83,sleep,40.703000000008615,2
320000,nan,3.200609575664585,9.997769666370004e-06,3.200613021850586,0.34469547867774963,3.200609575664585,0.0,320132.3577628153,99.99862015555446,0.023347687436125714,83,sleep,40.75,2
320000,nan,3.200609575664585,9.997769666370004e-06,3.200613021850586,0.34469547867774963,3.200609575664585,0.0,320132.3577628153,99.99862015555446,0.023347687436125714,83,sleep,40.8130000000092,2
320000,nan,3.200609575664585,9.997769666370004e-06,3.200613021850586,0.34469547867774963,3.200609575664585,0.0,320132.3577628153,99.99862015555446,0.023347687436125714,83,sleep,40.86000000000058,2
320000,nan,3.200609575664585,9.997769666370004e-06,3.200613021850586,0.34469547867774963,3.200609575664585,0.0,320132.3577628153,99.99862015555446,0.023347687436125714,83,sleep,40.90700000000652,2
320000,nan,3.200609575664585,9.997769666370004e-06,3.200613021850586,0.34469547867774963,3.200609575664585,0.0,320132.3577628153,99.99862015555446,0.023347687436125714,83,sleep,40.953000000008615,2
320000,nan,3.200609575664585,9.997769666370004e-06,3.200613021850586,0.34469547867774963,3.200609575664585,0.0,320132.3577628153,99.99862015555446,0.023347687436125714,83,sleep,41.0,2
320000,nan,3.200609577135521,9.993502317229286e-06,3.200613021850586,0.34469547867774963,3.200609577135521,0.0,320269.0583878201,99.99862007089973,0.023349119838124526,84,sleep,41.0630000000092,2
320000,nan,3.200609577135521,9.993502317229286e-06,3.200613021850586,0.34469547867774963,3.200609577135521,0.0,320269.0583878201,99.99862007089973,0.023349119838124526,84,sleep,41.11000000000058,2
320000,nan,3.200609577135521,9.993502317229286e-06,3.200613021850586,0.34469547867774963,3.200609577135521,0.0,320269.0583878201,99.99862007089973,0.023349119838124526,84,sleep,41.15700000000652,2
320000,nan,3.200609577135521,9.993502317229286e-06,3.200613021850586,0.34469547867774963,3.200609577135521,0.0,320269.0583878201,99.99862007089973,0.023349119838124526,84,sleep,41.203000000008615,2
320000,nan,3.200609577135521,9.993502317229286e-06,3.200613021850586,0.34469547867774963,3.200609577135521,0.0,320269.0583878201,99.99862007089973,0.023349119838124526,84,sleep,41.25,2
320000,nan,3.200609577135521,9.993502317229286e-06,3.200613021850586,0.34469547867774963,3.200609577135521,0.0,320269.0583878201,99.99862007089973,0.023349119838124526,84,sleep,41.3130000000092,2
320000,nan,3.200609577135521,9.993502317229286e-06,3.200613021850586,0.34469547867774963,3.200609577135521,0.0,320269.0583878201,99.99862007089973,0.023349119838124526,84,sleep,41.36000000000058,2
320000,nan,3.200609577135521,9.993502317229286e-06,3.200613021850586,0.34469547867774963,3.200609577135521,0.0,320269.0583878201,99.99862007089973,0.023349119838124526,84,sleep,41.40700000000652,2
320000,nan,3.200609577135521,9.993502317229286e-06,3.200613021850586,0.34469547867774963,3.200609577135521,0.0,320269.0583878201,99.99862007089973,0.023349119838124526,84,sleep,41.453000000008615,2
320000,nan,3.200609577135521,9.993502317229286e-06,3.200613021850586,0.34469547867774963,3.200609577135521,0.0,320269.0583878201,99.99862007089973,0.023349119838124526,84,sleep,41.5,2
320000,nan,3.200609578304871,9.990109901991673e-06,3.200613021850586,0.34469547867774963,3.200609578304871,0.0,320377.8146291247,99.99861998889781,0.023350507353388693,85,sleep,41.5630000000092,2
320000,nan,3.200609578304871,9.990109901991673e-06,3.200613021850586,0.34469547867774963,3.200609578304871,0.0,320377.8146291247,99.99861998889781,0.023350507353388693,85,sleep,41.61000000000058,2
320000,nan,3.200609578304871,9.990109901991673e-06,3.200613021850586,0.34469547867774963,3.200609578304871,0.0,320377.8146291247,99.99861998889781,0.023350507353388693,85,sleep,41.65700000000652,2
320000,nan,3.200609578304871,9.990109901991673e-06,3.200613021850586,0.34469547867774963,3.200609578304871,0.0,320377.8146291247,99.99861998889781,0.023350507353388693,85,sleep,41.703000000008615,2
320000,nan,3.200609578304871,9.990109901991673e-06,3.200613021850586,0.34469547867774963,3.200609578304871,0.0,320377.8146291247,99.99861998889781,0.023350507353388693,85,sleep,41.75,2
320000,nan,3.200609578304871,9.990109901991673e-06,3.200613021850586,0.34469547867774963,3.200609578304871,0.0,320377.8146291247,99.99861998889781,0.023350507353388693,85,sleep,41.8130000000092,2
320000,nan,3.200609578304871,9.990109901991673e-06,3.200613021850586,0.34469547867774963,3.200609578304871,0.0,320377.8146291247,99.99861998889781,0.023350507353388693,85,sleep,41.86000000000058,2
320000,nan,3.200609578304871,9.990109901991673e-06,3.200613021850586,0.34469547867774963,3.200609578304871,0.0,320377.8146291247,99.99861998889781,0.023350507353388693,85,sleep,41.90700000000652,2
320000,nan,3.200609578304871,9.990109901991673e-06,3.200613021850586,0.34469547867774963,3.200609578304871,0.0,320377.8146291247,99.99861998889781,0.023350507353388693,85,sleep,41.953000000008615,2
320000,nan,3.200609578304871,9.990109901991673e-06,3.200613021850586,0.34469547867774963,3.200609578304871,0.0,320377.8146291247,99.99861998889781,0.023350507353388693,85,sleep,42.0,2
320000,nan,3.2006095768072877,9.994454558182042e-06,3.200613021850586,0.34469547867774963,3.2006095768072877,0.0,320238.5441021474,99.99861990423503,0.023351939891875374,86,sleep,42.0630000000092,2
320000,nan,3.2006095768072877,9.994454558182042e-06,3.200613021850586,0.34469547867774963,3.2006095768072877,0.0,320238.5441021474,99.99861990423503,0.023351939891875374,86,sleep,42.11000000000058,2
320000,nan,3.2006095768072877,9.994454558182042e-06,3.200613021850586,0.34469547867774963,3.2006095768072877,0.0,320238.5441021474,99.99861990423503,0.023351939891875374,86,sleep,42.15700000000652,2
320000,nan,3.2006095768072877,9.994454558182042e-06,3.200613021850586,0.34469547867774963,3.2006095768072877,0.0,320238.5441021474,99.99861990423503,0.023351939891875374,86,sleep,42.203000000008615,2
320000,nan,3.2006095768072877,9.994454558182042e-06,3.200613021850586,0.34469547867774963,3.2006095768072877,0.0,320238.5441021474,99.99861990423503,0.023351939891875374,86,sleep,42.25,2
320000,nan,3.2006095768072877,9.994454558182042e-06,3.200613021850586,0.34469547867774963,3.2006095768072877,0.0,320238.5441021474,99.99861990423503,0.023351939891875374,86,sleep,42.3130000000092,2
320000,nan,3.2006095768072877,9.994454558182042e-06,3.200613021850586,0.34469547867774963,3.2006095768072877,0.0,320238.5441021474,99.99861990423503,0.023351939891875374,86,sleep,42.36000000000058,2
320000,nan,3.2006095768072877,9.994454558182042e-06,3.200613021850586,0.34469547867774963,3.2006095768072877,0.0,320238.5441021474,99.99861990423503,0.023351939891875374,86,sleep,42.40700000000652,2
320000,nan,3.2006095768072877,9.994454558182042e-06,3.200613021850586,0.34469547867774963,3.2006095768072877,0.0,320238.5441021474,99.99861990423503,0.023351939891875374,86,sleep,42.453000000008615,2
320000,nan,3.2006095768072877,9.994454558182042e-06,3.200613021850586,0.34469547867774963,3.2006095768072877,0.0,320238.5441021474,99.99861990423503,0.023351939891875374,86,sleep,42.5,2
320000,nan,3.2006095768072877,9.994454558182042e-06,3.200613021850586,0.34469547867774963,3.2006095768072877,0.0,320238.5441021474,99.99861990423503,0.023351939891875374,86,sleep,42.5630000000092,2
320000,nan,3.200609580607833,9.983428753912449e-06,3.200613021850586,0.34469547867774963,3.200609580607833,0.0,320592.21931678854,99.99861981982954,0.023353368076822114,87,sleep,42.61000000000058,2
320000,nan,3.200609580607833,9.983428753912449e-06,3.200613021850586,0.34469547867774963,3.200609580607833,0.0,320592.21931678854,99.99861981982954,0.023353368076822114,87,sleep,42.65700000000652,2
320000,nan,3.200609580607833,9.983428753912449e-06,3.200613021850586,0.34469547867774963,3.200609580607833,0.0,320592.21931678854,99.99861981982954,0.023353368076822114,87,sleep,42.703000000008615,2
320000,nan,3.200609580607833,9.983428753912449e-06,3.200613021850586,0.34469547867774963,3.200609580607833,0.0,320592.21931678854,99.99861981982954,0.023353368076822114,87,sleep,42.75,2
