r_setpoint_ohm,r_actual_ohm,v_out_V,i_measured_A,ocv_V,esr_ohm,v_predicted_V,voltage_error_mV,r_inferred_ohm,soc_pct,used_capacity_mAh,iteration,phase,t_s,cycle
320000,nan,3.2006087449654177,1.2407720532792155e-05,3.200613021850586,0.34469547867774963,3.2006087449654177,0.0,257953.00083577665,99.99999978979199,3.556829198623167e-06,3,sleep,0.0,0
320000,nan,3.200608741335416,1.2418251571943983e-05,3.200613021850586,0.34469547867774963,3.200608741335416,0.0,257734.24888302412,99.99999968785912,5.281586361393165e-06,4,sleep,0.0629999999946449,0
320000,nan,3.200608741335416,1.2418251571943983e-05,3.200613021850586,0.34469547867774963,3.200608741335416,0.0,257734.24888302412,99.99999968785912,5.281586361393165e-06,4,sleep,0.10899999999674037,0
320000,nan,3.200608741335416,1.2418251571943983e-05,3.200613021850586,0.34469547867774963,3.200608741335416,0.0,257734.24888302412,99.99999968785912,5.281586361393165e-06,4,sleep,0.15599999998812564,0
320000,nan,3.200608741335416,1.2418251571943983e-05,3.200613021850586,0.34469547867774963,3.200608741335416,0.0,257734.24888302412,99.99999968785912,5.281586361393165e-06,4,sleep,0.20299999999406282,0
320000,nan,3.200608741335416,1.2418251571943983e-05,3.200613021850586,0.34469547867774963,3.200608741335416,0.0,257734.24888302412,99.99999968785912,5.281586361393165e-06,4,sleep,0.2659999999887077,0
320000,nan,3.200608741335416,1.2418251571943983e-05,3.200613021850586,0.34469547867774963,3.200608741335416,0.0,257734.24888302412,99.99999968785912,5.281586361393165e-06,4,sleep,0.3129999999946449,0
320000,nan,3.200608741335416,1.2418251571943983e-05,3.200613021850586,0.34469547867774963,3.200608741335416,0.0,257734.24888302412,99.99999968785912,5.281586361393165e-06,4,sleep,0.35899999999674037,0
320000,nan,3.200608741335416,1.2418251571943983e-05,3.200613021850586,0.34469547867774963,3.200608741335416,0.0,257734.24888302412,99.99999968785912,5.281586361393165e-06,4,sleep,0.40599999998812564,0
320000,nan,3.200608741335416,1.2418251571943983e-05,3.200613021850586,0.34469547867774963,3.200608741335416,0.0,257734.24888302412,99.99999968785912,5.281586361393165e-06,4,sleep,0.4529999999940628,0
320000,nan,3.200608741335416,1.2418251571943983e-05,3.200613021850586,0.34469547867774963,3.200608741335416,0.0,257734.24888302412,99.99999968785912,5.281586361393165e-06,4,sleep,0.5159999999887077,0
320000,nan,3.2006087585220424,1.2368391253403388e-05,3.200613021850586,0.34469547867774963,3.2006087585220424,0.0,258773.2464916435,99.99999958633553,6.9994184799214135e-06,5,sleep,0.5629999999946449,0
320000,nan,3.2006087585220424,1.2368391253403388e-05,3.200613021850586,0.34469547867774963,3.2006087585220424,0.0,258773.2464916435,99.99999958633553,6.9994184799214135e-06,5,sleep,0.6089999999967404,0
320000,nan,3.2006087585220424,1.2368391253403388e-05,3.200613021850586,0.34469547867774963,3.2006087585220424,0.0,258773.2464916435,99.99999958633553,6.9994184799214135e-06,5,sleep,0.6559999999881256,0
320000,nan,3.2006087585220424,1.2368391253403388e-05,3.200613021850586,0.34469547867774963,3.2006087585220424,0.0,258773.2464916435,99.99999958633553,6.9994184799214135e-06,5,sleep,0.7029999999940628,0
320000,nan,3.2006087585220424,1.2368391253403388e-05,3.200613021850586,0.34469547867774963,3.2006087585220424,0.0,258773.2464916435,99.99999958633553,6.9994184799214135e-06,5,sleep,0.7659999999887077,0
320000,nan,3.2006087585220424,1.2368391253403388e-05,3.200613021850586,0.34469547867774963,3.2006087585220424,0.0,258773.2464916435,99.99999958633553,6.9994184799214135e-06,5,sleep,0.8129999999946449,0
320000,nan,3.2006087585220424,1.2368391253403388e-05,3.200613021850586,0.34469547867774963,3.2006087585220424,0.0,258773.2464916435,99.99999958633553,6.9994184799214135e-06,5,sleep,0.8589999999967404,0
320000,nan,3.2006087585220424,1.2368391253403388e-05,3.200613021850586,0.34469547867774963,3.2006087585220424,0.0,258773.2464916435,99.99999958633553,6.9994184799214135e-06,5,sleep,0.9059999999881256,0
320000,nan,3.2006087585220424,1.2368391253403388e-05,3.200613021850586,0.34469547867774963,3.2006087585220424,0.0,258773.2464916435,99.99999958633553,6.9994184799214135e-06,5,sleep,0.9529999999940628,0
320000,nan,3.2006087585220424,1.2368391253403388e-05,3.200613021850586,0.34469547867774963,3.2006087585220424,0.0,258773.2464916435,99.99999958633553,6.9994184799214135e-06,5,sleep,1.0159999999887077,0
320000,nan,3.2006087585220424,1.2368391253403388e-05,3.200613021850586,0.34469547867774963,3.2006087585220424,0.0,258773.2464916435,99.99999958633553,6.9994184799214135e-06,5,sleep,1.062999999994645,0
320000,nan,3.2006087577354743,1.2370673175610136e-05,3.200613021850586,0.34469547867774963,3.2006087577354743,0.0,258725.5125327985,99.99999948154385,8.772548301770067e-06,6,sleep,1.1089999999967404,0
320000,nan,3.2006087577354743,1.2370673175610136e-05,3.200613021850586,0.34469547867774963,3.2006087577354743,0.0,258725.5125327985,99.99999948154385,8.772548301770067e-06,6,sleep,1.1559999999881256,0
320000,nan,3.2006087577354743,1.2370673175610136e-05,3.200613021850586,0.34469547867774963,3.2006087577354743,0.0,258725.5125327985,99.99999948154385,8.772548301770067e-06,6,sleep,1.2029999999940628,0
320000,nan,3.2006087577354743,1.2370673175610136e-05,3.200613021850586,0.34469547867774963,3.2006087577354743,0.0,258725.5125327985,99.99999948154385,8.772548301770067e-06,6,sleep,1.2659999999887077,0
320000,nan,3.2006087577354743,1.2370673175610136e-05,3.200613021850586,0.34469547867774963,3.2006087577354743,0.0,258725.5125327985,99.99999948154385,8.772548301770067e-06,6,sleep,1.312999999994645,0
320000,nan,3.2006087577354743,1.2370673175610136e-05,3.200613021850586,0.34469547867774963,3.2006087577354743,0.0,258725.5125327985,99.99999948154385,8.772548301770067e-06,6,sleep,1.3589999999967404,0
320000,nan,3.2006087577354743,1.2370673175610136e-05,3.200613021850586,0.34469547867774963,3.2006087577354743,0.0,258725.5125327985,99.99999948154385,8.772548301770067e-06,6,sleep,1.4059999999881256,0
320000,nan,3.2006087577354743,1.2370673175610136e-05,3.200613021850586,0.34469547867774963,3.2006087577354743,0.0,258725.5125327985,99.99999948154385,8.772548301770067e-06,6,sleep,1.4529999999940628,0
320000,nan,3.2006087577354743,1.2370673175610136e-05,3.200613021850586,0.34469547867774963,3.2006087577354743,0.0,258725.5125327985,99.99999948154385,8.772548301770067e-06,6,sleep,1.5159999999887077,0
320000,nan,3.2006087577354743,1.2370673175610136e-05,3.200613021850586,0.34469547867774963,3.2006087577354743,0.0,258725.5125327985,99.99999948154385,8.772548301770067e-06,6,sleep,1.562999999994645,0
320000,nan,3.2006087266197865,1.2460943253245205e-05,3.200613021850586,0.34469547867774963,3.2006087266197865,0.0,256851.2400364436,99.9999993759875,1.0558616834746495e-05,7,sleep,1.6089999999967404,0
320000,nan,3.2006087266197865,1.2460943253245205e-05,3.200613021850586,0.34469547867774963,3.2006087266197865,0.0,256851.2400364436,99.9999993759875,1.0558616834746495e-05,7,sleep,1.6559999999881256,0
320000,nan,3.2006087266197865,1.2460943253245205e-05,3.200613021850586,0.34469547867774963,3.2006087266197865,0.0,256851.2400364436,99.9999993759875,1.0558616834746495e-05,7,sleep,1.7029999999940628,0
320000,nan,3.2006087266197865,1.2460943253245205e-05,3.200613021850586,0.34469547867774963,3.2006087266197865,0.0,256851.2400364436,99.9999993759875,1.0558616834746495e-05,7,sleep,1.7659999999887077,0
320000,nan,3.2006087266197865,1.2460943253245205e-05,3.200613021850586,0.34469547867774963,3.2006087266197865,0.0,256851.2400364436,99.9999993759875,1.0558616834746495e-05,7,sleep,1.812999999994645,0
320000,nan,3.2006087266197865,1.2460943253245205e-05,3.200613021850586,0.34469547867774963,3.2006087266197865,0.0,256851.2400364436,99.9999993759875,1.0558616834746495e-05,7,sleep,1.8589999999967404,0
320000,nan,3.2006087266197865,1.2460943253245205e-05,3.200613021850586,0.34469547867774963,3.2006087266197865,0.0,256851.2400364436,99.9999993759875,1.0558616834746495e-05,7,sleep,1.9059999999881256,0
320000,nan,3.2006087266197865,1.2460943253245205e-05,3.200613021850586,0.34469547867774963,3.2006087266197865,0.0,256851.2400364436,99.9999993759875,1.0558616834746495e-05,7,sleep,1.9529999999940628,0
320000,nan,3.2006087266197865,1.2460943253245205e-05,3.200613021850586,0.34469547867774963,3.2006087266197865,0.0,256851.2400364436,99.9999993759875,1.0558616834746495e-05,7,sleep,2.0159999999887077,0
320000,nan,3.2006087266197865,1.2460943253245205e-05,3.200613021850586,0.34469547867774963,3.2006087266197865,0.0,256851.2400364436,99.9999993759875,1.0558616834746495e-05,7,sleep,2.062999999994645,0
320000,nan,3.2006087552817197,1.2377791790640913e-05,3.200613021850586,0.34469547867774963,3.2006087552817197,0.0,258576.7162202358,99.99999927133872,1.2329328715905624e-05,8,sleep,2.1089999999967404,0
320000,nan,3.2006087552817197,1.2377791790640913e-05,3.200613021850586,0.34469547867774963,3.2006087552817197,0.0,258576.7162202358,99.99999927133872,1.2329328715905624e-05,8,sleep,2.1559999999881256,0
320000,nan,3.2006087552817197,1.2377791790640913e-05,3.200613021850586,0.34469547867774963,3.2006087552817197,0.0,258576.7162202358,99.99999927133872,1.2329328715905624e-05,8,sleep,2.202999999994063,0
320000,nan,3.2006087552817197,1.2377791790640913e-05,3.200613021850586,0.34469547867774963,3.2006087552817197,0.0,258576.7162202358,99.99999927133872,1.2329328715905624e-05,8,sleep,2.2659999999887077,0
320000,nan,3.2006087552817197,1.2377791790640913e-05,3.200613021850586,0.34469547867774963,3.2006087552817197,0.0,258576.7162202358,99.99999927133872,1.2329328715905624e-05,8,sleep,2.312999999994645,0
320000,nan,3.2006087552817197,1.2377791790640913e-05,3.200613021850586,0.34469547867774963,3.2006087552817197,0.0,258576.7162202358,99.99999927133872,1.2329328715905624e-05,8,sleep,2.3589999999967404,0
320000,nan,3.2006087552817197,1.2377791790640913e-05,3.200613021850586,0.34469547867774963,3.2006087552817197,0.0,258576.7162202358,99.99999927133872,1.2329328715905624e-05,8,sleep,2.4059999999881256,0
320000,nan,3.2006087552817197,1.2377791790640913e-05,3.200613021850586,0.34469547867774963,3.2006087552817197,0.0,258576.7162202358,99.99999927133872,1.2329328715905624e-05,8,sleep,2.452999999994063,0
320000,nan,3.2006087552817197,1.2377791790640913e-05,3.200613021850586,0.34469547867774963,3.2006087552817197,0.0,258576.7162202358,99.99999927133872,1.2329328715905624e-05,8,sleep,2.5159999999887077,0
320000,nan,3.2006087552817197,1.2377791790640913e-05,3.200613021850586,0.34469547867774963,3.2006087552817197,0.0,258576.7162202358,99.99999927133872,1.2329328715905624e-05,8,sleep,2.562999999994645,0
320000,nan,3.2006087552817197,1.2377791790640913e-05,3.200613021850586,0.34469547867774963,3.2006087552817197,0.0,258576.7162202358,99.99999927133872,1.2329328715905624e-05,8,sleep,2.6089999999967404,0
320000,nan,3.200608753759997,1.2382206477923319e-05,3.200613021850586,0.34469547867774963,3.200608753759997,0.0,258484.52450429392,99.99999916644936,1.4104111644419178e-05,9,sleep,2.6559999999881256,0
320000,nan,3.200608753759997,1.2382206477923319e-05,3.200613021850586,0.34469547867774963,3.200608753759997,0.0,258484.52450429392,99.99999916644936,1.4104111644419178e-05,9,sleep,2.702999999994063,0
320000,nan,3.200608753759997,1.2382206477923319e-05,3.200613021850586,0.34469547867774963,3.200608753759997,0.0,258484.52450429392,99.99999916644936,1.4104111644419178e-05,9,sleep,2.7659999999887077,0
320000,nan,3.200608753759997,1.2382206477923319e-05,3.200613021850586,0.34469547867774963,3.200608753759997,0.0,258484.52450429392,99.99999916644936,1.4104111644419178e-05,9,sleep,2.812999999994645,0
320000,nan,3.200608753759997,1.2382206477923319e-05,3.200613021850586,0.34469547867774963,3.200608753759997,0.0,258484.52450429392,99.99999916644936,1.4104111644419178e-05,9,sleep,2.8589999999967404,0
320000,nan,3.200608753759997,1.2382206477923319e-05,3.200613021850586,0.34469547867774963,3.200608753759997,0.0,258484.52450429392,99.99999916644936,1.4104111644419178e-05,9,sleep,2.9059999999881256,0
320000,nan,3.200608753759997,1.2382206477923319e-05,3.200613021850586,0.34469547867774963,3.200608753759997,0.0,258484.52450429392,99.99999916644936,1.4104111644419178e-05,9,sleep,2.952999999994063,0
320000,nan,3.200608753759997,1.2382206477923319e-05,3.200613021850586,0.34469547867774963,3.200608753759997,0.0,258484.52450429392,99.99999916644936,1.4104111644419178e-05,9,sleep,3.0159999999887077,0
320000,nan,3.200608753759997,1.2382206477923319e-05,3.200613021850586,0.34469547867774963,3.200608753759997,0.0,258484.52450429392,99.99999916644936,1.4104111644419178e-05,9,sleep,3.062999999994645,0
320000,nan,3.200608753759997,1.2382206477923319e-05,3.200613021850586,0.34469547867774963,3.200608753759997,0.0,258484.52450429392,99.99999916644936,1.4104111644419178e-05,9,sleep,3.1089999999967404,0
320000,nan,3.2006087257974793,1.2463328857847955e-05,3.200613021850586,0.34469547867774963,3.2006087257974793,0.0,256802.0760988031,99.99999906107739,1.588706007824819e-05,10,sleep,3.1559999999881256,0
320000,nan,3.2006087257974793,1.2463328857847955e-05,3.200613021850586,0.34469547867774963,3.2006087257974793,0.0,256802.0760988031,99.99999906107739,1.588706007824819e-05,10,sleep,3.202999999994063,0
320000,nan,3.2006087257974793,1.2463328857847955e-05,3.200613021850586,0.34469547867774963,3.2006087257974793,0.0,256802.0760988031,99.99999906107739,1.588706007824819e-05,10,sleep,3.2659999999887077,0
320000,nan,3.2006087257974793,1.2463328857847955e-05,3.200613021850586,0.34469547867774963,3.2006087257974793,0.0,256802.0760988031,99.99999906107739,1.588706007824819e-05,10,sleep,3.312999999994645,0
320000,nan,3.2006087257974793,1.2463328857847955e-05,3.200613021850586,0.34469547867774963,3.2006087257974793,0.0,256802.0760988031,99.99999906107739,1.588706007824819e-05,10,sleep,3.3589999999967404,0
320000,nan,3.2006087257974793,1.2463328857847955e-05,3.200613021850586,0.34469547867774963,3.2006087257974793,0.0,256802.0760988031,99.99999906107739,1.588706007824819e-05,10,sleep,3.4059999999881256,0
320000,nan,3.2006087257974793,1.2463328857847955e-05,3.200613021850586,0.34469547867774963,3.2006087257974793,0.0,256802.0760988031,99.99999906107739,1.588706007824819e-05,10,sleep,3.452999999994063,0
320000,nan,3.2006087257974793,1.2463328857847955e-05,3.200613021850586,0.34469547867774963,3.2006087257974793,0.0,256802.0760988031,99.99999906107739,1.588706007824819e-05,10,sleep,3.5159999999887077,0
320000,nan,3.2006087257974793,1.2463328857847955e-05,3.200613021850586,0.34469547867774963,3.2006087257974793,0.0,256802.0760988031,99.99999906107739,1.588706007824819e-05,10,sleep,3.562999999994645,0
320000,nan,3.2006087257974793,1.2463328857847955e-05,3.200613021850586,0.34469547867774963,3.2006087257974793,0.0,256802.0760988031,99.99999906107739,1.588706007824819e-05,10,sleep,3.6089999999967404,0
320000,nan,3.2006087141557047,1.2497102943598293e-05,3.200613021850586,0.34469547867774963,3.2006087141557047,0.0,256108.0538906206,99.99999895521474,1.767831150017526e-05,11,sleep,3.6559999999881256,0
320000,nan,3.2006087141557047,1.2497102943598293e-05,3.200613021850586,0.34469547867774963,3.2006087141557047,0.0,256108.0538906206,99.99999895521474,1.767831150017526e-05,11,sleep,3.702999999994063,0
320000,nan,3.2006087141557047,1.2497102943598293e-05,3.200613021850586,0.34469547867774963,3.2006087141557047,0.0,256108.0538906206,99.99999895521474,1.767831150017526e-05,11,sleep,3.7659999999887077,0
320000,nan,3.2006087141557047,1.2497102943598293e-05,3.200613021850586,0.34469547867774963,3.2006087141557047,0.0,256108.0538906206,99.99999895521474,1.767831150017526e-05,11,sleep,3.812999999994645,0
320000,nan,3.2006087141557047,1.2497102943598293e-05,3.200613021850586,0.34469547867774963,3.2006087141557047,0.0,256108.0538906206,99.99999895521474,1.767831150017526e-05,11,sleep,3.8589999999967404,0
320000,nan,3.2006087141557047,1.2497102943598293e-05,3.200613021850586,0.34469547867774963,3.2006087141557047,0.0,256108.0538906206,99.99999895521474,1.767831150017526e-05,11,sleep,3.9059999999881256,0
320000,nan,3.2006087141557047,1.2497102943598293e-05,3.200613021850586,0.34469547867774963,3.2006087141557047,0.0,256108.0538906206,99.99999895521474,1.767831150017526e-05,11,sleep,3.952999999994063,0
320000,nan,3.2006087141557047,1.2497102943598293e-05,3.200613021850586,0.34469547867774963,3.2006087141557047,0.0,256108.0538906206,99.99999895521474,1.767831150017526e-05,11,sleep,4.015999999988708,0
320000,nan,3.2006087141557047,1.2497102943598293e-05,3.200613021850586,0.34469547867774963,3.2006087141557047,0.0,256108.0538906206,99.99999895521474,1.767831150017526e-05,11,sleep,4.062999999994645,0
320000,nan,3.2006087141557047,1.2497102943598293e-05,3.200613021850586,0.34469547867774963,3.2006087141557047,0.0,256108.0538906206,99.99999895521474,1.767831150017526e-05,11,sleep,4.10899999999674,0
320000,nan,3.2006087141557047,1.2497102943598293e-05,3.200613021850586,0.34469547867774963,3.2006087141557047,0.0,256108.0538906206,99.99999895521474,1.767831150017526e-05,11,sleep,4.155999999988126,0
320000,nan,3.200608760686751,1.2362111192487646e-05,3.200613021850586,0.34469547867774963,3.200608760686751,0.0,258904.7057457091,99.99999885049557,1.9450214104393044e-05,12,sleep,4.202999999994063,0
320000,nan,3.200608760686751,1.2362111192487646e-05,3.200613021850586,0.34469547867774963,3.200608760686751,0.0,258904.7057457091,99.99999885049557,1.9450214104393044e-05,12,sleep,4.265999999988708,0
320000,nan,3.200608760686751,1.2362111192487646e-05,3.200613021850586,0.34469547867774963,3.200608760686751,0.0,258904.7057457091,99.99999885049557,1.9450214104393044e-05,12,sleep,4.312999999994645,0
320000,nan,3.200608760686751,1.2362111192487646e-05,3.200613021850586,0.34469547867774963,3.200608760686751,0.0,258904.7057457091,99.99999885049557,1.9450214104393044e-05,12,sleep,4.35899999999674,0
320000,nan,3.200608760686751,1.2362111192487646e-05,3.200613021850586,0.34469547867774963,3.200608760686751,0.0,258904.7057457091,99.99999885049557,1.9450214104393044e-05,12,sleep,4.405999999988126,0
320000,nan,3.200608760686751,1.2362111192487646e-05,3.200613021850586,0.34469547867774963,3.200608760686751,0.0,258904.7057457091,99.99999885049557,1.9450214104393044e-05,12,sleep,4.452999999994063,0
320000,nan,3.200608760686751,1.2362111192487646e-05,3.200613021850586,0.34469547867774963,3.200608760686751,0.0,258904.7057457091,99.99999885049557,1.9450214104393044e-05,12,sleep,4.515999999988708,0
320000,nan,3.200608760686751,1.2362111192487646e-05,3.200613021850586,0.34469547867774963,3.200608760686751,0.0,258904.7057457091,99.99999885049557,1.9450214104393044e-05,12,sleep,4.562999999994645,0
320000,nan,3.200608760686751,1.2362111192487646e-05,3.200613021850586,0.34469547867774963,3.200608760686751,0.0,258904.7057457091,99.99999885049557,1.9450214104393044e-05,12,sleep,4.60899999999674,0
320000,nan,3.200608760686751,1.2362111192487646e-05,3.200613021850586,0.34469547867774963,3.200608760686751,0.0,258904.7057457091,99.99999885049557,1.9450214104393044e-05,12,sleep,4.655999999988126,0
320000,nan,3.200608754000137,1.238150980498176e-05,3.200613021850586,0.34469547867774963,3.200608754000137,0.0,258499.06872523384,99.99999874581536,2.1221457868159266e-05,13,sleep,4.702999999994063,0
320000,nan,3.200608754000137,1.238150980498176e-05,3.200613021850586,0.34469547867774963,3.200608754000137,0.0,258499.06872523384,99.99999874581536,2.1221457868159266e-05,13,sleep,4.765999999988708,0
320000,nan,3.200608754000137,1.238150980498176e-05,3.200613021850586,0.34469547867774963,3.200608754000137,0.0,258499.06872523384,99.99999874581536,2.1221457868159266e-05,13,sleep,4.812999999994645,0
320000,nan,3.200608754000137,1.238150980498176e-05,3.200613021850586,0.34469547867774963,3.200608754000137,0.0,258499.06872523384,99.99999874581536,2.1221457868159266e-05,13,sleep,4.85899999999674,0
320000,nan,3.200608754000137,1.238150980498176e-05,3.200613021850586,0.34469547867774963,3.200608754000137,0.0,258499.06872523384,99.99999874581536,2.1221457868159266e-05,13,sleep,4.905999999988126,0
320000,nan,3.200608754000137,1.238150980498176e-05,3.200613021850586,0.34469547867774963,3.200608754000137,0.0,258499.06872523384,99.99999874581536,2.1221457868159266e-05,13,sleep,4.952999999994063,0
3200,nan,3.200608754000137,1.238150980498176e-05,3.200613021850586,0.34469547867774963,3.200608754000137,0.0,258499.06872523384,99.99999874581536,2.1221457868159266e-05,13,wake,5.0,0
3200,nan,3.200608754000137,1.238150980498176e-05,3.200613021850586,0.34469547867774963,3.200608754000137,0.0,258499.06872523384,99.99999874581536,2.1221457868159266e-05,13,wake,5.062999999994645,0
3200,nan,3.200608754000137,1.238150980498176e-05,3.200613021850586,0.34469547867774963,3.200608754000137,0.0,258499.06872523384,99.99999874581536,2.1221457868159266e-05,13,wake,5.10899999999674,0
3200,nan,3.200608754000137,1.238150980498176e-05,3.200613021850586,0.34469547867774963,3.200608754000137,0.0,258499.06872523384,99.99999874581536,2.1221457868159266e-05,13,wake,5.155999999988126,0
3200,nan,3.2006087477991323,1.239949961018283e-05,3.200613021850586,0.34469547867774963,3.2006087477991323,0.0,258124.02503490538,99.99999864403642,2.294361059179577e-05,14,wake,5.202999999994063,0
3200,nan,3.2006087477991323,1.239949961018283e-05,3.200613021850586,0.34469547867774963,3.2006087477991323,0.0,258124.02503490538,99.99999864403642,2.294361059179577e-05,14,wake,5.265999999988708,0
3200,nan,3.2006087477991323,1.239949961018283e-05,3.200613021850586,0.34469547867774963,3.2006087477991323,0.0,258124.02503490538,99.99999864403642,2.294361059179577e-05,14,wake,5.312999999994645,0
3200,nan,3.2006087477991323,1.239949961018283e-05,3.200613021850586,0.34469547867774963,3.2006087477991323,0.0,258124.02503490538,99.99999864403642,2.294361059179577e-05,14,wake,5.35899999999674,0
3200,nan,3.2006087477991323,1.239949961018283e-05,3.200613021850586,0.34469547867774963,3.2006087477991323,0.0,258124.02503490538,99.99999864403642,2.294361059179577e-05,14,wake,5.405999999988126,0
3200,nan,3.2006087477991323,1.239949961018283e-05,3.200613021850586,0.34469547867774963,3.2006087477991323,0.0,258124.02503490538,99.99999864403642,2.294361059179577e-05,14,wake,5.452999999994063,0
3200,nan,3.2006087477991323,1.239949961018283e-05,3.200613021850586,0.34469547867774963,3.2006087477991323,0.0,258124.02503490538,99.99999864403642,2.294361059179577e-05,14,wake,5.515999999988708,0
3200,nan,3.2006087477991323,1.239949961018283e-05,3.200613021850586,0.34469547867774963,3.2006087477991323,0.0,258124.02503490538,99.99999864403642,2.294361059179577e-05,14,wake,5.562999999994645,0
320000,nan,3.2006087477991323,1.239949961018283e-05,3.200613021850586,0.34469547867774963,3.2006087477991323,0.0,258124.02503490538,99.99999864403642,2.294361059179577e-05,14,sleep,5.60899999999674,0
320000,nan,3.2006087477991323,1.239949961018283e-05,3.200613021850586,0.34469547867774963,3.2006087477991323,0.0,258124.02503490538,99.99999864403642,2.294361059179577e-05,14,sleep,5.671999999991385,0
320000,nan,3.200608747691289,1.2399812476360239e-05,3.200613021850586,0.34469547867774963,3.200608747691289,0.0,258117.51216343997,99.99999854225491,2.4665806769068027e-05,15,sleep,5.7189999999973224,0
320000,nan,3.200608747691289,1.2399812476360239e-05,3.200613021850586,0.34469547867774963,3.200608747691289,0.0,258117.51216343997,99.99999854225491,2.4665806769068027e-05,15,sleep,5.765999999988708,0
320000,nan,3.200608747691289,1.2399812476360239e-05,3.200613021850586,0.34469547867774963,3.200608747691289,0.0,258117.51216343997,99.99999854225491,2.4665806769068027e-05,15,sleep,5.812999999994645,0
320000,nan,3.200608747691289,1.2399812476360239e-05,3.200613021850586,0.34469547867774963,3.200608747691289,0.0,258117.51216343997,99.99999854225491,2.4665806769068027e-05,15,sleep,5.875,0
320000,nan,3.200608747691289,1.2399812476360239e-05,3.200613021850586,0.34469547867774963,3.200608747691289,0.0,258117.51216343997,99.99999854225491,2.4665806769068027e-05,15,sleep,5.921999999991385,0
320000,nan,3.200608747691289,1.2399812476360239e-05,3.200613021850586,0.34469547867774963,3.200608747691289,0.0,258117.51216343997,99.99999854225491,2.4665806769068027e-05,15,sleep,5.9689999999973224,0
320000,nan,3.200608747691289,1.2399812476360239e-05,3.200613021850586,0.34469547867774963,3.200608747691289,0.0,258117.51216343997,99.99999854225491,2.4665806769068027e-05,15,sleep,6.015999999988708,0
320000,nan,3.200608747691289,1.2399812476360239e-05,3.200613021850586,0.34469547867774963,3.200608747691289,0.0,258117.51216343997,99.99999854225491,2.4665806769068027e-05,15,sleep,6.062999999994645,0
320000,nan,3.200608747691289,1.2399812476360239e-05,3.200613021850586,0.34469547867774963,3.200608747691289,0.0,258117.51216343997,99.99999854225491,2.4665806769068027e-05,15,sleep,6.125,0
320000,nan,3.200608747691289,1.2399812476360239e-05,3.200613021850586,0.34469547867774963,3.200608747691289,0.0,258117.51216343997,99.99999854225491,2.4665806769068027e-05,15,sleep,6.171999999991385,0
320000,nan,3.20060874577926,1.2405359484546352e-05,3.200613021850586,0.34469547867774963,3.20060874577926,0.0,258002.09576887582,99.99999843716941,2.644390829519757e-05,16,sleep,6.2189999999973224,0
320000,nan,3.20060874577926,1.2405359484546352e-05,3.200613021850586,0.34469547867774963,3.20060874577926,0.0,258002.09576887582,99.99999843716941,2.644390829519757e-05,16,sleep,6.265999999988708,0
320000,nan,3.20060874577926,1.2405359484546352e-05,3.200613021850586,0.34469547867774963,3.20060874577926,0.0,258002.09576887582,99.99999843716941,2.644390829519757e-05,16,sleep,6.312999999994645,0
320000,nan,3.20060874577926,1.2405359484546352e-05,3.200613021850586,0.34469547867774963,3.20060874577926,0.0,258002.09576887582,99.99999843716941,2.644390829519757e-05,16,sleep,6.375,0
320000,nan,3.20060874577926,1.2405359484546352e-05,3.200613021850586,0.34469547867774963,3.20060874577926,0.0,258002.09576887582,99.99999843716941,2.644390829519757e-05,16,sleep,6.421999999991385,0
320000,nan,3.20060874577926,1.2405359484546352e-05,3.200613021850586,0.34469547867774963,3.20060874577926,0.0,258002.09576887582,99.99999843716941,2.644390829519757e-05,16,sleep,6.4689999999973224,0
320000,nan,3.20060874577926,1.2405359484546352e-05,3.200613021850586,0.34469547867774963,3.20060874577926,0.0,258002.09576887582,99.99999843716941,2.644390829519757e-05,16,sleep,6.515999999988708,0
320000,nan,3.20060874577926,1.2405359484546352e-05,3.200613021850586,0.34469547867774963,3.20060874577926,0.0,258002.09576887582,99.99999843716941,2.644390829519757e-05,16,sleep,6.562999999994645,0
320000,nan,3.20060874577926,1.2405359484546352e-05,3.200613021850586,0.34469547867774963,3.20060874577926,0.0,258002.09576887582,99.99999843716941,2.644390829519757e-05,16,sleep,6.625,0
320000,nan,3.20060874577926,1.2405359484546352e-05,3.200613021850586,0.34469547867774963,3.20060874577926,0.0,258002.09576887582,99.99999843716941,2.644390829519757e-05,16,sleep,6.671999999991385,0
320000,nan,3.200608743336165,1.2412447176757269e-05,3.200613021850586,0.34469547867774963,3.200608743336165,0.0,257854.7725326408,99.99999833202388,2.822302572387735e-05,17,sleep,6.7189999999973224,0
320000,nan,3.200608743336165,1.2412447176757269e-05,3.200613021850586,0.34469547867774963,3.200608743336165,0.0,257854.7725326408,99.99999833202388,2.822302572387735e-05,17,sleep,6.765999999988708,0
320000,nan,3.200608743336165,1.2412447176757269e-05,3.200613021850586,0.34469547867774963,3.200608743336165,0.0,257854.7725326408,99.99999833202388,2.822302572387735e-05,17,sleep,6.812999999994645,0
320000,nan,3.200608743336165,1.2412447176757269e-05,3.200613021850586,0.34469547867774963,3.200608743336165,0.0,257854.7725326408,99.99999833202388,2.822302572387735e-05,17,sleep,6.875,0
320000,nan,3.200608743336165,1.2412447176757269e-05,3.200613021850586,0.34469547867774963,3.200608743336165,0.0,257854.7725326408,99.99999833202388,2.822302572387735e-05,17,sleep,6.921999999991385,0
320000,nan,3.200608743336165,1.2412447176757269e-05,3.200613021850586,0.34469547867774963,3.200608743336165,0.0,257854.7725326408,99.99999833202388,2.822302572387735e-05,17,sleep,6.9689999999973224,0
320000,nan,3.200608743336165,1.2412447176757269e-05,3.200613021850586,0.34469547867774963,3.200608743336165,0.0,257854.7725326408,99.99999833202388,2.822302572387735e-05,17,sleep,7.015999999988708,0
320000,nan,3.200608743336165,1.2412447176757269e-05,3.200613021850586,0.34469547867774963,3.200608743336165,0.0,257854.7725326408,99.99999833202388,2.822302572387735e-05,17,sleep,7.062999999994645,0
100,nan,3.200608743336165,1.2412447176757269e-05,3.200613021850586,0.34469547867774963,3.200608743336165,0.0,257854.7725326408,99.99999833202388,2.822302572387735e-05,17,tx,7.10899999999674,0
100,nan,3.200608743336165,1.2412447176757269e-05,3.200613021850586,0.34469547867774963,3.200608743336165,0.0,257854.7725326408,99.99999833202388,2.822302572387735e-05,17,tx,7.171999999991385,0
100,nan,3.200608743245877,1.241270911123138e-05,3.200613021850586,0.34469547867774963,3.200608743245877,0.0,257849.3312430784,99.99999822707989,2.9998732721732057e-05,18,tx,7.2189999999973224,0
100,nan,3.200608743245877,1.241270911123138e-05,3.200613021850586,0.34469547867774963,3.200608743245877,0.0,257849.3312430784,99.99999822707989,2.9998732721732057e-05,18,tx,7.265999999988708,0
100,nan,3.200608743245877,1.241270911123138e-05,3.200613021850586,0.34469547867774963,3.200608743245877,0.0,257849.3312430784,99.99999822707989,2.9998732721732057e-05,18,tx,7.312999999994645,0
100,nan,3.200608743245877,1.241270911123138e-05,3.200613021850586,0.34469547867774963,3.200608743245877,0.0,257849.3312430784,99.99999822707989,2.9998732721732057e-05,18,tx,7.375,0
100,nan,3.200608743245877,1.241270911123138e-05,3.200613021850586,0.34469547867774963,3.200608743245877,0.0,257849.3312430784,99.99999822707989,2.9998732721732057e-05,18,tx,7.421999999991385,0
100,nan,3.200608743245877,1.241270911123138e-05,3.200613021850586,0.34469547867774963,3.200608743245877,0.0,257849.3312430784,99.99999822707989,2.9998732721732057e-05,18,tx,7.4689999999973224,0
320000,nan,3.200608743245877,1.241270911123138e-05,3.200613021850586,0.34469547867774963,3.200608743245877,0.0,257849.3312430784,99.99999822707989,2.9998732721732057e-05,18,sleep,7.515999999988708,0
320000,nan,3.200608743245877,1.241270911123138e-05,3.200613021850586,0.34469547867774963,3.200608743245877,0.0,257849.3312430784,99.99999822707989,2.9998732721732057e-05,18,sleep,7.577999999994063,0
320000,nan,3.200608743245877,1.241270911123138e-05,3.200613021850586,0.34469547867774963,3.200608743245877,0.0,257849.3312430784,99.99999822707989,2.9998732721732057e-05,18,sleep,7.625,0
320000,nan,3.200608743245877,1.241270911123138e-05,3.200613021850586,0.34469547867774963,3.200608743245877,0.0,257849.3312430784,99.99999822707989,2.9998732721732057e-05,18,sleep,7.671999999991385,0
320000,nan,3.200608743245877,1.241270911123138e-05,3.200613021850586,0.34469547867774963,3.200608743245877,0.0,257849.3312430784,99.99999822707989,2.9998732721732057e-05,18,sleep,7.7189999999973224,0
320000,nan,3.2006087466297823,1.2402892025420442e-05,3.200613021850586,0.34469547867774963,3.2006087466297823,0.0,258053.42335238832,99.9999981252731,3.172135661415156e-05,19,sleep,7.780999999988126,0
320000,nan,3.2006087466297823,1.2402892025420442e-05,3.200613021850586,0.34469547867774963,3.2006087466297823,0.0,258053.42335238832,99.9999981252731,3.172135661415156e-05,19,sleep,7.827999999994063,0
320000,nan,3.2006087466297823,1.2402892025420442e-05,3.200613021850586,0.34469547867774963,3.2006087466297823,0.0,258053.42335238832,99.9999981252731,3.172135661415156e-05,19,sleep,7.875,0
320000,nan,3.2006087466297823,1.2402892025420442e-05,3.200613021850586,0.34469547867774963,3.2006087466297823,0.0,258053.42335238832,99.9999981252731,3.172135661415156e-05,19,sleep,7.921999999991385,0
320000,nan,3.2006087466297823,1.2402892025420442e-05,3.200613021850586,0.34469547867774963,3.2006087466297823,0.0,258053.42335238832,99.9999981252731,3.172135661415156e-05,19,sleep,7.9689999999973224,0
320000,nan,3.2006087466297823,1.2402892025420442e-05,3.200613021850586,0.34469547867774963,3.2006087466297823,0.0,258053.42335238832,99.9999981252731,3.172135661415156e-05,19,sleep,8.030999999988126,0
320000,nan,3.2006087466297823,1.2402892025420442e-05,3.200613021850586,0.34469547867774963,3.2006087466297823,0.0,258053.42335238832,99.9999981252731,3.172135661415156e-05,19,sleep,8.077999999994063,0
320000,nan,3.2006087466297823,1.2402892025420442e-05,3.200613021850586,0.34469547867774963,3.2006087466297823,0.0,258053.42335238832,99.9999981252731,3.172135661415156e-05,19,sleep,8.125,0
320000,nan,3.2006087466297823,1.2402892025420442e-05,3.200613021850586,0.34469547867774963,3.2006087466297823,0.0,258053.42335238832,99.9999981252731,3.172135661415156e-05,19,sleep,8.171999999991385,0
320000,nan,3.2006087466297823,1.2402892025420442e-05,3.200613021850586,0.34469547867774963,3.2006087466297823,0.0,258053.42335238832,99.9999981252731,3.172135661415156e-05,19,sleep,8.218999999997322,0
320000,nan,3.200609634813641,9.826171663007699e-06,3.200613021850586,0.34469547867774963,3.200609634813641,0.0,325722.9513771759,99.99999804203583,3.3129774552524895e-05,20,sleep,8.280999999988126,0
320000,nan,3.200609634813641,9.826171663007699e-06,3.200613021850586,0.34469547867774963,3.200609634813641,0.0,325722.9513771759,99.99999804203583,3.3129774552524895e-05,20,sleep,8.327999999994063,0
320000,nan,3.200609634813641,9.826171663007699e-06,3.200613021850586,0.34469547867774963,3.200609634813641,0.0,325722.9513771759,99.99999804203583,3.3129774552524895e-05,20,sleep,8.375,0
320000,nan,3.200609634813641,9.826171663007699e-06,3.200613021850586,0.34469547867774963,3.200609634813641,0.0,325722.9513771759,99.99999804203583,3.3129774552524895e-05,20,sleep,8.421999999991385,0
320000,nan,3.200609634813641,9.826171663007699e-06,3.200613021850586,0.34469547867774963,3.200609634813641,0.0,325722.9513771759,99.99999804203583,3.3129774552524895e-05,20,sleep,8.468999999997322,0
320000,nan,3.200609634813641,9.826171663007699e-06,3.200613021850586,0.34469547867774963,3.200609634813641,0.0,325722.9513771759,99.99999804203583,3.3129774552524895e-05,20,sleep,8.530999999988126,0
320000,nan,3.200609634813641,9.826171663007699e-06,3.200613021850586,0.34469547867774963,3.200609634813641,0.0,325722.9513771759,99.99999804203583,3.3129774552524895e-05,20,sleep,8.577999999994063,0
320000,nan,3.200609634813641,9.826171663007699e-06,3.200613021850586,0.34469547867774963,3.200609634813641,0.0,325722.9513771759,99.99999804203583,3.3129774552524895e-05,20,sleep,8.625,0
320000,nan,3.200609634813641,9.826171663007699e-06,3.200613021850586,0.34469547867774963,3.200609634813641,0.0,325722.9513771759,99.99999804203583,3.3129774552524895e-05,20,sleep,8.671999999991385,0
320000,nan,3.200609634813641,9.826171663007699e-06,3.200613021850586,0.34469547867774963,3.200609634813641,0.0,325722.9513771759,99.99999804203583,3.3129774552524895e-05,20,sleep,8.718999999997322,0
320000,nan,3.200608752889411,1.2384732144710142e-05,3.200613021850586,0.34469547867774963,3.200608752889411,0.0,258431.81067557272,99.99999793732837,3.490147928989115e-05,21,sleep,8.780999999988126,0
320000,nan,3.200608752889411,1.2384732144710142e-05,3.200613021850586,0.34469547867774963,3.200608752889411,0.0,258431.81067557272,99.99999793732837,3.490147928989115e-05,21,sleep,8.827999999994063,0
320000,nan,3.200608752889411,1.2384732144710142e-05,3.200613021850586,0.34469547867774963,3.200608752889411,0.0,258431.81067557272,99.99999793732837,3.490147928989115e-05,21,sleep,8.875,0
320000,nan,3.200608752889411,1.2384732144710142e-05,3.200613021850586,0.34469547867774963,3.200608752889411,0.0,258431.81067557272,99.99999793732837,3.490147928989115e-05,21,sleep,8.921999999991385,0
320000,nan,3.200608752889411,1.2384732144710142e-05,3.200613021850586,0.34469547867774963,3.200608752889411,0.0,258431.81067557272,99.99999793732837,3.490147928989115e-05,21,sleep,8.968999999997322,0
320000,nan,3.200608752889411,1.2384732144710142e-05,3.200613021850586,0.34469547867774963,3.200608752889411,0.0,258431.81067557272,99.99999793732837,3.490147928989115e-05,21,sleep,9.030999999988126,0
320000,nan,3.200608752889411,1.2384732144710142e-05,3.200613021850586,0.34469547867774963,3.200608752889411,0.0,258431.81067557272,99.99999793732837,3.490147928989115e-05,21,sleep,9.077999999994063,0
320000,nan,3.200608752889411,1.2384732144710142e-05,3.200613021850586,0.34469547867774963,3.200608752889411,0.0,258431.81067557272,99.99999793732837,3.490147928989115e-05,21,sleep,9.125,0
320000,nan,3.200608752889411,1.2384732144710142e-05,3.200613021850586,0.34469547867774963,3.200608752889411,0.0,258431.81067557272,99.99999793732837,3.490147928989115e-05,21,sleep,9.171999999991385,0
320000,nan,3.200608752889411,1.2384732144710142e-05,3.200613021850586,0.34469547867774963,3.200608752889411,0.0,258431.81067557272,99.99999793732837,3.490147928989115e-05,21,sleep,9.218999999997322,0
320000,nan,3.2006087841289306,1.2294102816667873e-05,3.200613021850586,0.34469547867774963,3.2006087841289306,0.0,260336.9137103415,99.99999783641456,3.660899356998391e-05,22,sleep,9.280999999988126,0
320000,nan,3.2006087841289306,1.2294102816667873e-05,3.200613021850586,0.34469547867774963,3.2006087841289306,0.0,260336.9137103415,99.99999783641456,3.660899356998391e-05,22,sleep,9.327999999994063,0
320000,nan,3.2006087841289306,1.2294102816667873e-05,3.200613021850586,0.34469547867774963,3.2006087841289306,0.0,260336.9137103415,99.99999783641456,3.660899356998391e-05,22,sleep,9.375,0
320000,nan,3.2006087841289306,1.2294102816667873e-05,3.200613021850586,0.34469547867774963,3.2006087841289306,0.0,260336.9137103415,99.99999783641456,3.660899356998391e-05,22,sleep,9.421999999991385,0
320000,nan,3.2006087841289306,1.2294102816667873e-05,3.200613021850586,0.34469547867774963,3.2006087841289306,0.0,260336.9137103415,99.99999783641456,3.660899356998391e-05,22,sleep,9.468999999997322,0
320000,nan,3.2006087841289306,1.2294102816667873e-05,3.200613021850586,0.34469547867774963,3.2006087841289306,0.0,260336.9137103415,99.99999783641456,3.660899356998391e-05,22,sleep,9.530999999988126,0
320000,nan,3.2006087841289306,1.2294102816667873e-05,3.200613021850586,0.34469547867774963,3.2006087841289306,0.0,260336.9137103415,99.99999783641456,3.660899356998391e-05,22,sleep,9.577999999994063,0
320000,nan,3.2006087841289306,1.2294102816667873e-05,3.200613021850586,0.34469547867774963,3.2006087841289306,0.0,260336.9137103415,99.99999783641456,3.660899356998391e-05,22,sleep,9.625,0
320000,nan,3.2006087841289306,1.2294102816667873e-05,3.200613021850586,0.34469547867774963,3.2006087841289306,0.0,260336.9137103415,99.99999783641456,3.660899356998391e-05,22,sleep,9.671999999991385,0
320000,nan,3.2006087841289306,1.2294102816667873e-05,3.200613021850586,0.34469547867774963,3.2006087841289306,0.0,260336.9137103415,99.99999783641456,3.660899356998391e-05,22,sleep,9.718999999997322,0
320000,nan,3.2006087663497915,1.234568208019482e-05,3.200613021850586,0.34469547867774963,3.2006087663497915,0.0,259249.2456519895,99.99999773183458,3.8378541334823014e-05,23,sleep,9.780999999988126,0
320000,nan,3.2006087663497915,1.234568208019482e-05,3.200613021850586,0.34469547867774963,3.2006087663497915,0.0,259249.2456519895,99.99999773183458,3.8378541334823014e-05,23,sleep,9.827999999994063,0
320000,nan,3.2006087663497915,1.234568208019482e-05,3.200613021850586,0.34469547867774963,3.2006087663497915,0.0,259249.2456519895,99.99999773183458,3.8378541334823014e-05,23,sleep,9.875,0
320000,nan,3.2006087663497915,1.234568208019482e-05,3.200613021850586,0.34469547867774963,3.2006087663497915,0.0,259249.2456519895,99.99999773183458,3.8378541334823014e-05,23,sleep,9.921999999991385,0
320000,nan,3.2006087663497915,1.234568208019482e-05,3.200613021850586,0.34469547867774963,3.2006087663497915,0.0,259249.2456519895,99.99999773183458,3.8378541334823014e-05,23,sleep,9.968999999997322,0
320000,nan,3.2006087663497915,1.234568208019482e-05,3.200613021850586,0.34469547867774963,3.2006087663497915,0.0,259249.2456519895,99.99999773183458,3.8378541334823014e-05,23,sleep,10.030999999988126,0
320000,nan,3.2006087663497915,1.234568208019482e-05,3.200613021850586,0.34469547867774963,3.2006087663497915,0.0,259249.2456519895,99.99999773183458,3.8378541334823014e-05,23,sleep,10.077999999994063,0
320000,nan,3.2006087663497915,1.234568208019482e-05,3.200613021850586,0.34469547867774963,3.2006087663497915,0.0,259249.2456519895,99.99999773183458,3.8378541334823014e-05,23,sleep,10.125,0
320000,nan,3.2006087663497915,1.234568208019482e-05,3.200613021850586,0.34469547867774963,3.2006087663497915,0.0,259249.2456519895,99.99999773183458,3.8378541334823014e-05,23,sleep,10.171999999991385,0
320000,nan,3.2006087663497915,1.234568208019482e-05,3.200613021850586,0.34469547867774963,3.2006087663497915,0.0,259249.2456519895,99.99999773183458,3.8378541334823014e-05,23,sleep,10.218999999997322,0
320000,nan,3.200608755661053,1.2376691302051768e-05,3.200613021850586,0.34469547867774963,3.200608755661053,0.0,258599.7079147047,99.99999763024286,4.009752623788576e-05,24,sleep,10.280999999988126,0
320000,nan,3.200608755661053,1.2376691302051768e-05,3.200613021850586,0.34469547867774963,3.200608755661053,0.0,258599.7079147047,99.99999763024286,4.009752623788576e-05,24,sleep,10.327999999994063,0
320000,nan,3.200608755661053,1.2376691302051768e-05,3.200613021850586,0.34469547867774963,3.200608755661053,0.0,258599.7079147047,99.99999763024286,4.009752623788576e-05,24,sleep,10.375,0
320000,nan,3.200608755661053,1.2376691302051768e-05,3.200613021850586,0.34469547867774963,3.200608755661053,0.0,258599.7079147047,99.99999763024286,4.009752623788576e-05,24,sleep,10.421999999991385,0
320000,nan,3.200608755661053,1.2376691302051768e-05,3.200613021850586,0.34469547867774963,3.200608755661053,0.0,258599.7079147047,99.99999763024286,4.009752623788576e-05,24,sleep,10.468999999997322,0
320000,nan,3.200608755661053,1.2376691302051768e-05,3.200613021850586,0.34469547867774963,3.200608755661053,0.0,258599.7079147047,99.99999763024286,4.009752623788576e-05,24,sleep,10.530999999988126,0
320000,nan,3.200608755661053,1.2376691302051768e-05,3.200613021850586,0.34469547867774963,3.200608755661053,0.0,258599.7079147047,99.99999763024286,4.009752623788576e-05,24,sleep,10.577999999994063,0
320000,nan,3.200608755661053,1.2376691302051768e-05,3.200613021850586,0.34469547867774963,3.200608755661053,0.0,258599.7079147047,99.99999763024286,4.009752623788576e-05,24,sleep,10.625,0
320000,nan,3.200608755661053,1.2376691302051768e-05,3.200613021850586,0.34469547867774963,3.200608755661053,0.0,258599.7079147047,99.99999763024286,4.009752623788576e-05,24,sleep,10.671999999991385,0
320000,nan,3.200608755661053,1.2376691302051768e-05,3.200613021850586,0.34469547867774963,3.200608755661053,0.0,258599.7079147047,99.99999763024286,4.009752623788576e-05,24,sleep,10.718999999997322,0
320000,nan,3.2006087473890763,1.2400689229252748e-05,3.200613021850586,0.34469547867774963,3.2006087473890763,0.0,258099.26272799124,99.99999752519693,4.187495836070642e-05,25,sleep,10.780999999988126,0
320000,nan,3.2006087473890763,1.2400689229252748e-05,3.200613021850586,0.34469547867774963,3.2006087473890763,0.0,258099.26272799124,99.99999752519693,4.187495836070642e-05,25,sleep,10.827999999994063,0
320000,nan,3.2006087473890763,1.2400689229252748e-05,3.200613021850586,0.34469547867774963,3.2006087473890763,0.0,258099.26272799124,99.99999752519693,4.187495836070642e-05,25,sleep,10.875,0
320000,nan,3.2006087473890763,1.2400689229252748e-05,3.200613021850586,0.34469547867774963,3.2006087473890763,0.0,258099.26272799124,99.99999752519693,4.187495836070642e-05,25,sleep,10.921999999991385,0
320000,nan,3.2006087473890763,1.2400689229252748e-05,3.200613021850586,0.34469547867774963,3.2006087473890763,0.0,258099.26272799124,99.99999752519693,4.187495836070642e-05,25,sleep,10.968999999997322,0
320000,nan,3.2006087473890763,1.2400689229252748e-05,3.200613021850586,0.34469547867774963,3.2006087473890763,0.0,258099.26272799124,99.99999752519693,4.187495836070642e-05,25,sleep,11.030999999988126,0
320000,nan,3.2006087473890763,1.2400689229252748e-05,3.200613021850586,0.34469547867774963,3.2006087473890763,0.0,258099.26272799124,99.99999752519693,4.187495836070642e-05,25,sleep,11.077999999994063,0
320000,nan,3.2006087473890763,1.2400689229252748e-05,3.200613021850586,0.34469547867774963,3.2006087473890763,0.0,258099.26272799124,99.99999752519693,4.187495836070642e-05,25,sleep,11.125,0
320000,nan,3.2006087473890763,1.2400689229252748e-05,3.200613021850586,0.34469547867774963,3.2006087473890763,0.0,258099.26272799124,99.99999752519693,4.187495836070642e-05,25,sleep,11.171999999991385,0
320000,nan,3.2006087473890763,1.2400689229252748e-05,3.200613021850586,0.34469547867774963,3.2006087473890763,0.0,258099.26272799124,99.99999752519693,4.187495836070642e-05,25,sleep,11.218999999997322,0
320000,nan,3.2006087473890763,1.2400689229252748e-05,3.200613021850586,0.34469547867774963,3.2006087473890763,0.0,258099.26272799124,99.99999752519693,4.187495836070642e-05,25,sleep,11.280999999988126,0
320000,nan,3.200608755963579,1.2375813639664557e-05,3.200613021850586,0.34469547867774963,3.200608755963579,0.0,258618.04719696238,99.99999742361241,4.3593821366215386e-05,26,sleep,11.327999999994063,0
320000,nan,3.200608755963579,1.2375813639664557e-05,3.200613021850586,0.34469547867774963,3.200608755963579,0.0,258618.04719696238,99.99999742361241,4.3593821366215386e-05,26,sleep,11.375,0
320000,nan,3.200608755963579,1.2375813639664557e-05,3.200613021850586,0.34469547867774963,3.200608755963579,0.0,258618.04719696238,99.99999742361241,4.3593821366215386e-05,26,sleep,11.421999999991385,0
320000,nan,3.200608755963579,1.2375813639664557e-05,3.200613021850586,0.34469547867774963,3.200608755963579,0.0,258618.04719696238,99.99999742361241,4.3593821366215386e-05,26,sleep,11.468999999997322,0
320000,nan,3.200608755963579,1.2375813639664557e-05,3.200613021850586,0.34469547867774963,3.200608755963579,0.0,258618.04719696238,99.99999742361241,4.3593821366215386e-05,26,sleep,11.530999999988126,0
320000,nan,3.200608755963579,1.2375813639664557e-05,3.200613021850586,0.34469547867774963,3.200608755963579,0.0,258618.04719696238,99.99999742361241,4.3593821366215386e-05,26,sleep,11.577999999994063,0
320000,nan,3.200608755963579,1.2375813639664557e-05,3.200613021850586,0.34469547867774963,3.200608755963579,0.0,258618.04719696238,99.99999742361241,4.3593821366215386e-05,26,sleep,11.625,0
320000,nan,3.200608755963579,1.2375813639664557e-05,3.200613021850586,0.34469547867774963,3.200608755963579,0.0,258618.04719696238,99.99999742361241,4.3593821366215386e-05,26,sleep,11.671999999991385,0
320000,nan,3.200608755963579,1.2375813639664557e-05,3.200613021850586,0.34469547867774963,3.200608755963579,0.0,258618.04719696238,99.99999742361241,4.3593821366215386e-05,26,sleep,11.718999999997322,0
320000,nan,3.200608755963579,1.2375813639664557e-05,3.200613021850586,0.34469547867774963,3.200608755963579,0.0,258618.04719696238,99.99999742361241,4.3593821366215386e-05,26,sleep,11.780999999988126,0
320000,nan,3.2006087317360854,1.244610029971227e-05,3.200613021850586,0.34469547867774963,3.2006087317360854,0.0,257157.55575343364,99.99999731838611,4.537430515908888e-05,27,sleep,11.827999999994063,0
320000,nan,3.2006087317360854,1.244610029971227e-05,3.200613021850586,0.34469547867774963,3.2006087317360854,0.0,257157.55575343364,99.99999731838611,4.537430515908888e-05,27,sleep,11.875,0
320000,nan,3.2006087317360854,1.244610029971227e-05,3.200613021850586,0.34469547867774963,3.2006087317360854,0.0,257157.55575343364,99.99999731838611,4.537430515908888e-05,27,sleep,11.921999999991385,0
320000,nan,3.2006087317360854,1.244610029971227e-05,3.200613021850586,0.34469547867774963,3.2006087317360854,0.0,257157.55575343364,99.99999731838611,4.537430515908888e-05,27,sleep,11.968999999997322,0
320000,nan,3.2006087317360854,1.244610029971227e-05,3.200613021850586,0.34469547867774963,3.2006087317360854,0.0,257157.55575343364,99.99999731838611,4.537430515908888e-05,27,sleep,12.030999999988126,0
320000,nan,3.2006087317360854,1.244610029971227e-05,3.200613021850586,0.34469547867774963,3.2006087317360854,0.0,257157.55575343364,99.99999731838611,4.537430515908888e-05,27,sleep,12.077999999994063,0
320000,nan,3.2006087317360854,1.244610029971227e-05,3.200613021850586,0.34469547867774963,3.2006087317360854,0.0,257157.55575343364,99.99999731838611,4.537430515908888e-05,27,sleep,12.125,0
320000,nan,3.2006087317360854,1.244610029971227e-05,3.200613021850586,0.34469547867774963,3.2006087317360854,0.0,257157.55575343364,99.99999731838611,4.537430515908888e-05,27,sleep,12.171999999991385,0
320000,nan,3.2006087317360854,1.244610029971227e-05,3.200613021850586,0.34469547867774963,3.2006087317360854,0.0,257157.55575343364,99.99999731838611,4.537430515908888e-05,27,sleep,12.218999999997322,0
320000,nan,3.2006087317360854,1.244610029971227e-05,3.200613021850586,0.34469547867774963,3.2006087317360854,0.0,257157.55575343364,99.99999731838611,4.537430515908888e-05,27,sleep,12.280999999988126,0
320000,nan,3.20060874629622,1.2403859727783129e-05,3.200613021850586,0.34469547867774963,3.20060874629622,0.0,258033.29097049104,99.9999972133133,4.715219172008236e-05,28,sleep,12.327999999994063,0
320000,nan,3.20060874629622,1.2403859727783129e-05,3.200613021850586,0.34469547867774963,3.20060874629622,0.0,258033.29097049104,99.9999972133133,4.715219172008236e-05,28,sleep,12.375,0
320000,nan,3.20060874629622,1.2403859727783129e-05,3.200613021850586,0.34469547867774963,3.20060874629622,0.0,258033.29097049104,99.9999972133133,4.715219172008236e-05,28,sleep,12.421999999991385,0
320000,nan,3.20060874629622,1.2403859727783129e-05,3.200613021850586,0.34469547867774963,3.20060874629622,0.0,258033.29097049104,99.9999972133133,4.715219172008236e-05,28,sleep,12.468999999997322,0
320000,nan,3.20060874629622,1.2403859727783129e-05,3.200613021850586,0.34469547867774963,3.20060874629622,0.0,258033.29097049104,99.9999972133133,4.715219172008236e-05,28,sleep,12.515999999988708,1
320000,nan,3.20060874629622,1.2403859727783129e-05,3.200613021850586,0.34469547867774963,3.20060874629622,0.0,258033.29097049104,99.9999972133133,4.715219172008236e-05,28,sleep,12.577999999994063,1
320000,nan,3.20060874629622,1.2403859727783129e-05,3.200613021850586,0.34469547867774963,3.20060874629622,0.0,258033.29097049104,99.9999972133133,4.715219172008236e-05,28,sleep,12.625,1
320000,nan,3.20060874629622,1.2403859727783129e-05,3.200613021850586,0.34469547867774963,3.20060874629622,0.0,258033.29097049104,99.9999972133133,4.715219172008236e-05,28,sleep,12.671999999991385,1
320000,nan,3.20060874629622,1.2403859727783129e-05,3.200613021850586,0.34469547867774963,3.20060874629622,0.0,258033.29097049104,99.9999972133133,4.715219172008236e-05,28,sleep,12.718999999997322,1
320000,nan,3.20060874629622,1.2403859727783129e-05,3.200613021850586,0.34469547867774963,3.20060874629622,0.0,258033.29097049104,99.9999972133133,4.715219172008236e-05,28,sleep,12.780999999988126,1
320000,nan,3.2006087598772974,1.2364459507807624e-05,3.200613021850586,0.34469547867774963,3.2006087598772974,0.0,258855.5333014153,99.999997111822,4.886947776283342e-05,29,sleep,12.827999999994063,1
320000,nan,3.2006087598772974,1.2364459507807624e-05,3.200613021850586,0.34469547867774963,3.2006087598772974,0.0,258855.5333014153,99.999997111822,4.886947776283342e-05,29,sleep,12.875,1
320000,nan,3.2006087598772974,1.2364459507807624e-05,3.200613021850586,0.34469547867774963,3.2006087598772974,0.0,258855.5333014153,99.999997111822,4.886947776283342e-05,29,sleep,12.921999999991385,1
320000,nan,3.2006087598772974,1.2364459507807624e-05,3.200613021850586,0.34469547867774963,3.2006087598772974,0.0,258855.5333014153,99.999997111822,4.886947776283342e-05,29,sleep,12.968999999997322,1
320000,nan,3.2006087598772974,1.2364459507807624e-05,3.200613021850586,0.34469547867774963,3.2006087598772974,0.0,258855.5333014153,99.999997111822,4.886947776283342e-05,29,sleep,13.030999999988126,1
320000,nan,3.2006087598772974,1.2364459507807624e-05,3.200613021850586,0.34469547867774963,3.2006087598772974,0.0,258855.5333014153,99.999997111822,4.886947776283342e-05,29,sleep,13.077999999994063,1
320000,nan,3.2006087598772974,1.2364459507807624e-05,3.200613021850586,0.34469547867774963,3.2006087598772974,0.0,258855.5333014153,99.999997111822,4.886947776283342e-05,29,sleep,13.125,1
320000,nan,3.2006087598772974,1.2364459507807624e-05,3.200613021850586,0.34469547867774963,3.2006087598772974,0.0,258855.5333014153,99.999997111822,4.886947776283342e-05,29,sleep,13.171999999991385,1
320000,nan,3.2006087598772974,1.2364459507807624e-05,3.200613021850586,0.34469547867774963,3.2006087598772974,0.0,258855.5333014153,99.999997111822,4.886947776283342e-05,29,sleep,13.218999999997322,1
320000,nan,3.2006087598772974,1.2364459507807624e-05,3.200613021850586,0.34469547867774963,3.2006087598772974,0.0,258855.5333014153,99.999997111822,4.886947776283342e-05,29,sleep,13.280999999988126,1
320000,nan,3.2006087589283365,1.236721254826989e-05,3.200613021850586,0.34469547867774963,3.2006087589283365,0.0,258797.90991188918,99.99999700705963,5.064211156142997e-05,30,sleep,13.327999999994063,1
320000,nan,3.2006087589283365,1.236721254826989e-05,3.200613021850586,0.34469547867774963,3.2006087589283365,0.0,258797.90991188918,99.99999700705963,5.064211156142997e-05,30,sleep,13.375,1
320000,nan,3.2006087589283365,1.236721254826989e-05,3.200613021850586,0.34469547867774963,3.2006087589283365,0.0,258797.90991188918,99.99999700705963,5.064211156142997e-05,30,sleep,13.421999999991385,1
320000,nan,3.2006087589283365,1.236721254826989e-05,3.200613021850586,0.34469547867774963,3.2006087589283365,0.0,258797.90991188918,99.99999700705963,5.064211156142997e-05,30,sleep,13.468999999997322,1
320000,nan,3.2006087589283365,1.236721254826989e-05,3.200613021850586,0.34469547867774963,3.2006087589283365,0.0,258797.90991188918,99.99999700705963,5.064211156142997e-05,30,sleep,13.530999999988126,1
320000,nan,3.2006087589283365,1.236721254826989e-05,3.200613021850586,0.34469547867774963,3.2006087589283365,0.0,258797.90991188918,99.99999700705963,5.064211156142997e-05,30,sleep,13.577999999994063,1
320000,nan,3.2006087589283365,1.236721254826989e-05,3.200613021850586,0.34469547867774963,3.2006087589283365,0.0,258797.90991188918,99.99999700705963,5.064211156142997e-05,30,sleep,13.625,1
320000,nan,3.2006087589283365,1.236721254826989e-05,3.200613021850586,0.34469547867774963,3.2006087589283365,0.0,258797.90991188918,99.99999700705963,5.064211156142997e-05,30,sleep,13.671999999991385,1
320000,nan,3.2006087589283365,1.236721254826989e-05,3.200613021850586,0.34469547867774963,3.2006087589283365,0.0,258797.90991188918,99.99999700705963,5.064211156142997e-05,30,sleep,13.718999999997322,1
320000,nan,3.2006087589283365,1.236721254826989e-05,3.200613021850586,0.34469547867774963,3.2006087589283365,0.0,258797.90991188918,99.99999700705963,5.064211156142997e-05,30,sleep,13.780999999988126,1
320000,nan,3.2006087589283365,1.236721254826989e-05,3.200613021850586,0.34469547867774963,3.2006087589283365,0.0,258797.90991188918,99.99999700705963,5.064211156142997e-05,30,sleep,13.827999999994063,1
320000,nan,3.2006087263138117,1.2461830920074135e-05,3.200613021850586,0.34469547867774963,3.2006087263138117,0.0,256832.94427932837,99.99999690170034,5.242484570693856e-05,31,sleep,13.875,1
320000,nan,3.2006087263138117,1.2461830920074135e-05,3.200613021850586,0.34469547867774963,3.2006087263138117,0.0,256832.94427932837,99.99999690170034,5.242484570693856e-05,31,sleep,13.921999999991385,1
320000,nan,3.2006087263138117,1.2461830920074135e-05,3.200613021850586,0.34469547867774963,3.2006087263138117,0.0,256832.94427932837,99.99999690170034,5.242484570693856e-05,31,sleep,13.968999999997322,1
320000,nan,3.2006087263138117,1.2461830920074135e-05,3.200613021850586,0.34469547867774963,3.2006087263138117,0.0,256832.94427932837,99.99999690170034,5.242484570693856e-05,31,sleep,14.030999999988126,1
320000,nan,3.2006087263138117,1.2461830920074135e-05,3.200613021850586,0.34469547867774963,3.2006087263138117,0.0,256832.94427932837,99.99999690170034,5.242484570693856e-05,31,sleep,14.077999999994063,1
320000,nan,3.2006087263138117,1.2461830920074135e-05,3.200613021850586,0.34469547867774963,3.2006087263138117,0.0,256832.94427932837,99.99999690170034,5.242484570693856e-05,31,sleep,14.125,1
320000,nan,3.2006087263138117,1.2461830920074135e-05,3.200613021850586,0.34469547867774963,3.2006087263138117,0.0,256832.94427932837,99.99999690170034,5.242484570693856e-05,31,sleep,14.171999999991385,1
320000,nan,3.2006087263138117,1.2461830920074135e-05,3.200613021850586,0.34469547867774963,3.2006087263138117,0.0,256832.94427932837,99.99999690170034,5.242484570693856e-05,31,sleep,14.218999999997322,1
320000,nan,3.2006087263138117,1.2461830920074135e-05,3.200613021850586,0.34469547867774963,3.2006087263138117,0.0,256832.94427932837,99.99999690170034,5.242484570693856e-05,31,sleep,14.280999999988126,1
320000,nan,3.2006087263138117,1.2461830920074135e-05,3.200613021850586,0.34469547867774963,3.2006087263138117,0.0,256832.94427932837,99.99999690170034,5.242484570693856e-05,31,sleep,14.327999999994063,1
320000,nan,3.200608742369962,1.2415250239428133e-05,3.200613021850586,0.34469547867774963,3.200608742369962,0.0,257796.55509524286,99.99999679979211,5.4149186017970246e-05,32,sleep,14.375,1
320000,nan,3.200608742369962,1.2415250239428133e-05,3.200613021850586,0.34469547867774963,3.200608742369962,0.0,257796.55509524286,99.99999679979211,5.4149186017970246e-05,32,sleep,14.421999999991385,1
320000,nan,3.200608742369962,1.2415250239428133e-05,3.200613021850586,0.34469547867774963,3.200608742369962,0.0,257796.55509524286,99.99999679979211,5.4149186017970246e-05,32,sleep,14.468999999997322,1
320000,nan,3.200608742369962,1.2415250239428133e-05,3.200613021850586,0.34469547867774963,3.200608742369962,0.0,257796.55509524286,99.99999679979211,5.4149186017970246e-05,32,sleep,14.530999999988126,1
320000,nan,3.200608742369962,1.2415250239428133e-05,3.200613021850586,0.34469547867774963,3.200608742369962,0.0,257796.55509524286,99.99999679979211,5.4149186017970246e-05,32,sleep,14.577999999994063,1
320000,nan,3.200608742369962,1.2415250239428133e-05,3.200613021850586,0.34469547867774963,3.200608742369962,0.0,257796.55509524286,99.99999679979211,5.4149186017970246e-05,32,sleep,14.625,1
320000,nan,3.200608742369962,1.2415250239428133e-05,3.200613021850586,0.34469547867774963,3.200608742369962,0.0,257796.55509524286,99.99999679979211,5.4149186017970246e-05,32,sleep,14.671999999991385,1
320000,nan,3.200608742369962,1.2415250239428133e-05,3.200613021850586,0.34469547867774963,3.200608742369962,0.0,257796.55509524286,99.99999679979211,5.4149186017970246e-05,32,sleep,14.718999999997322,1
320000,nan,3.200608742369962,1.2415250239428133e-05,3.200613021850586,0.34469547867774963,3.200608742369962,0.0,257796.55509524286,99.99999679979211,5.4149186017970246e-05,32,sleep,14.780999999988126,1
320000,nan,3.200608742369962,1.2415250239428133e-05,3.200613021850586,0.34469547867774963,3.200608742369962,0.0,257796.55509524286,99.99999679979211,5.4149186017970246e-05,32,sleep,14.827999999994063,1
320000,nan,3.2006087405573123,1.2420508937793784e-05,3.200613021850586,0.34469547867774963,3.2006087405573123,0.0,257687.40689991615,99.99999669457827,5.5929458965731935e-05,33,sleep,14.875,1
320000,nan,3.2006087405573123,1.2420508937793784e-05,3.200613021850586,0.34469547867774963,3.2006087405573123,0.0,257687.40689991615,99.99999669457827,5.5929458965731935e-05,33,sleep,14.921999999991385,1
320000,nan,3.2006087405573123,1.2420508937793784e-05,3.200613021850586,0.34469547867774963,3.2006087405573123,0.0,257687.40689991615,99.99999669457827,5.5929458965731935e-05,33,sleep,14.968999999997322,1
320000,nan,3.2006087405573123,1.2420508937793784e-05,3.200613021850586,0.34469547867774963,3.2006087405573123,0.0,257687.40689991615,99.99999669457827,5.5929458965731935e-05,33,sleep,15.030999999988126,1
320000,nan,3.2006087405573123,1.2420508937793784e-05,3.200613021850586,0.34469547867774963,3.2006087405573123,0.0,257687.40689991615,99.99999669457827,5.5929458965731935e-05,33,sleep,15.077999999994063,1
320000,nan,3.2006087405573123,1.2420508937793784e-05,3.200613021850586,0.34469547867774963,3.2006087405573123,0.0,257687.40689991615,99.99999669457827,5.5929458965731935e-05,33,sleep,15.125,1
320000,nan,3.2006087405573123,1.2420508937793784e-05,3.200613021850586,0.34469547867774963,3.2006087405573123,0.0,257687.40689991615,99.99999669457827,5.5929458965731935e-05,33,sleep,15.171999999991385,1
320000,nan,3.2006087405573123,1.2420508937793784e-05,3.200613021850586,0.34469547867774963,3.2006087405573123,0.0,257687.40689991615,99.99999669457827,5.5929458965731935e-05,33,sleep,15.218999999997322,1
320000,nan,3.2006087405573123,1.2420508937793784e-05,3.200613021850586,0.34469547867774963,3.2006087405573123,0.0,257687.40689991615,99.99999669457827,5.5929458965731935e-05,33,sleep,15.280999999988126,1
320000,nan,3.2006087405573123,1.2420508937793784e-05,3.200613021850586,0.34469547867774963,3.2006087405573123,0.0,257687.40689991615,99.99999669457827,5.5929458965731935e-05,33,sleep,15.327999999994063,1
320000,nan,3.2006087491863644,1.2395475096127484e-05,3.200613021850586,0.34469547867774963,3.2006087491863644,0.0,258207.831839078,99.99999659283237,5.7651052729082975e-05,34,sleep,15.375,1
320000,nan,3.2006087491863644,1.2395475096127484e-05,3.200613021850586,0.34469547867774963,3.2006087491863644,0.0,258207.831839078,99.99999659283237,5.7651052729082975e-05,34,sleep,15.421999999991385,1
320000,nan,3.2006087491863644,1.2395475096127484e-05,3.200613021850586,0.34469547867774963,3.2006087491863644,0.0,258207.831839078,99.99999659283237,5.7651052729082975e-05,34,sleep,15.468999999997322,1
320000,nan,3.2006087491863644,1.2395475096127484e-05,3.200613021850586,0.34469547867774963,3.2006087491863644,0.0,258207.831839078,99.99999659283237,5.7651052729082975e-05,34,sleep,15.530999999988126,1
320000,nan,3.2006087491863644,1.2395475096127484e-05,3.200613021850586,0.34469547867774963,3.2006087491863644,0.0,258207.831839078,99.99999659283237,5.7651052729082975e-05,34,sleep,15.577999999994063,1
320000,nan,3.2006087491863644,1.2395475096127484e-05,3.200613021850586,0.34469547867774963,3.2006087491863644,0.0,258207.831839078,99.99999659283237,5.7651052729082975e-05,34,sleep,15.625,1
320000,nan,3.2006087491863644,1.2395475096127484e-05,3.200613021850586,0.34469547867774963,3.2006087491863644,0.0,258207.831839078,99.99999659283237,5.7651052729082975e-05,34,sleep,15.671999999991385,1
320000,nan,3.2006087491863644,1.2395475096127484e-05,3.200613021850586,0.34469547867774963,3.2006087491863644,0.0,258207.831839078,99.99999659283237,5.7651052729082975e-05,34,sleep,15.718999999997322,1
320000,nan,3.2006087491863644,1.2395475096127484e-05,3.200613021850586,0.34469547867774963,3.2006087491863644,0.0,258207.831839078,99.99999659283237,5.7651052729082975e-05,34,sleep,15.780999999988126,1
320000,nan,3.2006087491863644,1.2395475096127484e-05,3.200613021850586,0.34469547867774963,3.2006087491863644,0.0,258207.831839078,99.99999659283237,5.7651052729082975e-05,34,sleep,15.827999999994063,1
320000,nan,3.200608765971712,1.2346778930805158e-05,3.200613021850586,0.34469547867774963,3.200608765971712,0.0,259226.2147001116,99.99999648844579,5.941732804834894e-05,35,sleep,15.875,1
320000,nan,3.200608765971712,1.2346778930805158e-05,3.200613021850586,0.34469547867774963,3.200608765971712,0.0,259226.2147001116,99.99999648844579,5.941732804834894e-05,35,sleep,15.921999999991385,1
320000,nan,3.200608765971712,1.2346778930805158e-05,3.200613021850586,0.34469547867774963,3.200608765971712,0.0,259226.2147001116,99.99999648844579,5.941732804834894e-05,35,sleep,15.968999999997322,1
320000,nan,3.200608765971712,1.2346778930805158e-05,3.200613021850586,0.34469547867774963,3.200608765971712,0.0,259226.2147001116,99.99999648844579,5.941732804834894e-05,35,sleep,16.030999999988126,1
320000,nan,3.200608765971712,1.2346778930805158e-05,3.200613021850586,0.34469547867774963,3.200608765971712,0.0,259226.2147001116,99.99999648844579,5.941732804834894e-05,35,sleep,16.077999999994063,1
320000,nan,3.200608765971712,1.2346778930805158e-05,3.200613021850586,0.34469547867774963,3.200608765971712,0.0,259226.2147001116,99.99999648844579,5.941732804834894e-05,35,sleep,16.125,1
320000,nan,3.200608765971712,1.2346778930805158e-05,3.200613021850586,0.34469547867774963,3.200608765971712,0.0,259226.2147001116,99.99999648844579,5.941732804834894e-05,35,sleep,16.171999999991385,1
320000,nan,3.200608765971712,1.2346778930805158e-05,3.200613021850586,0.34469547867774963,3.200608765971712,0.0,259226.2147001116,99.99999648844579,5.941732804834894e-05,35,sleep,16.218999999997322,1
320000,nan,3.200608765971712,1.2346778930805158e-05,3.200613021850586,0.34469547867774963,3.200608765971712,0.0,259226.2147001116,99.99999648844579,5.941732804834894e-05,35,sleep,16.280999999988126,1
320000,nan,3.200608765971712,1.2346778930805158e-05,3.200613021850586,0.34469547867774963,3.200608765971712,0.0,259226.2147001116,99.99999648844579,5.941732804834894e-05,35,sleep,16.327999999994063,1
320000,nan,3.200608765971712,1.2346778930805158e-05,3.200613021850586,0.34469547867774963,3.200608765971712,0.0,259226.2147001116,99.99999648844579,5.941732804834894e-05,35,sleep,16.375,1
320000,nan,3.200608791348179,1.2273158972675446e-05,3.200613021850586,0.34469547867774963,3.200608791348179,0.0,260781.17284017164,99.99999638770389,6.112193346122052e-05,36,sleep,16.421999999991385,1
320000,nan,3.200608791348179,1.2273158972675446e-05,3.200613021850586,0.34469547867774963,3.200608791348179,0.0,260781.17284017164,99.99999638770389,6.112193346122052e-05,36,sleep,16.468999999997322,1
320000,nan,3.200608791348179,1.2273158972675446e-05,3.200613021850586,0.34469547867774963,3.200608791348179,0.0,260781.17284017164,99.99999638770389,6.112193346122052e-05,36,sleep,16.530999999988126,1
320000,nan,3.200608791348179,1.2273158972675446e-05,3.200613021850586,0.34469547867774963,3.200608791348179,0.0,260781.17284017164,99.99999638770389,6.112193346122052e-05,36,sleep,16.577999999994063,1
320000,nan,3.200608791348179,1.2273158972675446e-05,3.200613021850586,0.34469547867774963,3.200608791348179,0.0,260781.17284017164,99.99999638770389,6.112193346122052e-05,36,sleep,16.625,1
320000,nan,3.200608791348179,1.2273158972675446e-05,3.200613021850586,0.34469547867774963,3.200608791348179,0.0,260781.17284017164,99.99999638770389,6.112193346122052e-05,36,sleep,16.671999999991385,1
320000,nan,3.200608791348179,1.2273158972675446e-05,3.200613021850586,0.34469547867774963,3.200608791348179,0.0,260781.17284017164,99.99999638770389,6.112193346122052e-05,36,sleep,16.718999999997322,1
320000,nan,3.200608791348179,1.2273158972675446e-05,3.200613021850586,0.34469547867774963,3.200608791348179,0.0,260781.17284017164,99.99999638770389,6.112193346122052e-05,36,sleep,16.780999999988126,1
320000,nan,3.200608791348179,1.2273158972675446e-05,3.200613021850586,0.34469547867774963,3.200608791348179,0.0,260781.17284017164,99.99999638770389,6.112193346122052e-05,36,sleep,16.827999999994063,1
320000,nan,3.200608791348179,1.2273158972675446e-05,3.200613021850586,0.34469547867774963,3.200608791348179,0.0,260781.17284017164,99.99999638770389,6.112193346122052e-05,36,sleep,16.875,1
320000,nan,3.2006087633803317,1.2354296814010013e-05,3.200613021850586,0.34469547867774963,3.2006087633803317,0.0,259068.4691783331,99.99999628305093,6.289271600457314e-05,37,sleep,16.921999999991385,1
320000,nan,3.2006087633803317,1.2354296814010013e-05,3.200613021850586,0.34469547867774963,3.2006087633803317,0.0,259068.4691783331,99.99999628305093,6.289271600457314e-05,37,sleep,16.968999999997322,1
320000,nan,3.2006087633803317,1.2354296814010013e-05,3.200613021850586,0.34469547867774963,3.2006087633803317,0.0,259068.4691783331,99.99999628305093,6.289271600457314e-05,37,sleep,17.030999999988126,1
320000,nan,3.2006087633803317,1.2354296814010013e-05,3.200613021850586,0.34469547867774963,3.2006087633803317,0.0,259068.4691783331,99.99999628305093,6.289271600457314e-05,37,sleep,17.077999999994063,1
320000,nan,3.2006087633803317,1.2354296814010013e-05,3.200613021850586,0.34469547867774963,3.2006087633803317,0.0,259068.4691783331,99.99999628305093,6.289271600457314e-05,37,sleep,17.125,1
320000,nan,3.2006087633803317,1.2354296814010013e-05,3.200613021850586,0.34469547867774963,3.2006087633803317,0.0,259068.4691783331,99.99999628305093,6.289271600457314e-05,37,sleep,17.171999999991385,1
320000,nan,3.2006087633803317,1.2354296814010013e-05,3.200613021850586,0.34469547867774963,3.2006087633803317,0.0,259068.4691783331,99.99999628305093,6.289271600457314e-05,37,sleep,17.218999999997322,1
320000,nan,3.2006087633803317,1.2354296814010013e-05,3.200613021850586,0.34469547867774963,3.2006087633803317,0.0,259068.4691783331,99.99999628305093,6.289271600457314e-05,37,sleep,17.280999999988126,1
320000,nan,3.2006087633803317,1.2354296814010013e-05,3.200613021850586,0.34469547867774963,3.2006087633803317,0.0,259068.4691783331,99.99999628305093,6.289271600457314e-05,37,sleep,17.327999999994063,1
320000,nan,3.2006087633803317,1.2354296814010013e-05,3.200613021850586,0.34469547867774963,3.2006087633803317,0.0,259068.4691783331,99.99999628305093,6.289271600457314e-05,37,sleep,17.375,1
320000,nan,3.2006087794684586,1.230762336490443e-05,3.200613021850586,0.34469547867774963,3.2006087794684586,0.0,260050.9200334399,99.99999618202615,6.460210813858765e-05,38,sleep,17.421999999991385,1
320000,nan,3.2006087794684586,1.230762336490443e-05,3.200613021850586,0.34469547867774963,3.2006087794684586,0.0,260050.9200334399,99.99999618202615,6.460210813858765e-05,38,sleep,17.468999999997322,1
3200,nan,3.2006087794684586,1.230762336490443e-05,3.200613021850586,0.34469547867774963,3.2006087794684586,0.0,260050.9200334399,99.99999618202615,6.460210813858765e-05,38,wake,17.515999999988708,1
3200,nan,3.2006087794684586,1.230762336490443e-05,3.200613021850586,0.34469547867774963,3.2006087794684586,0.0,260050.9200334399,99.99999618202615,6.460210813858765e-05,38,wake,17.577999999994063,1
3200,nan,3.2006087794684586,1.230762336490443e-05,3.200613021850586,0.34469547867774963,3.2006087794684586,0.0,260050.9200334399,99.99999618202615,6.460210813858765e-05,38,wake,17.625,1
3200,nan,3.2006087794684586,1.230762336490443e-05,3.200613021850586,0.34469547867774963,3.2006087794684586,0.0,260050.9200334399,99.99999618202615,6.460210813858765e-05,38,wake,17.671999999991385,1
3200,nan,3.2006087794684586,1.230762336490443e-05,3.200613021850586,0.34469547867774963,3.2006087794684586,0.0,260050.9200334399,99.99999618202615,6.460210813858765e-05,38,wake,17.718999999997322,1
3200,nan,3.2006087794684586,1.230762336490443e-05,3.200613021850586,0.34469547867774963,3.2006087794684586,0.0,260050.9200334399,99.99999618202615,6.460210813858765e-05,38,wake,17.780999999988126,1
3200,nan,3.2006087794684586,1.230762336490443e-05,3.200613021850586,0.34469547867774963,3.2006087794684586,0.0,260050.9200334399,99.99999618202615,6.460210813858765e-05,38,wake,17.827999999994063,1
3200,nan,3.2006087794684586,1.230762336490443e-05,3.200613021850586,0.34469547867774963,3.2006087794684586,0.0,260050.9200334399,99.99999618202615,6.460210813858765e-05,38,wake,17.875,1
3200,nan,3.2006087677737027,1.2341551155259367e-05,3.200613021850586,0.34469547867774963,3.2006087677737027,0.0,259336.02085421488,99.99999608072288,6.631621246570701e-05,39,wake,17.921999999991385,1
3200,nan,3.2006087677737027,1.2341551155259367e-05,3.200613021850586,0.34469547867774963,3.2006087677737027,0.0,259336.02085421488,99.99999608072288,6.631621246570701e-05,39,wake,17.968999999997322,1
3200,nan,3.2006087677737027,1.2341551155259367e-05,3.200613021850586,0.34469547867774963,3.2006087677737027,0.0,259336.02085421488,99.99999608072288,6.631621246570701e-05,39,wake,18.030999999988126,1
3200,nan,3.2006087677737027,1.2341551155259367e-05,3.200613021850586,0.34469547867774963,3.2006087677737027,0.0,259336.02085421488,99.99999608072288,6.631621246570701e-05,39,wake,18.077999999994063,1
320000,nan,3.2006087677737027,1.2341551155259367e-05,3.200613021850586,0.34469547867774963,3.2006087677737027,0.0,259336.02085421488,99.99999608072288,6.631621246570701e-05,39,sleep,18.125,1
320000,nan,3.2006087677737027,1.2341551155259367e-05,3.200613021850586,0.34469547867774963,3.2006087677737027,0.0,259336.02085421488,99.99999608072288,6.631621246570701e-05,39,sleep,18.187999999994645,1
320000,nan,3.2006087677737027,1.2341551155259367e-05,3.200613021850586,0.34469547867774963,3.2006087677737027,0.0,259336.02085421488,99.99999608072288,6.631621246570701e-05,39,sleep,18.23399999999674,1
320000,nan,3.2006087677737027,1.2341551155259367e-05,3.200613021850586,0.34469547867774963,3.2006087677737027,0.0,259336.02085421488,99.99999608072288,6.631621246570701e-05,39,sleep,18.280999999988126,1
320000,nan,3.2006087677737027,1.2341551155259367e-05,3.200613021850586,0.34469547867774963,3.2006087677737027,0.0,259336.02085421488,99.99999608072288,6.631621246570701e-05,39,sleep,18.327999999994063,1
320000,nan,3.2006087677737027,1.2341551155259367e-05,3.200613021850586,0.34469547867774963,3.2006087677737027,0.0,259336.02085421488,99.99999608072288,6.631621246570701e-05,39,sleep,18.390999999988708,1
320000,nan,3.2006087601168103,1.2363764653855469e-05,3.200613021850586,0.34469547867774963,3.2006087601168103,0.0,258870.08121905205,99.9999959759897,6.808835206605418e-05,40,sleep,18.437999999994645,1
320000,nan,3.2006087601168103,1.2363764653855469e-05,3.200613021850586,0.34469547867774963,3.2006087601168103,0.0,258870.08121905205,99.9999959759897,6.808835206605418e-05,40,sleep,18.48399999999674,1
320000,nan,3.2006087601168103,1.2363764653855469e-05,3.200613021850586,0.34469547867774963,3.2006087601168103,0.0,258870.08121905205,99.9999959759897,6.808835206605418e-05,40,sleep,18.530999999988126,1
320000,nan,3.2006087601168103,1.2363764653855469e-05,3.200613021850586,0.34469547867774963,3.2006087601168103,0.0,258870.08121905205,99.9999959759897,6.808835206605418e-05,40,sleep,18.577999999994063,1
320000,nan,3.2006087601168103,1.2363764653855469e-05,3.200613021850586,0.34469547867774963,3.2006087601168103,0.0,258870.08121905205,99.9999959759897,6.808835206605418e-05,40,sleep,18.640999999988708,1
320000,nan,3.2006087601168103,1.2363764653855469e-05,3.200613021850586,0.34469547867774963,3.2006087601168103,0.0,258870.08121905205,99.9999959759897,6.808835206605418e-05,40,sleep,18.687999999994645,1
320000,nan,3.2006087601168103,1.2363764653855469e-05,3.200613021850586,0.34469547867774963,3.2006087601168103,0.0,258870.08121905205,99.9999959759897,6.808835206605418e-05,40,sleep,18.73399999999674,1
320000,nan,3.2006087601168103,1.2363764653855469e-05,3.200613021850586,0.34469547867774963,3.2006087601168103,0.0,258870.08121905205,99.9999959759897,6.808835206605418e-05,40,sleep,18.780999999988126,1
320000,nan,3.2006087601168103,1.2363764653855469e-05,3.200613021850586,0.34469547867774963,3.2006087601168103,0.0,258870.08121905205,99.9999959759897,6.808835206605418e-05,40,sleep,18.827999999994063,1
320000,nan,3.2006087601168103,1.2363764653855469e-05,3.200613021850586,0.34469547867774963,3.2006087601168103,0.0,258870.08121905205,99.9999959759897,6.808835206605418e-05,40,sleep,18.890999999988708,1
320000,nan,3.200608767379008,1.23426962090889e-05,3.200613021850586,0.34469547867774963,3.200608767379008,0.0,259311.96175938833,99.99999587163767,6.985404332929686e-05,41,sleep,18.937999999994645,1
320000,nan,3.200608767379008,1.23426962090889e-05,3.200613021850586,0.34469547867774963,3.200608767379008,0.0,259311.96175938833,99.99999587163767,6.985404332929686e-05,41,sleep,18.98399999999674,1
320000,nan,3.200608767379008,1.23426962090889e-05,3.200613021850586,0.34469547867774963,3.200608767379008,0.0,259311.96175938833,99.99999587163767,6.985404332929686e-05,41,sleep,19.030999999988126,1
320000,nan,3.200608767379008,1.23426962090889e-05,3.200613021850586,0.34469547867774963,3.200608767379008,0.0,259311.96175938833,99.99999587163767,6.985404332929686e-05,41,sleep,19.077999999994063,1
320000,nan,3.200608767379008,1.23426962090889e-05,3.200613021850586,0.34469547867774963,3.200608767379008,0.0,259311.96175938833,99.99999587163767,6.985404332929686e-05,41,sleep,19.140999999988708,1
320000,nan,3.200608767379008,1.23426962090889e-05,3.200613021850586,0.34469547867774963,3.200608767379008,0.0,259311.96175938833,99.99999587163767,6.985404332929686e-05,41,sleep,19.187999999994645,1
320000,nan,3.200608767379008,1.23426962090889e-05,3.200613021850586,0.34469547867774963,3.200608767379008,0.0,259311.96175938833,99.99999587163767,6.985404332929686e-05,41,sleep,19.23399999999674,1
320000,nan,3.200608767379008,1.23426962090889e-05,3.200613021850586,0.34469547867774963,3.200608767379008,0.0,259311.96175938833,99.99999587163767,6.985404332929686e-05,41,sleep,19.280999999988126,1
320000,nan,3.200608767379008,1.23426962090889e-05,3.200613021850586,0.34469547867774963,3.200608767379008,0.0,259311.96175938833,99.99999587163767,6.985404332929686e-05,41,sleep,19.327999999994063,1
320000,nan,3.200608767379008,1.23426962090889e-05,3.200613021850586,0.34469547867774963,3.200608767379008,0.0,259311.96175938833,99.99999587163767,6.985404332929686e-05,41,sleep,19.390999999988708,1
320000,nan,3.2006087572304276,1.2372138371574692e-05,3.200613021850586,0.34469547867774963,3.2006087572304276,0.0,258694.87239036293,99.99999576683356,7.16273831625671e-05,42,sleep,19.437999999994645,1
320000,nan,3.2006087572304276,1.2372138371574692e-05,3.200613021850586,0.34469547867774963,3.2006087572304276,0.0,258694.87239036293,99.99999576683356,7.16273831625671e-05,42,sleep,19.48399999999674,1
320000,nan,3.2006087572304276,1.2372138371574692e-05,3.200613021850586,0.34469547867774963,3.2006087572304276,0.0,258694.87239036293,99.99999576683356,7.16273831625671e-05,42,sleep,19.530999999988126,1
320000,nan,3.2006087572304276,1.2372138371574692e-05,3.200613021850586,0.34469547867774963,3.2006087572304276,0.0,258694.87239036293,99.99999576683356,7.16273831625671e-05,42,sleep,19.577999999994063,1
100,nan,3.2006087572304276,1.2372138371574692e-05,3.200613021850586,0.34469547867774963,3.2006087572304276,0.0,258694.87239036293,99.99999576683356,7.16273831625671e-05,42,tx,19.625,1
100,nan,3.2006087572304276,1.2372138371574692e-05,3.200613021850586,0.34469547867774963,3.2006087572304276,0.0,258694.87239036293,99.99999576683356,7.16273831625671e-05,42,tx,19.687999999994645,1
100,nan,3.2006087572304276,1.2372138371574692e-05,3.200613021850586,0.34469547867774963,3.2006087572304276,0.0,258694.87239036293,99.99999576683356,7.16273831625671e-05,42,tx,19.73399999999674,1
100,nan,3.2006087572304276,1.2372138371574692e-05,3.200613021850586,0.34469547867774963,3.2006087572304276,0.0,258694.87239036293,99.99999576683356,7.16273831625671e-05,42,tx,19.780999999988126,1
100,nan,3.2006087572304276,1.2372138371574692e-05,3.200613021850586,0.34469547867774963,3.2006087572304276,0.0,258694.87239036293,99.99999576683356,7.16273831625671e-05,42,tx,19.827999999994063,1
100,nan,3.2006087572304276,1.2372138371574692e-05,3.200613021850586,0.34469547867774963,3.2006087572304276,0.0,258694.87239036293,99.99999576683356,7.16273831625671e-05,42,tx,19.890999999988708,1
100,nan,3.2006087572304276,1.2372138371574692e-05,3.200613021850586,0.34469547867774963,3.2006087572304276,0.0,258694.87239036293,99.99999576683356,7.16273831625671e-05,42,tx,19.937999999994645,1
100,nan,3.2006087439656703,1.2410620911396109e-05,3.200613021850586,0.34469547867774963,3.2006087439656703,0.0,257892.71679603853,99.99999566496334,7.335108051137212e-05,43,tx,19.98399999999674,1
320000,nan,3.2006087439656703,1.2410620911396109e-05,3.200613021850586,0.34469547867774963,3.2006087439656703,0.0,257892.71679603853,99.99999566496334,7.335108051137212e-05,43,sleep,20.030999999988126,1
320000,nan,3.2006087439656703,1.2410620911396109e-05,3.200613021850586,0.34469547867774963,3.2006087439656703,0.0,257892.71679603853,99.99999566496334,7.335108051137212e-05,43,sleep,20.093999999997322,1
320000,nan,3.2006087439656703,1.2410620911396109e-05,3.200613021850586,0.34469547867774963,3.2006087439656703,0.0,257892.71679603853,99.99999566496334,7.335108051137212e-05,43,sleep,20.140999999988708,1
320000,nan,3.2006087439656703,1.2410620911396109e-05,3.200613021850586,0.34469547867774963,3.2006087439656703,0.0,257892.71679603853,99.99999566496334,7.335108051137212e-05,43,sleep,20.187999999994645,1
320000,nan,3.2006087439656703,1.2410620911396109e-05,3.200613021850586,0.34469547867774963,3.2006087439656703,0.0,257892.71679603853,99.99999566496334,7.335108051137212e-05,43,sleep,20.23399999999674,1
320000,nan,3.2006087439656703,1.2410620911396109e-05,3.200613021850586,0.34469547867774963,3.2006087439656703,0.0,257892.71679603853,99.99999566496334,7.335108051137212e-05,43,sleep,20.296999999991385,1
320000,nan,3.2006087439656703,1.2410620911396109e-05,3.200613021850586,0.34469547867774963,3.2006087439656703,0.0,257892.71679603853,99.99999566496334,7.335108051137212e-05,43,sleep,20.343999999997322,1
320000,nan,3.2006087439656703,1.2410620911396109e-05,3.200613021850586,0.34469547867774963,3.2006087439656703,0.0,257892.71679603853,99.99999566496334,7.335108051137212e-05,43,sleep,20.390999999988708,1
320000,nan,3.2006087439656703,1.2410620911396109e-05,3.200613021850586,0.34469547867774963,3.2006087439656703,0.0,257892.71679603853,99.99999566496334,7.335108051137212e-05,43,sleep,20.437999999994645,1
320000,nan,3.1888913062684794,0.03400600329041481,3.200613021850586,0.34469547867774963,3.1888913062684794,0.0,93.7743632803601,99.99970760091988,0.004947544885501619,44,sleep,20.48399999999674,1
320000,nan,3.1888913062684794,0.03400600329041481,3.200613021850586,0.34469547867774963,3.1888913062684794,0.0,93.7743632803601,99.99970760091988,0.004947544885501619,44,sleep,20.546999999991385,1
320000,nan,3.1888913062684794,0.03400600329041481,3.200613021850586,0.34469547867774963,3.1888913062684794,0.0,93.7743632803601,99.99970760091988,0.004947544885501619,44,sleep,20.593999999997322,1
320000,nan,3.1888913062684794,0.03400600329041481,3.200613021850586,0.34469547867774963,3.1888913062684794,0.0,93.7743632803601,99.99970760091988,0.004947544885501619,44,sleep,20.640999999988708,1
320000,nan,3.1888913062684794,0.03400600329041481,3.200613021850586,0.34469547867774963,3.1888913062684794,0.0,93.7743632803601,99.99970760091988,0.004947544885501619,44,sleep,20.687999999994645,1
320000,nan,3.1888913062684794,0.03400600329041481,3.200613021850586,0.34469547867774963,3.1888913062684794,0.0,93.7743632803601,99.99970760091988,0.004947544885501619,44,sleep,20.73399999999674,1
320000,nan,3.1888913062684794,0.03400600329041481,3.200613021850586,0.34469547867774963,3.1888913062684794,0.0,93.7743632803601,99.99970760091988,0.004947544885501619,44,sleep,20.796999999991385,1
320000,nan,3.1888913062684794,0.03400600329041481,3.200613021850586,0.34469547867774963,3.1888913062684794,0.0,93.7743632803601,99.99970760091988,0.004947544885501619,44,sleep,20.843999999997322,1
320000,nan,3.1888913062684794,0.03400600329041481,3.200613021850586,0.34469547867774963,3.1888913062684794,0.0,93.7743632803601,99.99970760091988,0.004947544885501619,44,sleep,20.890999999988708,1
320000,nan,3.1888913062684794,0.03400600329041481,3.200613021850586,0.34469547867774963,3.1888913062684794,0.0,93.7743632803601,99.99970760091988,0.004947544885501619,44,sleep,20.937999999994645,1
320000,nan,3.200608785477602,1.2290190170460846e-05,3.200613021850586,0.34469547867774963,3.200608785477602,0.0,260419.79343575842,99.99970749701174,0.004949303065484335,45,sleep,20.98399999999674,1
320000,nan,3.200608785477602,1.2290190170460846e-05,3.200613021850586,0.34469547867774963,3.200608785477602,0.0,260419.79343575842,99.99970749701174,0.004949303065484335,45,sleep,21.046999999991385,1
320000,nan,3.200608785477602,1.2290190170460846e-05,3.200613021850586,0.34469547867774963,3.200608785477602,0.0,260419.79343575842,99.99970749701174,0.004949303065484335,45,sleep,21.093999999997322,1
320000,nan,3.200608785477602,1.2290190170460846e-05,3.200613021850586,0.34469547867774963,3.200608785477602,0.0,260419.79343575842,99.99970749701174,0.004949303065484335,45,sleep,21.140999999988708,1
320000,nan,3.200608785477602,1.2290190170460846e-05,3.200613021850586,0.34469547867774963,3.200608785477602,0.0,260419.79343575842,99.99970749701174,0.004949303065484335,45,sleep,21.187999999994645,1
320000,nan,3.200608785477602,1.2290190170460846e-05,3.200613021850586,0.34469547867774963,3.200608785477602,0.0,260419.79343575842,99.99970749701174,0.004949303065484335,45,sleep,21.23399999999674,1
320000,nan,3.200608785477602,1.2290190170460846e-05,3.200613021850586,0.34469547867774963,3.200608785477602,0.0,260419.79343575842,99.99970749701174,0.004949303065484335,45,sleep,21.296999999991385,1
320000,nan,3.200608785477602,1.2290190170460846e-05,3.200613021850586,0.34469547867774963,3.200608785477602,0.0,260419.79343575842,99.99970749701174,0.004949303065484335,45,sleep,21.343999999997322,1
320000,nan,3.200608785477602,1.2290190170460846e-05,3.200613021850586,0.34469547867774963,3.200608785477602,0.0,260419.79343575842,99.99970749701174,0.004949303065484335,45,sleep,21.390999999988708,1
320000,nan,3.200608785477602,1.2290190170460846e-05,3.200613021850586,0.34469547867774963,3.200608785477602,0.0,260419.79343575842,99.99970749701174,0.004949303065484335,45,sleep,21.437999999994645,1
320000,nan,3.200608691406984,1.2563099517137744e-05,3.200613021850586,0.34469547867774963,3.200608691406984,0.0,254762.66322979666,99.99970739059002,0.004951103776415136,46,sleep,21.48399999999674,1
320000,nan,3.200608691406984,1.2563099517137744e-05,3.200613021850586,0.34469547867774963,3.200608691406984,0.0,254762.66322979666,99.99970739059002,0.004951103776415136,46,sleep,21.546999999991385,1
320000,nan,3.200608691406984,1.2563099517137744e-05,3.200613021850586,0.34469547867774963,3.200608691406984,0.0,254762.66322979666,99.99970739059002,0.004951103776415136,46,sleep,21.593999999997322,1
320000,nan,3.200608691406984,1.2563099517137744e-05,3.200613021850586,0.34469547867774963,3.200608691406984,0.0,254762.66322979666,99.99970739059002,0.004951103776415136,46,sleep,21.640999999988708,1
320000,nan,3.200608691406984,1.2563099517137744e-05,3.200613021850586,0.34469547867774963,3.200608691406984,0.0,254762.66322979666,99.99970739059002,0.004951103776415136,46,sleep,21.687999999994645,1
320000,nan,3.200608691406984,1.2563099517137744e-05,3.200613021850586,0.34469547867774963,3.200608691406984,0.0,254762.66322979666,99.99970739059002,0.004951103776415136,46,sleep,21.73399999999674,1
320000,nan,3.200608691406984,1.2563099517137744e-05,3.200613021850586,0.34469547867774963,3.200608691406984,0.0,254762.66322979666,99.99970739059002,0.004951103776415136,46,sleep,21.796999999991385,1
320000,nan,3.200608691406984,1.2563099517137744e-05,3.200613021850586,0.34469547867774963,3.200608691406984,0.0,254762.66322979666,99.99970739059002,0.004951103776415136,46,sleep,21.843999999997322,1
320000,nan,3.200608691406984,1.2563099517137744e-05,3.200613021850586,0.34469547867774963,3.200608691406984,0.0,254762.66322979666,99.99970739059002,0.004951103776415136,46,sleep,21.890999999988708,1
320000,nan,3.200608691406984,1.2563099517137744e-05,3.200613021850586,0.34469547867774963,3.200608691406984,0.0,254762.66322979666,99.99970739059002,0.004951103776415136,46,sleep,21.937999999994645,1
320000,nan,3.2006087569539217,1.2372940545901656e-05,3.200613021850586,0.34469547867774963,3.2006087569539217,0.0,258678.10041438157,99.99970728902909,0.0049528222403798445,47,sleep,21.98399999999674,1
320000,nan,3.2006087569539217,1.2372940545901656e-05,3.200613021850586,0.34469547867774963,3.2006087569539217,0.0,258678.10041438157,99.99970728902909,0.0049528222403798445,47,sleep,22.046999999991385,1
320000,nan,3.2006087569539217,1.2372940545901656e-05,3.200613021850586,0.34469547867774963,3.2006087569539217,0.0,258678.10041438157,99.99970728902909,0.0049528222403798445,47,sleep,22.093999999997322,1
320000,nan,3.2006087569539217,1.2372940545901656e-05,3.200613021850586,0.34469547867774963,3.2006087569539217,0.0,258678.10041438157,99.99970728902909,0.0049528222403798445,47,sleep,22.140999999988708,1
320000,nan,3.2006087569539217,1.2372940545901656e-05,3.200613021850586,0.34469547867774963,3.2006087569539217,0.0,258678.10041438157,99.99970728902909,0.0049528222403798445,47,sleep,22.187999999994645,1
320000,nan,3.2006087569539217,1.2372940545901656e-05,3.200613021850586,0.34469547867774963,3.2006087569539217,0.0,258678.10041438157,99.99970728902909,0.0049528222403798445,47,sleep,22.23399999999674,1
320000,nan,3.2006087569539217,1.2372940545901656e-05,3.200613021850586,0.34469547867774963,3.2006087569539217,0.0,258678.10041438157,99.99970728902909,0.0049528222403798445,47,sleep,22.296999999991385,1
320000,nan,3.2006087569539217,1.2372940545901656e-05,3.200613021850586,0.34469547867774963,3.2006087569539217,0.0,258678.10041438157,99.99970728902909,0.0049528222403798445,47,sleep,22.343999999997322,1
320000,nan,3.2006087569539217,1.2372940545901656e-05,3.200613021850586,0.34469547867774963,3.2006087569539217,0.0,258678.10041438157,99.99970728902909,0.0049528222403798445,47,sleep,22.390999999988708,1
320000,nan,3.2006087569539217,1.2372940545901656e-05,3.200613021850586,0.34469547867774963,3.2006087569539217,0.0,258678.10041438157,99.99970728902909,0.0049528222403798445,47,sleep,22.437999999994645,1
320000,nan,3.2006087569539217,1.2372940545901656e-05,3.200613021850586,0.34469547867774963,3.2006087569539217,0.0,258678.10041438157,99.99970728902909,0.0049528222403798445,47,sleep,22.48399999999674,1
320000,nan,3.2006087542807182,1.2380695807223674e-05,3.200613021850586,0.34469547867774963,3.2006087542807182,0.0,258516.06437283457,99.99970718740448,0.004954541781464181,48,sleep,22.546999999991385,1
320000,nan,3.2006087542807182,1.2380695807223674e-05,3.200613021850586,0.34469547867774963,3.2006087542807182,0.0,258516.06437283457,99.99970718740448,0.004954541781464181,48,sleep,22.593999999997322,1
320000,nan,3.2006087542807182,1.2380695807223674e-05,3.200613021850586,0.34469547867774963,3.2006087542807182,0.0,258516.06437283457,99.99970718740448,0.004954541781464181,48,sleep,22.640999999988708,1
320000,nan,3.2006087542807182,1.2380695807223674e-05,3.200613021850586,0.34469547867774963,3.2006087542807182,0.0,258516.06437283457,99.99970718740448,0.004954541781464181,48,sleep,22.687999999994645,1
320000,nan,3.2006087542807182,1.2380695807223674e-05,3.200613021850586,0.34469547867774963,3.2006087542807182,0.0,258516.06437283457,99.99970718740448,0.004954541781464181,48,sleep,22.73399999999674,1
320000,nan,3.2006087542807182,1.2380695807223674e-05,3.200613021850586,0.34469547867774963,3.2006087542807182,0.0,258516.06437283457,99.99970718740448,0.004954541781464181,48,sleep,22.796999999991385,1
320000,nan,3.2006087542807182,1.2380695807223674e-05,3.200613021850586,0.34469547867774963,3.2006087542807182,0.0,258516.06437283457,99.99970718740448,0.004954541781464181,48,sleep,22.843999999997322,1
320000,nan,3.2006087542807182,1.2380695807223674e-05,3.200613021850586,0.34469547867774963,3.2006087542807182,0.0,258516.06437283457,99.99970718740448,0.004954541781464181,48,sleep,22.890999999988708,1
320000,nan,3.2006087542807182,1.2380695807223674e-05,3.200613021850586,0.34469547867774963,3.2006087542807182,0.0,258516.06437283457,99.99970718740448,0.004954541781464181,48,sleep,22.937999999994645,1
320000,nan,3.2006087542807182,1.2380695807223674e-05,3.200613021850586,0.34469547867774963,3.2006087542807182,0.0,258516.06437283457,99.99970718740448,0.004954541781464181,48,sleep,22.98399999999674,1
320000,nan,3.2006087631768714,1.2354887076071464e-05,3.200613021850586,0.34469547867774963,3.2006087631768714,0.0,259056.09201201884,99.99970708294936,0.004956309216698673,49,sleep,23.046999999991385,1
320000,nan,3.2006087631768714,1.2354887076071464e-05,3.200613021850586,0.34469547867774963,3.2006087631768714,0.0,259056.09201201884,99.99970708294936,0.004956309216698673,49,sleep,23.093999999997322,1
320000,nan,3.2006087631768714,1.2354887076071464e-05,3.200613021850586,0.34469547867774963,3.2006087631768714,0.0,259056.09201201884,99.99970708294936,0.004956309216698673,49,sleep,23.140999999988708,1
320000,nan,3.2006087631768714,1.2354887076071464e-05,3.200613021850586,0.34469547867774963,3.2006087631768714,0.0,259056.09201201884,99.99970708294936,0.004956309216698673,49,sleep,23.187999999994645,1
320000,nan,3.2006087631768714,1.2354887076071464e-05,3.200613021850586,0.34469547867774963,3.2006087631768714,0.0,259056.09201201884,99.99970708294936,0.004956309216698673,49,sleep,23.23399999999674,1
320000,nan,3.2006087631768714,1.2354887076071464e-05,3.200613021850586,0.34469547867774963,3.2006087631768714,0.0,259056.09201201884,99.99970708294936,0.004956309216698673,49,sleep,23.296999999991385,1
320000,nan,3.2006087631768714,1.2354887076071464e-05,3.200613021850586,0.34469547867774963,3.2006087631768714,0.0,259056.09201201884,99.99970708294936,0.004956309216698673,49,sleep,23.343999999997322,1
320000,nan,3.2006087631768714,1.2354887076071464e-05,3.200613021850586,0.34469547867774963,3.2006087631768714,0.0,259056.09201201884,99.99970708294936,0.004956309216698673,49,sleep,23.390999999988708,1
320000,nan,3.2006087631768714,1.2354887076071464e-05,3.200613021850586,0.34469547867774963,3.2006087631768714,0.0,259056.09201201884,99.99970708294936,0.004956309216698673,49,sleep,23.437999999994645,1
320000,nan,3.2006087631768714,1.2354887076071464e-05,3.200613021850586,0.34469547867774963,3.2006087631768714,0.0,259056.09201201884,99.99970708294936,0.004956309216698673,49,sleep,23.48399999999674,1
320000,nan,3.200608751706267,1.2388164577714633e-05,3.200613021850586,0.34469547867774963,3.200608751706267,0.0,258360.2059552808,99.99970697800951,0.00495808485362149,50,sleep,23.546999999991385,1
320000,nan,3.200608751706267,1.2388164577714633e-05,3.200613021850586,0.34469547867774963,3.200608751706267,0.0,258360.2059552808,99.99970697800951,0.00495808485362149,50,sleep,23.593999999997322,1
320000,nan,3.200608751706267,1.2388164577714633e-05,3.200613021850586,0.34469547867774963,3.200608751706267,0.0,258360.2059552808,99.99970697800951,0.00495808485362149,50,sleep,23.640999999988708,1
320000,nan,3.200608751706267,1.2388164577714633e-05,3.200613021850586,0.34469547867774963,3.200608751706267,0.0,258360.2059552808,99.99970697800951,0.00495808485362149,50,sleep,23.687999999994645,1
320000,nan,3.200608751706267,1.2388164577714633e-05,3.200613021850586,0.34469547867774963,3.200608751706267,0.0,258360.2059552808,99.99970697800951,0.00495808485362149,50,sleep,23.73399999999674,1
320000,nan,3.200608751706267,1.2388164577714633e-05,3.200613021850586,0.34469547867774963,3.200608751706267,0.0,258360.2059552808,99.99970697800951,0.00495808485362149,50,sleep,23.796999999991385,1
320000,nan,3.200608751706267,1.2388164577714633e-05,3.200613021850586,0.34469547867774963,3.200608751706267,0.0,258360.2059552808,99.99970697800951,0.00495808485362149,50,sleep,23.843999999997322,1
320000,nan,3.200608751706267,1.2388164577714633e-05,3.200613021850586,0.34469547867774963,3.200608751706267,0.0,258360.2059552808,99.99970697800951,0.00495808485362149,50,sleep,23.890999999988708,1
320000,nan,3.200608751706267,1.2388164577714633e-05,3.200613021850586,0.34469547867774963,3.200608751706267,0.0,258360.2059552808,99.99970697800951,0.00495808485362149,50,sleep,23.937999999994645,1
320000,nan,3.200608751706267,1.2388164577714633e-05,3.200613021850586,0.34469547867774963,3.200608751706267,0.0,258360.2059552808,99.99970697800951,0.00495808485362149,50,sleep,23.98399999999674,1
320000,nan,3.2006087777003263,1.2312752915022429e-05,3.200613021850586,0.34469547867774963,3.2006087777003263,0.0,259942.58146733028,99.99970687694261,0.004959794958193021,51,sleep,24.046999999991385,1
320000,nan,3.2006087777003263,1.2312752915022429e-05,3.200613021850586,0.34469547867774963,3.2006087777003263,0.0,259942.58146733028,99.99970687694261,0.004959794958193021,51,sleep,24.093999999997322,1
320000,nan,3.2006087777003263,1.2312752915022429e-05,3.200613021850586,0.34469547867774963,3.2006087777003263,0.0,259942.58146733028,99.99970687694261,0.004959794958193021,51,sleep,24.140999999988708,1
320000,nan,3.2006087777003263,1.2312752915022429e-05,3.200613021850586,0.34469547867774963,3.2006087777003263,0.0,259942.58146733028,99.99970687694261,0.004959794958193021,51,sleep,24.187999999994645,1
320000,nan,3.2006087777003263,1.2312752915022429e-05,3.200613021850586,0.34469547867774963,3.2006087777003263,0.0,259942.58146733028,99.99970687694261,0.004959794958193021,51,sleep,24.23399999999674,1
320000,nan,3.2006087777003263,1.2312752915022429e-05,3.200613021850586,0.34469547867774963,3.2006087777003263,0.0,259942.58146733028,99.99970687694261,0.004959794958193021,51,sleep,24.296999999991385,1
320000,nan,3.2006087777003263,1.2312752915022429e-05,3.200613021850586,0.34469547867774963,3.2006087777003263,0.0,259942.58146733028,99.99970687694261,0.004959794958193021,51,sleep,24.343999999997322,1
320000,nan,3.2006087777003263,1.2312752915022429e-05,3.200613021850586,0.34469547867774963,3.2006087777003263,0.0,259942.58146733028,99.99970687694261,0.004959794958193021,51,sleep,24.390999999988708,1
320000,nan,3.2006087777003263,1.2312752915022429e-05,3.200613021850586,0.34469547867774963,3.2006087777003263,0.0,259942.58146733028,99.99970687694261,0.004959794958193021,51,sleep,24.437999999994645,1
320000,nan,3.2006087777003263,1.2312752915022429e-05,3.200613021850586,0.34469547867774963,3.2006087777003263,0.0,259942.58146733028,99.99970687694261,0.004959794958193021,51,sleep,24.48399999999674,1
320000,nan,3.2006087560369383,1.2375600817904342e-05,3.200613021850586,0.34469547867774963,3.2006087560369383,0.0,258622.49462720813,99.99970677535984,0.004961513791639951,52,sleep,24.546999999991385,1
320000,nan,3.2006087560369383,1.2375600817904342e-05,3.200613021850586,0.34469547867774963,3.2006087560369383,0.0,258622.49462720813,99.99970677535984,0.004961513791639951,52,sleep,24.593999999997322,1
320000,nan,3.2006087560369383,1.2375600817904342e-05,3.200613021850586,0.34469547867774963,3.2006087560369383,0.0,258622.49462720813,99.99970677535984,0.004961513791639951,52,sleep,24.640999999988708,1
320000,nan,3.2006087560369383,1.2375600817904342e-05,3.200613021850586,0.34469547867774963,3.2006087560369383,0.0,258622.49462720813,99.99970677535984,0.004961513791639951,52,sleep,24.687999999994645,1
320000,nan,3.2006087560369383,1.2375600817904342e-05,3.200613021850586,0.34469547867774963,3.2006087560369383,0.0,258622.49462720813,99.99970677535984,0.004961513791639951,52,sleep,24.73399999999674,1
320000,nan,3.2006087560369383,1.2375600817904342e-05,3.200613021850586,0.34469547867774963,3.2006087560369383,0.0,258622.49462720813,99.99970677535984,0.004961513791639951,52,sleep,24.796999999991385,1
320000,nan,3.2006087560369383,1.2375600817904342e-05,3.200613021850586,0.34469547867774963,3.2006087560369383,0.0,258622.49462720813,99.99970677535984,0.004961513791639951,52,sleep,24.843999999997322,1
320000,nan,3.2006087560369383,1.2375600817904342e-05,3.200613021850586,0.34469547867774963,3.2006087560369383,0.0,258622.49462720813,99.99970677535984,0.004961513791639951,52,sleep,24.890999999988708,1
320000,nan,3.2006087560369383,1.2375600817904342e-05,3.200613021850586,0.34469547867774963,3.2006087560369383,0.0,258622.49462720813,99.99970677535984,0.004961513791639951,52,sleep,24.937999999994645,1
320000,nan,3.2006087560369383,1.2375600817904342e-05,3.200613021850586,0.34469547867774963,3.2006087560369383,0.0,258622.49462720813,99.99970677535984,0.004961513791639951,52,sleep,24.98399999999674,1
320000,nan,3.2006087560369383,1.2375600817904342e-05,3.200613021850586,0.34469547867774963,3.2006087560369383,0.0,258622.49462720813,99.99970677535984,0.004961513791639951,52,sleep,25.030999999988126,2
320000,nan,3.200608752656168,1.2385408808768261e-05,3.200613021850586,0.34469547867774963,3.200608752656168,0.0,258417.69150084848,99.99970667044335,0.004963289033569169,53,sleep,25.093999999997322,2
320000,nan,3.200608752656168,1.2385408808768261e-05,3.200613021850586,0.34469547867774963,3.200608752656168,0.0,258417.69150084848,99.99970667044335,0.004963289033569169,53,sleep,25.140999999988708,2
320000,nan,3.200608752656168,1.2385408808768261e-05,3.200613021850586,0.34469547867774963,3.200608752656168,0.0,258417.69150084848,99.99970667044335,0.004963289033569169,53,sleep,25.187999999994645,2
320000,nan,3.200608752656168,1.2385408808768261e-05,3.200613021850586,0.34469547867774963,3.200608752656168,0.0,258417.69150084848,99.99970667044335,0.004963289033569169,53,sleep,25.23399999999674,2
320000,nan,3.200608752656168,1.2385408808768261e-05,3.200613021850586,0.34469547867774963,3.200608752656168,0.0,258417.69150084848,99.99970667044335,0.004963289033569169,53,sleep,25.296999999991385,2
320000,nan,3.200608752656168,1.2385408808768261e-05,3.200613021850586,0.34469547867774963,3.200608752656168,0.0,258417.69150084848,99.99970667044335,0.004963289033569169,53,sleep,25.343999999997322,2
320000,nan,3.200608752656168,1.2385408808768261e-05,3.200613021850586,0.34469547867774963,3.200608752656168,0.0,258417.69150084848,99.99970667044335,0.004963289033569169,53,sleep,25.390999999988708,2
320000,nan,3.200608752656168,1.2385408808768261e-05,3.200613021850586,0.34469547867774963,3.200608752656168,0.0,258417.69150084848,99.99970667044335,0.004963289033569169,53,sleep,25.437999999994645,2
320000,nan,3.200608752656168,1.2385408808768261e-05,3.200613021850586,0.34469547867774963,3.200608752656168,0.0,258417.69150084848,99.99970667044335,0.004963289033569169,53,sleep,25.48399999999674,2
320000,nan,3.200608752656168,1.2385408808768261e-05,3.200613021850586,0.34469547867774963,3.200608752656168,0.0,258417.69150084848,99.99970667044335,0.004963289033569169,53,sleep,25.546999999991385,2
320000,nan,3.2006087647048638,1.2350454198895022e-05,3.200613021850586,0.34469547867774963,3.2006087647048638,0.0,259149.07364226473,99.9997065660257,0.004965055834655953,54,sleep,25.593999999997322,2
320000,nan,3.2006087647048638,1.2350454198895022e-05,3.200613021850586,0.34469547867774963,3.2006087647048638,0.0,259149.07364226473,99.9997065660257,0.004965055834655953,54,sleep,25.640999999988708,2
320000,nan,3.2006087647048638,1.2350454198895022e-05,3.200613021850586,0.34469547867774963,3.2006087647048638,0.0,259149.07364226473,99.9997065660257,0.004965055834655953,54,sleep,25.687999999994645,2
320000,nan,3.2006087647048638,1.2350454198895022e-05,3.200613021850586,0.34469547867774963,3.2006087647048638,0.0,259149.07364226473,99.9997065660257,0.004965055834655953,54,sleep,25.73399999999674,2
320000,nan,3.2006087647048638,1.2350454198895022e-05,3.200613021850586,0.34469547867774963,3.2006087647048638,0.0,259149.07364226473,99.9997065660257,0.004965055834655953,54,sleep,25.796999999991385,2
320000,nan,3.2006087647048638,1.2350454198895022e-05,3.200613021850586,0.34469547867774963,3.2006087647048638,0.0,259149.07364226473,99.9997065660257,0.004965055834655953,54,sleep,25.843999999997322,2
320000,nan,3.2006087647048638,1.2350454198895022e-05,3.200613021850586,0.34469547867774963,3.2006087647048638,0.0,259149.07364226473,99.9997065660257,0.004965055834655953,54,sleep,25.890999999988708,2
320000,nan,3.2006087647048638,1.2350454198895022e-05,3.200613021850586,0.34469547867774963,3.2006087647048638,0.0,259149.07364226473,99.9997065660257,0.004965055834655953,54,sleep,25.937999999994645,2
320000,nan,3.2006087647048638,1.2350454198895022e-05,3.200613021850586,0.34469547867774963,3.2006087647048638,0.0,259149.07364226473,99.9997065660257,0.004965055834655953,54,sleep,25.98399999999674,2
320000,nan,3.2006087647048638,1.2350454198895022e-05,3.200613021850586,0.34469547867774963,3.2006087647048638,0.0,259149.07364226473,99.9997065660257,0.004965055834655953,54,sleep,26.046999999991385,2
320000,nan,3.200608732031401,1.24452435557032e-05,3.200613021850586,0.34469547867774963,3.200608732031401,0.0,257175.25878106893,99.99970646060234,0.004966839652898948,55,sleep,26.093999999997322,2
320000,nan,3.200608732031401,1.24452435557032e-05,3.200613021850586,0.34469547867774963,3.200608732031401,0.0,257175.25878106893,99.99970646060234,0.004966839652898948,55,sleep,26.140999999988708,2
320000,nan,3.200608732031401,1.24452435557032e-05,3.200613021850586,0.34469547867774963,3.200608732031401,0.0,257175.25878106893,99.99970646060234,0.004966839652898948,55,sleep,26.187999999994645,2
320000,nan,3.200608732031401,1.24452435557032e-05,3.200613021850586,0.34469547867774963,3.200608732031401,0.0,257175.25878106893,99.99970646060234,0.004966839652898948,55,sleep,26.23399999999674,2
320000,nan,3.200608732031401,1.24452435557032e-05,3.200613021850586,0.34469547867774963,3.200608732031401,0.0,257175.25878106893,99.99970646060234,0.004966839652898948,55,sleep,26.296999999991385,2
320000,nan,3.200608732031401,1.24452435557032e-05,3.200613021850586,0.34469547867774963,3.200608732031401,0.0,257175.25878106893,99.99970646060234,0.004966839652898948,55,sleep,26.343999999997322,2
320000,nan,3.200608732031401,1.24452435557032e-05,3.200613021850586,0.34469547867774963,3.200608732031401,0.0,257175.25878106893,99.99970646060234,0.004966839652898948,55,sleep,26.390999999988708,2
320000,nan,3.200608732031401,1.24452435557032e-05,3.200613021850586,0.34469547867774963,3.200608732031401,0.0,257175.25878106893,99.99970646060234,0.004966839652898948,55,sleep,26.437999999994645,2
320000,nan,3.200608732031401,1.24452435557032e-05,3.200613021850586,0.34469547867774963,3.200608732031401,0.0,257175.25878106893,99.99970646060234,0.004966839652898948,55,sleep,26.48399999999674,2
320000,nan,3.200608732031401,1.24452435557032e-05,3.200613021850586,0.34469547867774963,3.200608732031401,0.0,257175.25878106893,99.99970646060234,0.004966839652898948,55,sleep,26.546999999991385,2
320000,nan,3.2006087599108417,1.2364362191874534e-05,3.200613021850586,0.34469547867774963,3.2006087599108417,0.0,258857.5706730898,99.99970635586412,0.004968611878146461,56,sleep,26.593999999997322,2
320000,nan,3.2006087599108417,1.2364362191874534e-05,3.200613021850586,0.34469547867774963,3.2006087599108417,0.0,258857.5706730898,99.99970635586412,0.004968611878146461,56,sleep,26.640999999988708,2
320000,nan,3.2006087599108417,1.2364362191874534e-05,3.200613021850586,0.34469547867774963,3.2006087599108417,0.0,258857.5706730898,99.99970635586412,0.004968611878146461,56,sleep,26.687999999994645,2
320000,nan,3.2006087599108417,1.2364362191874534e-05,3.200613021850586,0.34469547867774963,3.2006087599108417,0.0,258857.5706730898,99.99970635586412,0.004968611878146461,56,sleep,26.73399999999674,2
320000,nan,3.2006087599108417,1.2364362191874534e-05,3.200613021850586,0.34469547867774963,3.2006087599108417,0.0,258857.5706730898,99.99970635586412,0.004968611878146461,56,sleep,26.796999999991385,2
320000,nan,3.2006087599108417,1.2364362191874534e-05,3.200613021850586,0.34469547867774963,3.2006087599108417,0.0,258857.5706730898,99.99970635586412,0.004968611878146461,56,sleep,26.843999999997322,2
320000,nan,3.2006087599108417,1.2364362191874534e-05,3.200613021850586,0.34469547867774963,3.2006087599108417,0.0,258857.5706730898,99.99970635586412,0.004968611878146461,56,sleep,26.890999999988708,2
320000,nan,3.2006087599108417,1.2364362191874534e-05,3.200613021850586,0.34469547867774963,3.2006087599108417,0.0,258857.5706730898,99.99970635586412,0.004968611878146461,56,sleep,26.937999999994645,2
320000,nan,3.2006087599108417,1.2364362191874534e-05,3.200613021850586,0.34469547867774963,3.2006087599108417,0.0,258857.5706730898,99.99970635586412,0.004968611878146461,56,sleep,26.98399999999674,2
320000,nan,3.2006087599108417,1.2364362191874534e-05,3.200613021850586,0.34469547867774963,3.2006087599108417,0.0,258857.5706730898,99.99970635586412,0.004968611878146461,56,sleep,27.046999999991385,2
320000,nan,3.200608755662621,1.2376686754578259e-05,3.200613021850586,0.34469547867774963,3.200608755662621,0.0,258599.8029301892,99.99970625122468,0.004970382431946072,57,sleep,27.093999999997322,2
320000,nan,3.200608755662621,1.2376686754578259e-05,3.200613021850586,0.34469547867774963,3.200608755662621,0.0,258599.8029301892,99.99970625122468,0.004970382431946072,57,sleep,27.140999999988708,2
320000,nan,3.200608755662621,1.2376686754578259e-05,3.200613021850586,0.34469547867774963,3.200608755662621,0.0,258599.8029301892,99.99970625122468,0.004970382431946072,57,sleep,27.187999999994645,2
320000,nan,3.200608755662621,1.2376686754578259e-05,3.200613021850586,0.34469547867774963,3.200608755662621,0.0,258599.8029301892,99.99970625122468,0.004970382431946072,57,sleep,27.23399999999674,2
320000,nan,3.200608755662621,1.2376686754578259e-05,3.200613021850586,0.34469547867774963,3.200608755662621,0.0,258599.8029301892,99.99970625122468,0.004970382431946072,57,sleep,27.296999999991385,2
320000,nan,3.200608755662621,1.2376686754578259e-05,3.200613021850586,0.34469547867774963,3.200608755662621,0.0,258599.8029301892,99.99970625122468,0.004970382431946072,57,sleep,27.343999999997322,2
320000,nan,3.200608755662621,1.2376686754578259e-05,3.200613021850586,0.34469547867774963,3.200608755662621,0.0,258599.8029301892,99.99970625122468,0.004970382431946072,57,sleep,27.390999999988708,2
320000,nan,3.200608755662621,1.2376686754578259e-05,3.200613021850586,0.34469547867774963,3.200608755662621,0.0,258599.8029301892,99.99970625122468,0.004970382431946072,57,sleep,27.437999999994645,2
320000,nan,3.200608755662621,1.2376686754578259e-05,3.200613021850586,0.34469547867774963,3.200608755662621,0.0,258599.8029301892,99.99970625122468,0.004970382431946072,57,sleep,27.48399999999674,2
320000,nan,3.200608755662621,1.2376686754578259e-05,3.200613021850586,0.34469547867774963,3.200608755662621,0.0,258599.8029301892,99.99970625122468,0.004970382431946072,57,sleep,27.546999999991385,2
320000,nan,3.200608755662621,1.2376686754578259e-05,3.200613021850586,0.34469547867774963,3.200608755662621,0.0,258599.8029301892,99.99970625122468,0.004970382431946072,57,sleep,27.593999999997322,2
320000,nan,3.200608747400989,1.240065466845408e-05,3.200613021850586,0.34469547867774963,3.200608747400989,0.0,258099.98205522087,99.99970614617902,0.004972159859115229,58,sleep,27.640999999988708,2
320000,nan,3.200608747400989,1.240065466845408e-05,3.200613021850586,0.34469547867774963,3.200608747400989,0.0,258099.98205522087,99.99970614617902,0.004972159859115229,58,sleep,27.687999999994645,2
320000,nan,3.200608747400989,1.240065466845408e-05,3.200613021850586,0.34469547867774963,3.200608747400989,0.0,258099.98205522087,99.99970614617902,0.004972159859115229,58,sleep,27.73399999999674,2
320000,nan,3.200608747400989,1.240065466845408e-05,3.200613021850586,0.34469547867774963,3.200608747400989,0.0,258099.98205522087,99.99970614617902,0.004972159859115229,58,sleep,27.796999999991385,2
320000,nan,3.200608747400989,1.240065466845408e-05,3.200613021850586,0.34469547867774963,3.200608747400989,0.0,258099.98205522087,99.99970614617902,0.004972159859115229,58,sleep,27.843999999997322,2
320000,nan,3.200608747400989,1.240065466845408e-05,3.200613021850586,0.34469547867774963,3.200608747400989,0.0,258099.98205522087,99.99970614617902,0.004972159859115229,58,sleep,27.890999999988708,2
320000,nan,3.200608747400989,1.240065466845408e-05,3.200613021850586,0.34469547867774963,3.200608747400989,0.0,258099.98205522087,99.99970614617902,0.004972159859115229,58,sleep,27.937999999994645,2
320000,nan,3.200608747400989,1.240065466845408e-05,3.200613021850586,0.34469547867774963,3.200608747400989,0.0,258099.98205522087,99.99970614617902,0.004972159859115229,58,sleep,27.98399999999674,2
320000,nan,3.200608747400989,1.240065466845408e-05,3.200613021850586,0.34469547867774963,3.200608747400989,0.0,258099.98205522087,99.99970614617902,0.004972159859115229,58,sleep,28.046999999991385,2
320000,nan,3.200608747400989,1.240065466845408e-05,3.200613021850586,0.34469547867774963,3.200608747400989,0.0,258099.98205522087,99.99970614617902,0.004972159859115229,58,sleep,28.093999999997322,2
320000,nan,3.200608766883053,1.2344135029707104e-05,3.200613021850586,0.34469547867774963,3.200608766883053,0.0,259281.73656400738,99.99970604485455,0.0049738743223137994,59,sleep,28.140999999988708,2
320000,nan,3.200608766883053,1.2344135029707104e-05,3.200613021850586,0.34469547867774963,3.200608766883053,0.0,259281.73656400738,99.99970604485455,0.0049738743223137994,59,sleep,28.187999999994645,2
320000,nan,3.200608766883053,1.2344135029707104e-05,3.200613021850586,0.34469547867774963,3.200608766883053,0.0,259281.73656400738,99.99970604485455,0.0049738743223137994,59,sleep,28.23399999999674,2
320000,nan,3.200608766883053,1.2344135029707104e-05,3.200613021850586,0.34469547867774963,3.200608766883053,0.0,259281.73656400738,99.99970604485455,0.0049738743223137994,59,sleep,28.296999999991385,2
320000,nan,3.200608766883053,1.2344135029707104e-05,3.200613021850586,0.34469547867774963,3.200608766883053,0.0,259281.73656400738,99.99970604485455,0.0049738743223137994,59,sleep,28.343999999997322,2
320000,nan,3.200608766883053,1.2344135029707104e-05,3.200613021850586,0.34469547867774963,3.200608766883053,0.0,259281.73656400738,99.99970604485455,0.0049738743223137994,59,sleep,28.390999999988708,2
320000,nan,3.200608766883053,1.2344135029707104e-05,3.200613021850586,0.34469547867774963,3.200608766883053,0.0,259281.73656400738,99.99970604485455,0.0049738743223137994,59,sleep,28.437999999994645,2
320000,nan,3.200608766883053,1.2344135029707104e-05,3.200613021850586,0.34469547867774963,3.200608766883053,0.0,259281.73656400738,99.99970604485455,0.0049738743223137994,59,sleep,28.48399999999674,2
320000,nan,3.200608766883053,1.2344135029707104e-05,3.200613021850586,0.34469547867774963,3.200608766883053,0.0,259281.73656400738,99.99970604485455,0.0049738743223137994,59,sleep,28.546999999991385,2
320000,nan,3.200608766883053,1.2344135029707104e-05,3.200613021850586,0.34469547867774963,3.200608766883053,0.0,259281.73656400738,99.99970604485455,0.0049738743223137994,59,sleep,28.593999999997322,2
320000,nan,3.200608748810793,1.2396564670780208e-05,3.200613021850586,0.34469547867774963,3.200608748810793,0.0,258185.13707712176,99.99970594004705,0.004975647719759756,60,sleep,28.640999999988708,2
320000,nan,3.200608748810793,1.2396564670780208e-05,3.200613021850586,0.34469547867774963,3.200608748810793,0.0,258185.13707712176,99.99970594004705,0.004975647719759756,60,sleep,28.687999999994645,2
320000,nan,3.200608748810793,1.2396564670780208e-05,3.200613021850586,0.34469547867774963,3.200608748810793,0.0,258185.13707712176,99.99970594004705,0.004975647719759756,60,sleep,28.73399999999674,2
320000,nan,3.200608748810793,1.2396564670780208e-05,3.200613021850586,0.34469547867774963,3.200608748810793,0.0,258185.13707712176,99.99970594004705,0.004975647719759756,60,sleep,28.796999999991385,2
320000,nan,3.200608748810793,1.2396564670780208e-05,3.200613021850586,0.34469547867774963,3.200608748810793,0.0,258185.13707712176,99.99970594004705,0.004975647719759756,60,sleep,28.843999999997322,2
320000,nan,3.200608748810793,1.2396564670780208e-05,3.200613021850586,0.34469547867774963,3.200608748810793,0.0,258185.13707712176,99.99970594004705,0.004975647719759756,60,sleep,28.890999999988708,2
320000,nan,3.200608748810793,1.2396564670780208e-05,3.200613021850586,0.34469547867774963,3.200608748810793,0.0,258185.13707712176,99.99970594004705,0.004975647719759756,60,sleep,28.937999999994645,2
320000,nan,3.200608748810793,1.2396564670780208e-05,3.200613021850586,0.34469547867774963,3.200608748810793,0.0,258185.13707712176,99.99970594004705,0.004975647719759756,60,sleep,28.98399999999674,2
320000,nan,3.200608748810793,1.2396564670780208e-05,3.200613021850586,0.34469547867774963,3.200608748810793,0.0,258185.13707712176,99.99970594004705,0.004975647719759756,60,sleep,29.046999999991385,2
320000,nan,3.200608748810793,1.2396564670780208e-05,3.200613021850586,0.34469547867774963,3.200608748810793,0.0,258185.13707712176,99.99970594004705,0.004975647719759756,60,sleep,29.093999999997322,2
320000,nan,3.200608756676789,1.2373744539218023e-05,3.200613021850586,0.34469547867774963,3.200608756676789,0.0,258661.2925887232,99.99970583847951,0.004977366295390203,61,sleep,29.140999999988708,2
320000,nan,3.200608756676789,1.2373744539218023e-05,3.200613021850586,0.34469547867774963,3.200608756676789,0.0,258661.2925887232,99.99970583847951,0.004977366295390203,61,sleep,29.187999999994645,2
320000,nan,3.200608756676789,1.2373744539218023e-05,3.200613021850586,0.34469547867774963,3.200608756676789,0.0,258661.2925887232,99.99970583847951,0.004977366295390203,61,sleep,29.23399999999674,2
320000,nan,3.200608756676789,1.2373744539218023e-05,3.200613021850586,0.34469547867774963,3.200608756676789,0.0,258661.2925887232,99.99970583847951,0.004977366295390203,61,sleep,29.296999999991385,2
320000,nan,3.200608756676789,1.2373744539218023e-05,3.200613021850586,0.34469547867774963,3.200608756676789,0.0,258661.2925887232,99.99970583847951,0.004977366295390203,61,sleep,29.343999999997322,2
320000,nan,3.200608756676789,1.2373744539218023e-05,3.200613021850586,0.34469547867774963,3.200608756676789,0.0,258661.2925887232,99.99970583847951,0.004977366295390203,61,sleep,29.390999999988708,2
320000,nan,3.200608756676789,1.2373744539218023e-05,3.200613021850586,0.34469547867774963,3.200608756676789,0.0,258661.2925887232,99.99970583847951,0.004977366295390203,61,sleep,29.437999999994645,2
320000,nan,3.200608756676789,1.2373744539218023e-05,3.200613021850586,0.34469547867774963,3.200608756676789,0.0,258661.2925887232,99.99970583847951,0.004977366295390203,61,sleep,29.48399999999674,2
320000,nan,3.200608756676789,1.2373744539218023e-05,3.200613021850586,0.34469547867774963,3.200608756676789,0.0,258661.2925887232,99.99970583847951,0.004977366295390203,61,sleep,29.546999999991385,2
320000,nan,3.200608756676789,1.2373744539218023e-05,3.200613021850586,0.34469547867774963,3.200608756676789,0.0,258661.2925887232,99.99970583847951,0.004977366295390203,61,sleep,29.593999999997322,2
320000,nan,3.200608756676789,1.2373744539218023e-05,3.200613021850586,0.34469547867774963,3.200608756676789,0.0,258661.2925887232,99.99970583847951,0.004977366295390203,61,sleep,29.640999999988708,2
320000,nan,3.20060871694647,1.248900662176311e-05,3.200613021850586,0.34469547867774963,3.20060871694647,0.0,256274.0827896711,99.99970573268543,0.004979156386339334,62,sleep,29.687999999994645,2
320000,nan,3.20060871694647,1.248900662176311e-05,3.200613021850586,0.34469547867774963,3.20060871694647,0.0,256274.0827896711,99.99970573268543,0.004979156386339334,62,sleep,29.73399999999674,2
320000,nan,3.20060871694647,1.248900662176311e-05,3.200613021850586,0.34469547867774963,3.20060871694647,0.0,256274.0827896711,99.99970573268543,0.004979156386339334,62,sleep,29.796999999991385,2
320000,nan,3.20060871694647,1.248900662176311e-05,3.200613021850586,0.34469547867774963,3.20060871694647,0.0,256274.0827896711,99.99970573268543,0.004979156386339334,62,sleep,29.843999999997322,2
320000,nan,3.20060871694647,1.248900662176311e-05,3.200613021850586,0.34469547867774963,3.20060871694647,0.0,256274.0827896711,99.99970573268543,0.004979156386339334,62,sleep,29.890999999988708,2
320000,nan,3.20060871694647,1.248900662176311e-05,3.200613021850586,0.34469547867774963,3.20060871694647,0.0,256274.0827896711,99.99970573268543,0.004979156386339334,62,sleep,29.937999999994645,2
320000,nan,3.20060871694647,1.248900662176311e-05,3.200613021850586,0.34469547867774963,3.20060871694647,0.0,256274.0827896711,99.99970573268543,0.004979156386339334,62,sleep,29.98399999999674,2
3200,nan,3.20060871694647,1.248900662176311e-05,3.200613021850586,0.34469547867774963,3.20060871694647,0.0,256274.0827896711,99.99970573268543,0.004979156386339334,62,wake,30.046999999991385,2
3200,nan,3.20060871694647,1.248900662176311e-05,3.200613021850586,0.34469547867774963,3.20060871694647,0.0,256274.0827896711,99.99970573268543,0.004979156386339334,62,wake,30.10899999999674,2
3200,nan,3.20060871694647,1.248900662176311e-05,3.200613021850586,0.34469547867774963,3.20060871694647,0.0,256274.0827896711,99.99970573268543,0.004979156386339334,62,wake,30.155999999988126,2
3200,nan,3.200608722174375,1.2473839888116345e-05,3.200613021850586,0.34469547867774963,3.200608722174375,0.0,256585.68258708777,99.99970562701984,0.0049809443033899245,63,wake,30.202999999994063,2
3200,nan,3.200608722174375,1.2473839888116345e-05,3.200613021850586,0.34469547867774963,3.200608722174375,0.0,256585.68258708777,99.99970562701984,0.0049809443033899245,63,wake,30.25,2
3200,nan,3.200608722174375,1.2473839888116345e-05,3.200613021850586,0.34469547867774963,3.200608722174375,0.0,256585.68258708777,99.99970562701984,0.0049809443033899245,63,wake,30.312999999994645,2
3200,nan,3.200608722174375,1.2473839888116345e-05,3.200613021850586,0.34469547867774963,3.200608722174375,0.0,256585.68258708777,99.99970562701984,0.0049809443033899245,63,wake,30.35899999999674,2
3200,nan,3.200608722174375,1.2473839888116345e-05,3.200613021850586,0.34469547867774963,3.200608722174375,0.0,256585.68258708777,99.99970562701984,0.0049809443033899245,63,wake,30.405999999988126,2
3200,nan,3.200608722174375,1.2473839888116345e-05,3.200613021850586,0.34469547867774963,3.200608722174375,0.0,256585.68258708777,99.99970562701984,0.0049809443033899245,63,wake,30.452999999994063,2
3200,nan,3.200608722174375,1.2473839888116345e-05,3.200613021850586,0.34469547867774963,3.200608722174375,0.0,256585.68258708777,99.99970562701984,0.0049809443033899245,63,wake,30.5,2
3200,nan,3.200608722174375,1.2473839888116345e-05,3.200613021850586,0.34469547867774963,3.200608722174375,0.0,256585.68258708777,99.99970562701984,0.0049809443033899245,63,wake,30.562999999994645,2
3200,nan,3.200608722174375,1.2473839888116345e-05,3.200613021850586,0.34469547867774963,3.200608722174375,0.0,256585.68258708777,99.99970562701984,0.0049809443033899245,63,wake,30.60899999999674,2
320000,nan,3.200608722174375,1.2473839888116345e-05,3.200613021850586,0.34469547867774963,3.200608722174375,0.0,256585.68258708777,99.99970562701984,0.0049809443033899245,63,sleep,30.655999999988126,2
320000,nan,3.2006087556344056,1.2376768609101418e-05,3.200613021850586,0.34469547867774963,3.2006087556344056,0.0,258598.09266215062,99.99970552237971,0.00498271486889928,64,sleep,30.718999999997322,2
320000,nan,3.2006087556344056,1.2376768609101418e-05,3.200613021850586,0.34469547867774963,3.2006087556344056,0.0,258598.09266215062,99.99970552237971,0.00498271486889928,64,sleep,30.765999999988708,2
320000,nan,3.2006087556344056,1.2376768609101418e-05,3.200613021850586,0.34469547867774963,3.2006087556344056,0.0,258598.09266215062,99.99970552237971,0.00498271486889928,64,sleep,30.812999999994645,2
320000,nan,3.2006087556344056,1.2376768609101418e-05,3.200613021850586,0.34469547867774963,3.2006087556344056,0.0,258598.09266215062,99.99970552237971,0.00498271486889928,64,sleep,30.85899999999674,2
320000,nan,3.2006087556344056,1.2376768609101418e-05,3.200613021850586,0.34469547867774963,3.2006087556344056,0.0,258598.09266215062,99.99970552237971,0.00498271486889928,64,sleep,30.921999999991385,2
320000,nan,3.2006087556344056,1.2376768609101418e-05,3.200613021850586,0.34469547867774963,3.2006087556344056,0.0,258598.09266215062,99.99970552237971,0.00498271486889928,64,sleep,30.968999999997322,2
320000,nan,3.2006087556344056,1.2376768609101418e-05,3.200613021850586,0.34469547867774963,3.2006087556344056,0.0,258598.09266215062,99.99970552237971,0.00498271486889928,64,sleep,31.015999999988708,2
320000,nan,3.2006087556344056,1.2376768609101418e-05,3.200613021850586,0.34469547867774963,3.2006087556344056,0.0,258598.09266215062,99.99970552237971,0.00498271486889928,64,sleep,31.062999999994645,2
320000,nan,3.2006087556344056,1.2376768609101418e-05,3.200613021850586,0.34469547867774963,3.2006087556344056,0.0,258598.09266215062,99.99970552237971,0.00498271486889928,64,sleep,31.10899999999674,2
320000,nan,3.2006087556344056,1.2376768609101418e-05,3.200613021850586,0.34469547867774963,3.2006087556344056,0.0,258598.09266215062,99.99970552237971,0.00498271486889928,64,sleep,31.171999999991385,2
320000,nan,3.2006087567808703,1.2373442586977035e-05,3.200613021850586,0.34469547867774963,3.2006087567808703,0.0,258667.6047739123,99.99970542081465,0.0049844334025919155,65,sleep,31.218999999997322,2
320000,nan,3.2006087567808703,1.2373442586977035e-05,3.200613021850586,0.34469547867774963,3.2006087567808703,0.0,258667.6047739123,99.99970542081465,0.0049844334025919155,65,sleep,31.265999999988708,2
320000,nan,3.2006087567808703,1.2373442586977035e-05,3.200613021850586,0.34469547867774963,3.2006087567808703,0.0,258667.6047739123,99.99970542081465,0.0049844334025919155,65,sleep,31.312999999994645,2
320000,nan,3.2006087567808703,1.2373442586977035e-05,3.200613021850586,0.34469547867774963,3.2006087567808703,0.0,258667.6047739123,99.99970542081465,0.0049844334025919155,65,sleep,31.35899999999674,2
320000,nan,3.2006087567808703,1.2373442586977035e-05,3.200613021850586,0.34469547867774963,3.2006087567808703,0.0,258667.6047739123,99.99970542081465,0.0049844334025919155,65,sleep,31.421999999991385,2
320000,nan,3.2006087567808703,1.2373442586977035e-05,3.200613021850586,0.34469547867774963,3.2006087567808703,0.0,258667.6047739123,99.99970542081465,0.0049844334025919155,65,sleep,31.468999999997322,2
320000,nan,3.2006087567808703,1.2373442586977035e-05,3.200613021850586,0.34469547867774963,3.2006087567808703,0.0,258667.6047739123,99.99970542081465,0.0049844334025919155,65,sleep,31.515999999988708,2
320000,nan,3.2006087567808703,1.2373442586977035e-05,3.200613021850586,0.34469547867774963,3.2006087567808703,0.0,258667.6047739123,99.99970542081465,0.0049844334025919155,65,sleep,31.562999999994645,2
320000,nan,3.2006087567808703,1.2373442586977035e-05,3.200613021850586,0.34469547867774963,3.2006087567808703,0.0,258667.6047739123,99.99970542081465,0.0049844334025919155,65,sleep,31.60899999999674,2
320000,nan,3.2006087567808703,1.2373442586977035e-05,3.200613021850586,0.34469547867774963,3.2006087567808703,0.0,258667.6047739123,99.99970542081465,0.0049844334025919155,65,sleep,31.671999999991385,2
320000,nan,3.200608762201577,1.2357716514088679e-05,3.200613021850586,0.34469547867774963,3.200608762201577,0.0,258996.77813070518,99.99970531613272,0.00498620467529228,66,sleep,31.718999999997322,2
320000,nan,3.200608762201577,1.2357716514088679e-05,3.200613021850586,0.34469547867774963,3.200608762201577,0.0,258996.77813070518,99.99970531613272,0.00498620467529228,66,sleep,31.765999999988708,2
320000,nan,3.200608762201577,1.2357716514088679e-05,3.200613021850586,0.34469547867774963,3.200608762201577,0.0,258996.77813070518,99.99970531613272,0.00498620467529228,66,sleep,31.812999999994645,2
320000,nan,3.200608762201577,1.2357716514088679e-05,3.200613021850586,0.34469547867774963,3.200608762201577,0.0,258996.77813070518,99.99970531613272,0.00498620467529228,66,sleep,31.85899999999674,2
320000,nan,3.200608762201577,1.2357716514088679e-05,3.200613021850586,0.34469547867774963,3.200608762201577,0.0,258996.77813070518,99.99970531613272,0.00498620467529228,66,sleep,31.921999999991385,2
320000,nan,3.200608762201577,1.2357716514088679e-05,3.200613021850586,0.34469547867774963,3.200608762201577,0.0,258996.77813070518,99.99970531613272,0.00498620467529228,66,sleep,31.968999999997322,2
320000,nan,3.200608762201577,1.2357716514088679e-05,3.200613021850586,0.34469547867774963,3.200608762201577,0.0,258996.77813070518,99.99970531613272,0.00498620467529228,66,sleep,32.01599999998871,2
320000,nan,3.200608762201577,1.2357716514088679e-05,3.200613021850586,0.34469547867774963,3.200608762201577,0.0,258996.77813070518,99.99970531613272,0.00498620467529228,66,sleep,32.062999999994645,2
320000,nan,3.200608762201577,1.2357716514088679e-05,3.200613021850586,0.34469547867774963,3.200608762201577,0.0,258996.77813070518,99.99970531613272,0.00498620467529228,66,sleep,32.10899999999674,2
100,nan,3.200608762201577,1.2357716514088679e-05,3.200613021850586,0.34469547867774963,3.200608762201577,0.0,258996.77813070518,99.99970531613272,0.00498620467529228,66,tx,32.155999999988126,2
100,nan,3.2006087775369934,1.2313226761762053e-05,3.200613021850586,0.34469547867774963,3.2006087775369934,0.0,259932.5781505366,99.99970521182769,0.004987969571128143,67,tx,32.21899999999732,2
100,nan,3.2006087775369934,1.2313226761762053e-05,3.200613021850586,0.34469547867774963,3.2006087775369934,0.0,259932.5781505366,99.99970521182769,0.004987969571128143,67,tx,32.26599999998871,2
100,nan,3.2006087775369934,1.2313226761762053e-05,3.200613021850586,0.34469547867774963,3.2006087775369934,0.0,259932.5781505366,99.99970521182769,0.004987969571128143,67,tx,32.312999999994645,2
100,nan,3.2006087775369934,1.2313226761762053e-05,3.200613021850586,0.34469547867774963,3.2006087775369934,0.0,259932.5781505366,99.99970521182769,0.004987969571128143,67,tx,32.35899999999674,2
100,nan,3.2006087775369934,1.2313226761762053e-05,3.200613021850586,0.34469547867774963,3.2006087775369934,0.0,259932.5781505366,99.99970521182769,0.004987969571128143,67,tx,32.421999999991385,2
100,nan,3.2006087775369934,1.2313226761762053e-05,3.200613021850586,0.34469547867774963,3.2006087775369934,0.0,259932.5781505366,99.99970521182769,0.004987969571128143,67,tx,32.46899999999732,2
100,nan,3.2006087775369934,1.2313226761762053e-05,3.200613021850586,0.34469547867774963,3.2006087775369934,0.0,259932.5781505366,99.99970521182769,0.004987969571128143,67,tx,32.51599999998871,2
320000,nan,3.2006087775369934,1.2313226761762053e-05,3.200613021850586,0.34469547867774963,3.2006087775369934,0.0,259932.5781505366,99.99970521182769,0.004987969571128143,67,sleep,32.562999999994645,2
320000,nan,3.2006087775369934,1.2313226761762053e-05,3.200613021850586,0.34469547867774963,3.2006087775369934,0.0,259932.5781505366,99.99970521182769,0.004987969571128143,67,sleep,32.625,2
320000,nan,3.2006087775369934,1.2313226761762053e-05,3.200613021850586,0.34469547867774963,3.2006087775369934,0.0,259932.5781505366,99.99970521182769,0.004987969571128143,67,sleep,32.671999999991385,2
320000,nan,3.2006087775369934,1.2313226761762053e-05,3.200613021850586,0.34469547867774963,3.2006087775369934,0.0,259932.5781505366,99.99970521182769,0.004987969571128143,67,sleep,32.71899999999732,2
320000,nan,3.200608761576147,1.2359530956018716e-05,3.200613021850586,0.34469547867774963,3.200608761576147,0.0,258958.75603738407,99.9997051073333,0.00498973767069546,68,sleep,32.76599999998871,2
320000,nan,3.200608761576147,1.2359530956018716e-05,3.200613021850586,0.34469547867774963,3.200608761576147,0.0,258958.75603738407,99.9997051073333,0.00498973767069546,68,sleep,32.82799999999406,2
320000,nan,3.200608761576147,1.2359530956018716e-05,3.200613021850586,0.34469547867774963,3.200608761576147,0.0,258958.75603738407,99.9997051073333,0.00498973767069546,68,sleep,32.875,2
320000,nan,3.200608761576147,1.2359530956018716e-05,3.200613021850586,0.34469547867774963,3.200608761576147,0.0,258958.75603738407,99.9997051073333,0.00498973767069546,68,sleep,32.921999999991385,2
320000,nan,3.200608761576147,1.2359530956018716e-05,3.200613021850586,0.34469547867774963,3.200608761576147,0.0,258958.75603738407,99.9997051073333,0.00498973767069546,68,sleep,32.96899999999732,2
320000,nan,3.200608761576147,1.2359530956018716e-05,3.200613021850586,0.34469547867774963,3.200608761576147,0.0,258958.75603738407,99.9997051073333,0.00498973767069546,68,sleep,33.01599999998871,2
320000,nan,3.200608761576147,1.2359530956018716e-05,3.200613021850586,0.34469547867774963,3.200608761576147,0.0,258958.75603738407,99.9997051073333,0.00498973767069546,68,sleep,33.07799999999406,2
320000,nan,3.200608761576147,1.2359530956018716e-05,3.200613021850586,0.34469547867774963,3.200608761576147,0.0,258958.75603738407,99.9997051073333,0.00498973767069546,68,sleep,33.125,2
320000,nan,3.200608761576147,1.2359530956018716e-05,3.200613021850586,0.34469547867774963,3.200608761576147,0.0,258958.75603738407,99.9997051073333,0.00498973767069546,68,sleep,33.171999999991385,2
320000,nan,3.200608761576147,1.2359530956018716e-05,3.200613021850586,0.34469547867774963,3.200608761576147,0.0,258958.75603738407,99.9997051073333,0.00498973767069546,68,sleep,33.21899999999732,2
320000,nan,3.2006110123066023,5.8299110605730675e-06,3.200613021850586,0.34469547867774963,3.2006110123066023,0.0,548998.2572722111,99.99970505794825,0.0049905732912808145,69,sleep,33.26599999998871,2
320000,nan,3.2006110123066023,5.8299110605730675e-06,3.200613021850586,0.34469547867774963,3.2006110123066023,0.0,548998.2572722111,99.99970505794825,0.0049905732912808145,69,sleep,33.32799999999406,2
320000,nan,3.2006110123066023,5.8299110605730675e-06,3.200613021850586,0.34469547867774963,3.2006110123066023,0.0,548998.2572722111,99.99970505794825,0.0049905732912808145,69,sleep,33.375,2
320000,nan,3.2006110123066023,5.8299110605730675e-06,3.200613021850586,0.34469547867774963,3.2006110123066023,0.0,548998.2572722111,99.99970505794825,0.0049905732912808145,69,sleep,33.421999999991385,2
320000,nan,3.2006110123066023,5.8299110605730675e-06,3.200613021850586,0.34469547867774963,3.2006110123066023,0.0,548998.2572722111,99.99970505794825,0.0049905732912808145,69,sleep,33.46899999999732,2
320000,nan,3.2006110123066023,5.8299110605730675e-06,3.200613021850586,0.34469547867774963,3.2006110123066023,0.0,548998.2572722111,99.99970505794825,0.0049905732912808145,69,sleep,33.51599999998871,2
320000,nan,3.2006110123066023,5.8299110605730675e-06,3.200613021850586,0.34469547867774963,3.2006110123066023,0.0,548998.2572722111,99.99970505794825,0.0049905732912808145,69,sleep,33.57799999999406,2
320000,nan,3.2006110123066023,5.8299110605730675e-06,3.200613021850586,0.34469547867774963,3.2006110123066023,0.0,548998.2572722111,99.99970505794825,0.0049905732912808145,69,sleep,33.625,2
320000,nan,3.2006110123066023,5.8299110605730675e-06,3.200613021850586,0.34469547867774963,3.2006110123066023,0.0,548998.2572722111,99.99970505794825,0.0049905732912808145,69,sleep,33.671999999991385,2
320000,nan,3.2006110123066023,5.8299110605730675e-06,3.200613021850586,0.34469547867774963,3.2006110123066023,0.0,548998.2572722111,99.99970505794825,0.0049905732912808145,69,sleep,33.71899999999732,2
320000,nan,3.200608758741178,1.2367755516606849e-05,3.200613021850586,0.34469547867774963,3.200608758741178,0.0,258786.54816903104,99.99970495642988,0.004992291035102565,70,sleep,33.76599999998871,2
320000,nan,3.200608758741178,1.2367755516606849e-05,3.200613021850586,0.34469547867774963,3.200608758741178,0.0,258786.54816903104,99.99970495642988,0.004992291035102565,70,sleep,33.82799999999406,2
320000,nan,3.200608758741178,1.2367755516606849e-05,3.200613021850586,0.34469547867774963,3.200608758741178,0.0,258786.54816903104,99.99970495642988,0.004992291035102565,70,sleep,33.875,2
320000,nan,3.200608758741178,1.2367755516606849e-05,3.200613021850586,0.34469547867774963,3.200608758741178,0.0,258786.54816903104,99.99970495642988,0.004992291035102565,70,sleep,33.921999999991385,2
320000,nan,3.200608758741178,1.2367755516606849e-05,3.200613021850586,0.34469547867774963,3.200608758741178,0.0,258786.54816903104,99.99970495642988,0.004992291035102565,70,sleep,33.96899999999732,2
320000,nan,3.200608758741178,1.2367755516606849e-05,3.200613021850586,0.34469547867774963,3.200608758741178,0.0,258786.54816903104,99.99970495642988,0.004992291035102565,70,sleep,34.01599999998871,2
320000,nan,3.200608758741178,1.2367755516606849e-05,3.200613021850586,0.34469547867774963,3.200608758741178,0.0,258786.54816903104,99.99970495642988,0.004992291035102565,70,sleep,34.07799999999406,2
320000,nan,3.200608758741178,1.2367755516606849e-05,3.200613021850586,0.34469547867774963,3.200608758741178,0.0,258786.54816903104,99.99970495642988,0.004992291035102565,70,sleep,34.125,2
320000,nan,3.200608758741178,1.2367755516606849e-05,3.200613021850586,0.34469547867774963,3.200608758741178,0.0,258786.54816903104,99.99970495642988,0.004992291035102565,70,sleep,34.171999999991385,2
320000,nan,3.200608758741178,1.2367755516606849e-05,3.200613021850586,0.34469547867774963,3.200608758741178,0.0,258786.54816903104,99.99970495642988,0.004992291035102565,70,sleep,34.21899999999732,2
320000,nan,3.20060876866592,1.2338962733338121e-05,3.200613021850586,0.34469547867774963,3.20060876866592,0.0,259390.42347687224,99.99970485514784,0.00499400477992664,71,sleep,34.26599999998871,2
320000,nan,3.20060876866592,1.2338962733338121e-05,3.200613021850586,0.34469547867774963,3.20060876866592,0.0,259390.42347687224,99.99970485514784,0.00499400477992664,71,sleep,34.32799999999406,2
320000,nan,3.20060876866592,1.2338962733338121e-05,3.200613021850586,0.34469547867774963,3.20060876866592,0.0,259390.42347687224,99.99970485514784,0.00499400477992664,71,sleep,34.375,2
320000,nan,3.20060876866592,1.2338962733338121e-05,3.200613021850586,0.34469547867774963,3.20060876866592,0.0,259390.42347687224,99.99970485514784,0.00499400477992664,71,sleep,34.421999999991385,2
320000,nan,3.20060876866592,1.2338962733338121e-05,3.200613021850586,0.34469547867774963,3.20060876866592,0.0,259390.42347687224,99.99970485514784,0.00499400477992664,71,sleep,34.46899999999732,2
320000,nan,3.20060876866592,1.2338962733338121e-05,3.200613021850586,0.34469547867774963,3.20060876866592,0.0,259390.42347687224,99.99970485514784,0.00499400477992664,71,sleep,34.51599999998871,2
320000,nan,3.20060876866592,1.2338962733338121e-05,3.200613021850586,0.34469547867774963,3.20060876866592,0.0,259390.42347687224,99.99970485514784,0.00499400477992664,71,sleep,34.57799999999406,2
320000,nan,3.20060876866592,1.2338962733338121e-05,3.200613021850586,0.34469547867774963,3.20060876866592,0.0,259390.42347687224,99.99970485514784,0.00499400477992664,71,sleep,34.625,2
320000,nan,3.20060876866592,1.2338962733338121e-05,3.200613021850586,0.34469547867774963,3.20060876866592,0.0,259390.42347687224,99.99970485514784,0.00499400477992664,71,sleep,34.671999999991385,2
320000,nan,3.20060876866592,1.2338962733338121e-05,3.200613021850586,0.34469547867774963,3.20060876866592,0.0,259390.42347687224,99.99970485514784,0.00499400477992664,71,sleep,34.71899999999732,2
320000,nan,3.2006087938962966,1.2265766599739436e-05,3.200613021850586,0.34469547867774963,3.2006087938962966,0.0,260938.34151094052,99.99970475144619,0.004995759465981878,72,sleep,34.76599999998871,2
320000,nan,3.2006087938962966,1.2265766599739436e-05,3.200613021850586,0.34469547867774963,3.2006087938962966,0.0,260938.34151094052,99.99970475144619,0.004995759465981878,72,sleep,34.82799999999406,2
320000,nan,3.2006087938962966,1.2265766599739436e-05,3.200613021850586,0.34469547867774963,3.2006087938962966,0.0,260938.34151094052,99.99970475144619,0.004995759465981878,72,sleep,34.875,2
320000,nan,3.2006087938962966,1.2265766599739436e-05,3.200613021850586,0.34469547867774963,3.2006087938962966,0.0,260938.34151094052,99.99970475144619,0.004995759465981878,72,sleep,34.921999999991385,2
320000,nan,3.2006087938962966,1.2265766599739436e-05,3.200613021850586,0.34469547867774963,3.2006087938962966,0.0,260938.34151094052,99.99970475144619,0.004995759465981878,72,sleep,34.96899999999732,2
320000,nan,3.2006087938962966,1.2265766599739436e-05,3.200613021850586,0.34469547867774963,3.2006087938962966,0.0,260938.34151094052,99.99970475144619,0.004995759465981878,72,sleep,35.01599999998871,2
320000,nan,3.2006087938962966,1.2265766599739436e-05,3.200613021850586,0.34469547867774963,3.2006087938962966,0.0,260938.34151094052,99.99970475144619,0.004995759465981878,72,sleep,35.07799999999406,2
320000,nan,3.2006087938962966,1.2265766599739436e-05,3.200613021850586,0.34469547867774963,3.2006087938962966,0.0,260938.34151094052,99.99970475144619,0.004995759465981878,72,sleep,35.125,2
320000,nan,3.2006087938962966,1.2265766599739436e-05,3.200613021850586,0.34469547867774963,3.2006087938962966,0.0,260938.34151094052,99.99970475144619,0.004995759465981878,72,sleep,35.171999999991385,2
320000,nan,3.2006087938962966,1.2265766599739436e-05,3.200613021850586,0.34469547867774963,3.2006087938962966,0.0,260938.34151094052,99.99970475144619,0.004995759465981878,72,sleep,35.21899999999732,2
320000,nan,3.2006087735593214,1.2324766430538148e-05,3.200613021850586,0.34469547867774963,3.2006087735593214,0.0,259689.2031664709,99.99970465028069,0.004997471239097231,73,sleep,35.26599999998871,2
320000,nan,3.2006087735593214,1.2324766430538148e-05,3.200613021850586,0.34469547867774963,3.2006087735593214,0.0,259689.2031664709,99.99970465028069,0.004997471239097231,73,sleep,35.32799999999406,2
320000,nan,3.2006087735593214,1.2324766430538148e-05,3.200613021850586,0.34469547867774963,3.2006087735593214,0.0,259689.2031664709,99.99970465028069,0.004997471239097231,73,sleep,35.375,2
320000,nan,3.2006087735593214,1.2324766430538148e-05,3.200613021850586,0.34469547867774963,3.2006087735593214,0.0,259689.2031664709,99.99970465028069,0.004997471239097231,73,sleep,35.421999999991385,2
320000,nan,3.2006087735593214,1.2324766430538148e-05,3.200613021850586,0.34469547867774963,3.2006087735593214,0.0,259689.2031664709,99.99970465028069,0.004997471239097231,73,sleep,35.46899999999732,2
320000,nan,3.2006087735593214,1.2324766430538148e-05,3.200613021850586,0.34469547867774963,3.2006087735593214,0.0,259689.2031664709,99.99970465028069,0.004997471239097231,73,sleep,35.51599999998871,2
320000,nan,3.2006087735593214,1.2324766430538148e-05,3.200613021850586,0.34469547867774963,3.2006087735593214,0.0,259689.2031664709,99.99970465028069,0.004997471239097231,73,sleep,35.57799999999406,2
320000,nan,3.2006087735593214,1.2324766430538148e-05,3.200613021850586,0.34469547867774963,3.2006087735593214,0.0,259689.2031664709,99.99970465028069,0.004997471239097231,73,sleep,35.625,2
320000,nan,3.2006087735593214,1.2324766430538148e-05,3.200613021850586,0.34469547867774963,3.2006087735593214,0.0,259689.2031664709,99.99970465028069,0.004997471239097231,73,sleep,35.671999999991385,2
320000,nan,3.2006087735593214,1.2324766430538148e-05,3.200613021850586,0.34469547867774963,3.2006087735593214,0.0,259689.2031664709,99.99970465028069,0.004997471239097231,73,sleep,35.71899999999732,2
320000,nan,3.200608768906687,1.233826424140716e-05,3.200613021850586,0.34469547867774963,3.200608768906687,0.0,259405.1080674264,99.99970454900438,0.004999184886908537,74,sleep,35.76599999998871,2
320000,nan,3.200608768906687,1.233826424140716e-05,3.200613021850586,0.34469547867774963,3.200608768906687,0.0,259405.1080674264,99.99970454900438,0.004999184886908537,74,sleep,35.82799999999406,2
320000,nan,3.200608768906687,1.233826424140716e-05,3.200613021850586,0.34469547867774963,3.200608768906687,0.0,259405.1080674264,99.99970454900438,0.004999184886908537,74,sleep,35.875,2
320000,nan,3.200608768906687,1.233826424140716e-05,3.200613021850586,0.34469547867774963,3.200608768906687,0.0,259405.1080674264,99.99970454900438,0.004999184886908537,74,sleep,35.921999999991385,2
320000,nan,3.200608768906687,1.233826424140716e-05,3.200613021850586,0.34469547867774963,3.200608768906687,0.0,259405.1080674264,99.99970454900438,0.004999184886908537,74,sleep,35.96899999999732,2
320000,nan,3.200608768906687,1.233826424140716e-05,3.200613021850586,0.34469547867774963,3.200608768906687,0.0,259405.1080674264,99.99970454900438,0.004999184886908537,74,sleep,36.01599999998871,2
320000,nan,3.200608768906687,1.233826424140716e-05,3.200613021850586,0.34469547867774963,3.200608768906687,0.0,259405.1080674264,99.99970454900438,0.004999184886908537,74,sleep,36.07799999999406,2
320000,nan,3.200608768906687,1.233826424140716e-05,3.200613021850586,0.34469547867774963,3.200608768906687,0.0,259405.1080674264,99.99970454900438,0.004999184886908537,74,sleep,36.125,2
320000,nan,3.200608768906687,1.233826424140716e-05,3.200613021850586,0.34469547867774963,3.200608768906687,0.0,259405.1080674264,99.99970454900438,0.004999184886908537,74,sleep,36.171999999991385,2
320000,nan,3.200608768906687,1.233826424140716e-05,3.200613021850586,0.34469547867774963,3.200608768906687,0.0,259405.1080674264,99.99970454900438,0.004999184886908537,74,sleep,36.21899999999732,2
320000,nan,3.200608768906687,1.233826424140716e-05,3.200613021850586,0.34469547867774963,3.200608768906687,0.0,259405.1080674264,99.99970454900438,0.004999184886908537,74,sleep,36.26599999998871,2
320000,nan,3.2006087531091736,1.23840945889242e-05,3.200613021850586,0.34469547867774963,3.2006087531091736,0.0,258445.11523447666,99.99970444409901,0.005000959940466294,75,sleep,36.32799999999406,2
320000,nan,3.2006087531091736,1.23840945889242e-05,3.200613021850586,0.34469547867774963,3.2006087531091736,0.0,258445.11523447666,99.99970444409901,0.005000959940466294,75,sleep,36.375,2
320000,nan,3.2006087531091736,1.23840945889242e-05,3.200613021850586,0.34469547867774963,3.2006087531091736,0.0,258445.11523447666,99.99970444409901,0.005000959940466294,75,sleep,36.421999999991385,2
320000,nan,3.2006087531091736,1.23840945889242e-05,3.200613021850586,0.34469547867774963,3.2006087531091736,0.0,258445.11523447666,99.99970444409901,0.005000959940466294,75,sleep,36.46899999999732,2
320000,nan,3.2006087531091736,1.23840945889242e-05,3.200613021850586,0.34469547867774963,3.2006087531091736,0.0,258445.11523447666,99.99970444409901,0.005000959940466294,75,sleep,36.51599999998871,2
320000,nan,3.2006087531091736,1.23840945889242e-05,3.200613021850586,0.34469547867774963,3.2006087531091736,0.0,258445.11523447666,99.99970444409901,0.005000959940466294,75,sleep,36.57799999999406,2
320000,nan,3.2006087531091736,1.23840945889242e-05,3.200613021850586,0.34469547867774963,3.2006087531091736,0.0,258445.11523447666,99.99970444409901,0.005000959940466294,75,sleep,36.625,2
320000,nan,3.2006087531091736,1.23840945889242e-05,3.200613021850586,0.34469547867774963,3.2006087531091736,0.0,258445.11523447666,99.99970444409901,0.005000959940466294,75,sleep,36.671999999991385,2
320000,nan,3.2006087531091736,1.23840945889242e-05,3.200613021850586,0.34469547867774963,3.2006087531091736,0.0,258445.11523447666,99.99970444409901,0.005000959940466294,75,sleep,36.71899999999732,2
320000,nan,3.2006087531091736,1.23840945889242e-05,3.200613021850586,0.34469547867774963,3.2006087531091736,0.0,258445.11523447666,99.99970444409901,0.005000959940466294,75,sleep,36.76599999998871,2
320000,nan,3.200608755671712,1.2376660379231907e-05,3.200613021850586,0.34469547867774963,3.200608755671712,0.0,258600.35402137626,99.99970433925661,0.005002733928453945,76,sleep,36.82799999999406,2
320000,nan,3.200608755671712,1.2376660379231907e-05,3.200613021850586,0.34469547867774963,3.200608755671712,0.0,258600.35402137626,99.99970433925661,0.005002733928453945,76,sleep,36.875,2
320000,nan,3.200608755671712,1.2376660379231907e-05,3.200613021850586,0.34469547867774963,3.200608755671712,0.0,258600.35402137626,99.99970433925661,0.005002733928453945,76,sleep,36.921999999991385,2
320000,nan,3.200608755671712,1.2376660379231907e-05,3.200613021850586,0.34469547867774963,3.200608755671712,0.0,258600.35402137626,99.99970433925661,0.005002733928453945,76,sleep,36.96899999999732,2
320000,nan,3.200608755671712,1.2376660379231907e-05,3.200613021850586,0.34469547867774963,3.200608755671712,0.0,258600.35402137626,99.99970433925661,0.005002733928453945,76,sleep,37.01599999998871,2
320000,nan,3.200608755671712,1.2376660379231907e-05,3.200613021850586,0.34469547867774963,3.200608755671712,0.0,258600.35402137626,99.99970433925661,0.005002733928453945,76,sleep,37.07799999999406,2
320000,nan,3.200608755671712,1.2376660379231907e-05,3.200613021850586,0.34469547867774963,3.200608755671712,0.0,258600.35402137626,99.99970433925661,0.005002733928453945,76,sleep,37.125,2
320000,nan,3.200608755671712,1.2376660379231907e-05,3.200613021850586,0.34469547867774963,3.200608755671712,0.0,258600.35402137626,99.99970433925661,0.005002733928453945,76,sleep,37.171999999991385,2
320000,nan,3.200608755671712,1.2376660379231907e-05,3.200613021850586,0.34469547867774963,3.200608755671712,0.0,258600.35402137626,99.99970433925661,0.005002733928453945,76,sleep,37.21899999999732,2
320000,nan,3.200608755671712,1.2376660379231907e-05,3.200613021850586,0.34469547867774963,3.200608755671712,0.0,258600.35402137626,99.99970433925661,0.005002733928453945,76,sleep,37.26599999998871,2
320000,nan,3.20060873288161,1.2442777006071992e-05,3.200613021850586,0.34469547867774963,3.20060873288161,0.0,257226.23907185142,99.99970423712244,0.005004462091927011,77,sleep,37.32799999999406,2
320000,nan,3.20060873288161,1.2442777006071992e-05,3.200613021850586,0.34469547867774963,3.20060873288161,0.0,257226.23907185142,99.99970423712244,0.005004462091927011,77,sleep,37.375,2
320000,nan,3.20060873288161,1.2442777006071992e-05,3.200613021850586,0.34469547867774963,3.20060873288161,0.0,257226.23907185142,99.99970423712244,0.005004462091927011,77,sleep,37.421999999991385,2
320000,nan,3.20060873288161,1.2442777006071992e-05,3.200613021850586,0.34469547867774963,3.20060873288161,0.0,257226.23907185142,99.99970423712244,0.005004462091927011,77,sleep,37.46899999999732,2
320000,nan,3.20060873288161,1.2442777006071992e-05,3.200613021850586,0.34469547867774963,3.20060873288161,0.0,257226.23907185142,99.99970423712244,0.005004462091927011,77,sleep,37.51599999998871,2
