r_setpoint_ohm,r_actual_ohm,v_out_V,i_measured_A,ocv_V,esr_ohm,v_predicted_V,voltage_error_mV,r_inferred_ohm,soc_pct,used_capacity_mAh,iteration,phase,t_s,cycle
320000,nan,3.2236108322436867,1.2482687452575192e-05,3.223721981048584,8.904236793518066,3.2236108322436867,0.0,258246.53901581524,99.99999847244426,3.5171640320166086e-06,3,sleep,0.0,0
320000,nan,3.2236112326669084,1.243771748704603e-05,3.223721981048584,8.904236793518066,3.2236112326669084,0.0,259180.29059787877,99.99999769817445,5.299903538504468e-06,4,sleep,0.062000000005355105,0
320000,nan,3.2236112326669084,1.243771748704603e-05,3.223721981048584,8.904236793518066,3.2236112326669084,0.0,259180.29059787877,99.99999769817445,5.299903538504468e-06,4,sleep,0.10899999999674037,0
320000,nan,3.2236112326669084,1.243771748704603e-05,3.223721981048584,8.904236793518066,3.2236112326669084,0.0,259180.29059787877,99.99999769817445,5.299903538504468e-06,4,sleep,0.15600000000267755,0
320000,nan,3.2236112326669084,1.243771748704603e-05,3.223721981048584,8.904236793518066,3.2236112326669084,0.0,259180.29059787877,99.99999769817445,5.299903538504468e-06,4,sleep,0.20299999999406282,0
320000,nan,3.2236112326669084,1.243771748704603e-05,3.223721981048584,8.904236793518066,3.2236112326669084,0.0,259180.29059787877,99.99999769817445,5.299903538504468e-06,4,sleep,0.2649999999994179,0
320000,nan,3.2236112326669084,1.243771748704603e-05,3.223721981048584,8.904236793518066,3.2236112326669084,0.0,259180.29059787877,99.99999769817445,5.299903538504468e-06,4,sleep,0.3120000000053551,0
320000,nan,3.2236112326669084,1.243771748704603e-05,3.223721981048584,8.904236793518066,3.2236112326669084,0.0,259180.29059787877,99.99999769817445,5.299903538504468e-06,4,sleep,0.35899999999674037,0
320000,nan,3.2236112326669084,1.243771748704603e-05,3.223721981048584,8.904236793518066,3.2236112326669084,0.0,259180.29059787877,99.99999769817445,5.299903538504468e-06,4,sleep,0.40600000000267755,0
320000,nan,3.2236112326669084,1.243771748704603e-05,3.223721981048584,8.904236793518066,3.2236112326669084,0.0,259180.29059787877,99.99999769817445,5.299903538504468e-06,4,sleep,0.4529999999940628,0
320000,nan,3.2236112326669084,1.243771748704603e-05,3.223721981048584,8.904236793518066,3.2236112326669084,0.0,259180.29059787877,99.99999769817445,5.299903538504468e-06,4,sleep,0.5149999999994179,0
320000,nan,3.2236112326669084,1.243771748704603e-05,3.223721981048584,8.904236793518066,3.2236112326669084,0.0,259180.29059787877,99.99999769817445,5.299903538504468e-06,4,sleep,0.5620000000053551,0
320000,nan,3.2236106958511717,1.2498005162342452e-05,3.223721981048584,8.904236793518066,3.2236106958511717,0.0,257930.0179491191,99.9999969216594,7.087812610337548e-06,5,sleep,0.6089999999967404,0
320000,nan,3.2236106958511717,1.2498005162342452e-05,3.223721981048584,8.904236793518066,3.2236106958511717,0.0,257930.0179491191,99.9999969216594,7.087812610337548e-06,5,sleep,0.6560000000026776,0
320000,nan,3.2236106958511717,1.2498005162342452e-05,3.223721981048584,8.904236793518066,3.2236106958511717,0.0,257930.0179491191,99.9999969216594,7.087812610337548e-06,5,sleep,0.7029999999940628,0
320000,nan,3.2236106958511717,1.2498005162342452e-05,3.223721981048584,8.904236793518066,3.2236106958511717,0.0,257930.0179491191,99.9999969216594,7.087812610337548e-06,5,sleep,0.7649999999994179,0
320000,nan,3.2236106958511717,1.2498005162342452e-05,3.223721981048584,8.904236793518066,3.2236106958511717,0.0,257930.0179491191,99.9999969216594,7.087812610337548e-06,5,sleep,0.8120000000053551,0
320000,nan,3.2236106958511717,1.2498005162342452e-05,3.223721981048584,8.904236793518066,3.2236106958511717,0.0,257930.0179491191,99.9999969216594,7.087812610337548e-06,5,sleep,0.8589999999967404,0
320000,nan,3.2236106958511717,1.2498005162342452e-05,3.223721981048584,8.904236793518066,3.2236106958511717,0.0,257930.0179491191,99.9999969216594,7.087812610337548e-06,5,sleep,0.9060000000026776,0
320000,nan,3.2236106958511717,1.2498005162342452e-05,3.223721981048584,8.904236793518066,3.2236106958511717,0.0,257930.0179491191,99.9999969216594,7.087812610337548e-06,5,sleep,0.9529999999940628,0
320000,nan,3.2236106958511717,1.2498005162342452e-05,3.223721981048584,8.904236793518066,3.2236106958511717,0.0,257930.0179491191,99.9999969216594,7.087812610337548e-06,5,sleep,1.014999999999418,0
320000,nan,3.2236106958511717,1.2498005162342452e-05,3.223721981048584,8.904236793518066,3.2236106958511717,0.0,257930.0179491191,99.9999969216594,7.087812610337548e-06,5,sleep,1.062000000005355,0
320000,nan,3.223610829069131,1.2483043974498287e-05,3.223721981048584,8.904236793518066,3.223610829069131,0.0,258239.1631123524,99.99999614456794,8.877048913360272e-06,6,sleep,1.1089999999967404,0
320000,nan,3.223610829069131,1.2483043974498287e-05,3.223721981048584,8.904236793518066,3.223610829069131,0.0,258239.1631123524,99.99999614456794,8.877048913360272e-06,6,sleep,1.1560000000026776,0
320000,nan,3.223610829069131,1.2483043974498287e-05,3.223721981048584,8.904236793518066,3.223610829069131,0.0,258239.1631123524,99.99999614456794,8.877048913360272e-06,6,sleep,1.2029999999940628,0
320000,nan,3.223610829069131,1.2483043974498287e-05,3.223721981048584,8.904236793518066,3.223610829069131,0.0,258239.1631123524,99.99999614456794,8.877048913360272e-06,6,sleep,1.264999999999418,0
320000,nan,3.223610829069131,1.2483043974498287e-05,3.223721981048584,8.904236793518066,3.223610829069131,0.0,258239.1631123524,99.99999614456794,8.877048913360272e-06,6,sleep,1.312000000005355,0
320000,nan,3.223610829069131,1.2483043974498287e-05,3.223721981048584,8.904236793518066,3.223610829069131,0.0,258239.1631123524,99.99999614456794,8.877048913360272e-06,6,sleep,1.3589999999967404,0
320000,nan,3.223610829069131,1.2483043974498287e-05,3.223721981048584,8.904236793518066,3.223610829069131,0.0,258239.1631123524,99.99999614456794,8.877048913360272e-06,6,sleep,1.4060000000026776,0
320000,nan,3.223610829069131,1.2483043974498287e-05,3.223721981048584,8.904236793518066,3.223610829069131,0.0,258239.1631123524,99.99999614456794,8.877048913360272e-06,6,sleep,1.4529999999940628,0
320000,nan,3.223610829069131,1.2483043974498287e-05,3.223721981048584,8.904236793518066,3.223610829069131,0.0,258239.1631123524,99.99999614456794,8.877048913360272e-06,6,sleep,1.514999999999418,0
320000,nan,3.223610829069131,1.2483043974498287e-05,3.223721981048584,8.904236793518066,3.223610829069131,0.0,258239.1631123524,99.99999614456794,8.877048913360272e-06,6,sleep,1.562000000005355,0
320000,nan,3.2236109468759184,1.2469813555071596e-05,3.223721981048584,8.904236793518066,3.2236109468759184,0.0,258513.16321925633,99.99999536830009,1.0664388856214752e-05,7,sleep,1.6089999999967404,0
320000,nan,3.2236109468759184,1.2469813555071596e-05,3.223721981048584,8.904236793518066,3.2236109468759184,0.0,258513.16321925633,99.99999536830009,1.0664388856214752e-05,7,sleep,1.6560000000026776,0
320000,nan,3.2236109468759184,1.2469813555071596e-05,3.223721981048584,8.904236793518066,3.2236109468759184,0.0,258513.16321925633,99.99999536830009,1.0664388856214752e-05,7,sleep,1.7029999999940628,0
320000,nan,3.2236109468759184,1.2469813555071596e-05,3.223721981048584,8.904236793518066,3.2236109468759184,0.0,258513.16321925633,99.99999536830009,1.0664388856214752e-05,7,sleep,1.764999999999418,0
320000,nan,3.2236109468759184,1.2469813555071596e-05,3.223721981048584,8.904236793518066,3.2236109468759184,0.0,258513.16321925633,99.99999536830009,1.0664388856214752e-05,7,sleep,1.812000000005355,0
320000,nan,3.2236109468759184,1.2469813555071596e-05,3.223721981048584,8.904236793518066,3.2236109468759184,0.0,258513.16321925633,99.99999536830009,1.0664388856214752e-05,7,sleep,1.8589999999967404,0
320000,nan,3.2236109468759184,1.2469813555071596e-05,3.223721981048584,8.904236793518066,3.2236109468759184,0.0,258513.16321925633,99.99999536830009,1.0664388856214752e-05,7,sleep,1.9060000000026776,0
320000,nan,3.2236109468759184,1.2469813555071596e-05,3.223721981048584,8.904236793518066,3.2236109468759184,0.0,258513.16321925633,99.99999536830009,1.0664388856214752e-05,7,sleep,1.9529999999940628,0
320000,nan,3.2236109468759184,1.2469813555071596e-05,3.223721981048584,8.904236793518066,3.2236109468759184,0.0,258513.16321925633,99.99999536830009,1.0664388856214752e-05,7,sleep,2.014999999999418,0
320000,nan,3.2236109468759184,1.2469813555071596e-05,3.223721981048584,8.904236793518066,3.2236109468759184,0.0,258513.16321925633,99.99999536830009,1.0664388856214752e-05,7,sleep,2.062000000005355,0
320000,nan,3.223610962117025,1.246810188604286e-05,3.223721981048584,8.904236793518066,3.223610962117025,0.0,258548.65412397895,99.9999946162058,1.2396069673720704e-05,8,sleep,2.1089999999967404,0
320000,nan,3.223610962117025,1.246810188604286e-05,3.223721981048584,8.904236793518066,3.223610962117025,0.0,258548.65412397895,99.9999946162058,1.2396069673720704e-05,8,sleep,2.1560000000026776,0
320000,nan,3.223610962117025,1.246810188604286e-05,3.223721981048584,8.904236793518066,3.223610962117025,0.0,258548.65412397895,99.9999946162058,1.2396069673720704e-05,8,sleep,2.202999999994063,0
320000,nan,3.223610962117025,1.246810188604286e-05,3.223721981048584,8.904236793518066,3.223610962117025,0.0,258548.65412397895,99.9999946162058,1.2396069673720704e-05,8,sleep,2.264999999999418,0
320000,nan,3.223610962117025,1.246810188604286e-05,3.223721981048584,8.904236793518066,3.223610962117025,0.0,258548.65412397895,99.9999946162058,1.2396069673720704e-05,8,sleep,2.312000000005355,0
320000,nan,3.223610962117025,1.246810188604286e-05,3.223721981048584,8.904236793518066,3.223610962117025,0.0,258548.65412397895,99.9999946162058,1.2396069673720704e-05,8,sleep,2.3589999999967404,0
320000,nan,3.223610962117025,1.246810188604286e-05,3.223721981048584,8.904236793518066,3.223610962117025,0.0,258548.65412397895,99.9999946162058,1.2396069673720704e-05,8,sleep,2.4060000000026776,0
320000,nan,3.223610962117025,1.246810188604286e-05,3.223721981048584,8.904236793518066,3.223610962117025,0.0,258548.65412397895,99.9999946162058,1.2396069673720704e-05,8,sleep,2.452999999994063,0
320000,nan,3.223610962117025,1.246810188604286e-05,3.223721981048584,8.904236793518066,3.223610962117025,0.0,258548.65412397895,99.9999946162058,1.2396069673720704e-05,8,sleep,2.514999999999418,0
320000,nan,3.223610962117025,1.246810188604286e-05,3.223721981048584,8.904236793518066,3.223610962117025,0.0,258548.65412397895,99.9999946162058,1.2396069673720704e-05,8,sleep,2.562000000005355,0
320000,nan,3.223610962117025,1.246810188604286e-05,3.223721981048584,8.904236793518066,3.223610962117025,0.0,258548.65412397895,99.9999946162058,1.2396069673720704e-05,8,sleep,2.6089999999967404,0
320000,nan,3.22361086006154,1.2479563338274602e-05,3.223721981048584,8.904236793518066,3.22361086006154,0.0,258311.1902781712,99.99999384083658,1.4181340540166302e-05,9,sleep,2.6560000000026776,0
320000,nan,3.22361086006154,1.2479563338274602e-05,3.223721981048584,8.904236793518066,3.22361086006154,0.0,258311.1902781712,99.99999384083658,1.4181340540166302e-05,9,sleep,2.702999999994063,0
320000,nan,3.22361086006154,1.2479563338274602e-05,3.223721981048584,8.904236793518066,3.22361086006154,0.0,258311.1902781712,99.99999384083658,1.4181340540166302e-05,9,sleep,2.764999999999418,0
320000,nan,3.22361086006154,1.2479563338274602e-05,3.223721981048584,8.904236793518066,3.22361086006154,0.0,258311.1902781712,99.99999384083658,1.4181340540166302e-05,9,sleep,2.812000000005355,0
320000,nan,3.22361086006154,1.2479563338274602e-05,3.223721981048584,8.904236793518066,3.22361086006154,0.0,258311.1902781712,99.99999384083658,1.4181340540166302e-05,9,sleep,2.8589999999967404,0
320000,nan,3.22361086006154,1.2479563338274602e-05,3.223721981048584,8.904236793518066,3.22361086006154,0.0,258311.1902781712,99.99999384083658,1.4181340540166302e-05,9,sleep,2.9060000000026776,0
320000,nan,3.22361086006154,1.2479563338274602e-05,3.223721981048584,8.904236793518066,3.22361086006154,0.0,258311.1902781712,99.99999384083658,1.4181340540166302e-05,9,sleep,2.952999999994063,0
320000,nan,3.22361086006154,1.2479563338274602e-05,3.223721981048584,8.904236793518066,3.22361086006154,0.0,258311.1902781712,99.99999384083658,1.4181340540166302e-05,9,sleep,3.014999999999418,0
320000,nan,3.22361086006154,1.2479563338274602e-05,3.223721981048584,8.904236793518066,3.22361086006154,0.0,258311.1902781712,99.99999384083658,1.4181340540166302e-05,9,sleep,3.062000000005355,0
320000,nan,3.22361086006154,1.2479563338274602e-05,3.223721981048584,8.904236793518066,3.22361086006154,0.0,258311.1902781712,99.99999384083658,1.4181340540166302e-05,9,sleep,3.1089999999967404,0
320000,nan,3.2236102215871383,1.255126790056238e-05,3.223721981048584,8.904236793518066,3.2236102215871383,0.0,256835.4246858757,99.99999305949805,1.598035560592494e-05,10,sleep,3.1560000000026776,0
320000,nan,3.2236102215871383,1.255126790056238e-05,3.223721981048584,8.904236793518066,3.2236102215871383,0.0,256835.4246858757,99.99999305949805,1.598035560592494e-05,10,sleep,3.202999999994063,0
320000,nan,3.2236102215871383,1.255126790056238e-05,3.223721981048584,8.904236793518066,3.2236102215871383,0.0,256835.4246858757,99.99999305949805,1.598035560592494e-05,10,sleep,3.264999999999418,0
320000,nan,3.2236102215871383,1.255126790056238e-05,3.223721981048584,8.904236793518066,3.2236102215871383,0.0,256835.4246858757,99.99999305949805,1.598035560592494e-05,10,sleep,3.312000000005355,0
320000,nan,3.2236102215871383,1.255126790056238e-05,3.223721981048584,8.904236793518066,3.2236102215871383,0.0,256835.4246858757,99.99999305949805,1.598035560592494e-05,10,sleep,3.3589999999967404,0
320000,nan,3.2236102215871383,1.255126790056238e-05,3.223721981048584,8.904236793518066,3.2236102215871383,0.0,256835.4246858757,99.99999305949805,1.598035560592494e-05,10,sleep,3.4060000000026776,0
320000,nan,3.2236102215871383,1.255126790056238e-05,3.223721981048584,8.904236793518066,3.2236102215871383,0.0,256835.4246858757,99.99999305949805,1.598035560592494e-05,10,sleep,3.452999999994063,0
320000,nan,3.2236102215871383,1.255126790056238e-05,3.223721981048584,8.904236793518066,3.2236102215871383,0.0,256835.4246858757,99.99999305949805,1.598035560592494e-05,10,sleep,3.514999999999418,0
320000,nan,3.2236102215871383,1.255126790056238e-05,3.223721981048584,8.904236793518066,3.2236102215871383,0.0,256835.4246858757,99.99999305949805,1.598035560592494e-05,10,sleep,3.562000000005355,0
320000,nan,3.2236102215871383,1.255126790056238e-05,3.223721981048584,8.904236793518066,3.2236102215871383,0.0,256835.4246858757,99.99999305949805,1.598035560592494e-05,10,sleep,3.6089999999967404,0
320000,nan,3.2236110594430696,1.2457171578716952e-05,3.223721981048584,8.904236793518066,3.2236110594430696,0.0,258775.52051627846,99.99999228401717,1.7765883532218986e-05,11,sleep,3.6560000000026776,0
320000,nan,3.2236110594430696,1.2457171578716952e-05,3.223721981048584,8.904236793518066,3.2236110594430696,0.0,258775.52051627846,99.99999228401717,1.7765883532218986e-05,11,sleep,3.702999999994063,0
320000,nan,3.2236110594430696,1.2457171578716952e-05,3.223721981048584,8.904236793518066,3.2236110594430696,0.0,258775.52051627846,99.99999228401717,1.7765883532218986e-05,11,sleep,3.764999999999418,0
320000,nan,3.2236110594430696,1.2457171578716952e-05,3.223721981048584,8.904236793518066,3.2236110594430696,0.0,258775.52051627846,99.99999228401717,1.7765883532218986e-05,11,sleep,3.812000000005355,0
320000,nan,3.2236110594430696,1.2457171578716952e-05,3.223721981048584,8.904236793518066,3.2236110594430696,0.0,258775.52051627846,99.99999228401717,1.7765883532218986e-05,11,sleep,3.8589999999967404,0
320000,nan,3.2236110594430696,1.2457171578716952e-05,3.223721981048584,8.904236793518066,3.2236110594430696,0.0,258775.52051627846,99.99999228401717,1.7765883532218986e-05,11,sleep,3.9060000000026776,0
320000,nan,3.2236110594430696,1.2457171578716952e-05,3.223721981048584,8.904236793518066,3.2236110594430696,0.0,258775.52051627846,99.99999228401717,1.7765883532218986e-05,11,sleep,3.952999999994063,0
320000,nan,3.2236110594430696,1.2457171578716952e-05,3.223721981048584,8.904236793518066,3.2236110594430696,0.0,258775.52051627846,99.99999228401717,1.7765883532218986e-05,11,sleep,4.014999999999418,0
320000,nan,3.2236110594430696,1.2457171578716952e-05,3.223721981048584,8.904236793518066,3.2236110594430696,0.0,258775.52051627846,99.99999228401717,1.7765883532218986e-05,11,sleep,4.062000000005355,0
320000,nan,3.2236110594430696,1.2457171578716952e-05,3.223721981048584,8.904236793518066,3.2236110594430696,0.0,258775.52051627846,99.99999228401717,1.7765883532218986e-05,11,sleep,4.10899999999674,0
320000,nan,3.223610449750226,1.2525643796834629e-05,3.223721981048584,8.904236793518066,3.223610449750226,0.0,257360.85921307042,99.99999152845189,1.9505556281779352e-05,12,sleep,4.1560000000026776,0
320000,nan,3.223610449750226,1.2525643796834629e-05,3.223721981048584,8.904236793518066,3.223610449750226,0.0,257360.85921307042,99.99999152845189,1.9505556281779352e-05,12,sleep,4.202999999994063,0
320000,nan,3.223610449750226,1.2525643796834629e-05,3.223721981048584,8.904236793518066,3.223610449750226,0.0,257360.85921307042,99.99999152845189,1.9505556281779352e-05,12,sleep,4.264999999999418,0
320000,nan,3.223610449750226,1.2525643796834629e-05,3.223721981048584,8.904236793518066,3.223610449750226,0.0,257360.85921307042,99.99999152845189,1.9505556281779352e-05,12,sleep,4.312000000005355,0
320000,nan,3.223610449750226,1.2525643796834629e-05,3.223721981048584,8.904236793518066,3.223610449750226,0.0,257360.85921307042,99.99999152845189,1.9505556281779352e-05,12,sleep,4.35899999999674,0
320000,nan,3.223610449750226,1.2525643796834629e-05,3.223721981048584,8.904236793518066,3.223610449750226,0.0,257360.85921307042,99.99999152845189,1.9505556281779352e-05,12,sleep,4.4060000000026776,0
320000,nan,3.223610449750226,1.2525643796834629e-05,3.223721981048584,8.904236793518066,3.223610449750226,0.0,257360.85921307042,99.99999152845189,1.9505556281779352e-05,12,sleep,4.452999999994063,0
320000,nan,3.223610449750226,1.2525643796834629e-05,3.223721981048584,8.904236793518066,3.223610449750226,0.0,257360.85921307042,99.99999152845189,1.9505556281779352e-05,12,sleep,4.514999999999418,0
320000,nan,3.223610449750226,1.2525643796834629e-05,3.223721981048584,8.904236793518066,3.223610449750226,0.0,257360.85921307042,99.99999152845189,1.9505556281779352e-05,12,sleep,4.562000000005355,0
320000,nan,3.223610449750226,1.2525643796834629e-05,3.223721981048584,8.904236793518066,3.223610449750226,0.0,257360.85921307042,99.99999152845189,1.9505556281779352e-05,12,sleep,4.60899999999674,0
320000,nan,3.22361114580394,1.2447472727217246e-05,3.223721981048584,8.904236793518066,3.22361114580394,0.0,258977.16078182642,99.99999075507647,2.128623640803203e-05,13,sleep,4.6560000000026776,0
320000,nan,3.22361114580394,1.2447472727217246e-05,3.223721981048584,8.904236793518066,3.22361114580394,0.0,258977.16078182642,99.99999075507647,2.128623640803203e-05,13,sleep,4.702999999994063,0
320000,nan,3.22361114580394,1.2447472727217246e-05,3.223721981048584,8.904236793518066,3.22361114580394,0.0,258977.16078182642,99.99999075507647,2.128623640803203e-05,13,sleep,4.764999999999418,0
320000,nan,3.22361114580394,1.2447472727217246e-05,3.223721981048584,8.904236793518066,3.22361114580394,0.0,258977.16078182642,99.99999075507647,2.128623640803203e-05,13,sleep,4.812000000005355,0
320000,nan,3.22361114580394,1.2447472727217246e-05,3.223721981048584,8.904236793518066,3.22361114580394,0.0,258977.16078182642,99.99999075507647,2.128623640803203e-05,13,sleep,4.85899999999674,0
320000,nan,3.22361114580394,1.2447472727217246e-05,3.223721981048584,8.904236793518066,3.22361114580394,0.0,258977.16078182642,99.99999075507647,2.128623640803203e-05,13,sleep,4.9060000000026776,0
320000,nan,3.22361114580394,1.2447472727217246e-05,3.223721981048584,8.904236793518066,3.22361114580394,0.0,258977.16078182642,99.99999075507647,2.128623640803203e-05,13,sleep,4.952999999994063,0
3200,nan,3.22361114580394,1.2447472727217246e-05,3.223721981048584,8.904236793518066,3.22361114580394,0.0,258977.16078182642,99.99999075507647,2.128623640803203e-05,13,wake,5.0,0
3200,nan,3.22361114580394,1.2447472727217246e-05,3.223721981048584,8.904236793518066,3.22361114580394,0.0,258977.16078182642,99.99999075507647,2.128623640803203e-05,13,wake,5.062000000005355,0
3200,nan,3.22361114580394,1.2447472727217246e-05,3.223721981048584,8.904236793518066,3.22361114580394,0.0,258977.16078182642,99.99999075507647,2.128623640803203e-05,13,wake,5.10899999999674,0
3200,nan,3.223610404496611,1.2530726053228136e-05,3.223721981048584,8.904236793518066,3.223610404496611,0.0,257256.4742699927,99.99998999920462,2.3026615026535935e-05,14,wake,5.1560000000026776,0
3200,nan,3.223610404496611,1.2530726053228136e-05,3.223721981048584,8.904236793518066,3.223610404496611,0.0,257256.4742699927,99.99998999920462,2.3026615026535935e-05,14,wake,5.202999999994063,0
3200,nan,3.223610404496611,1.2530726053228136e-05,3.223721981048584,8.904236793518066,3.223610404496611,0.0,257256.4742699927,99.99998999920462,2.3026615026535935e-05,14,wake,5.264999999999418,0
3200,nan,3.223610404496611,1.2530726053228136e-05,3.223721981048584,8.904236793518066,3.223610404496611,0.0,257256.4742699927,99.99998999920462,2.3026615026535935e-05,14,wake,5.312000000005355,0
3200,nan,3.223610404496611,1.2530726053228136e-05,3.223721981048584,8.904236793518066,3.223610404496611,0.0,257256.4742699927,99.99998999920462,2.3026615026535935e-05,14,wake,5.35899999999674,0
3200,nan,3.223610404496611,1.2530726053228136e-05,3.223721981048584,8.904236793518066,3.223610404496611,0.0,257256.4742699927,99.99998999920462,2.3026615026535935e-05,14,wake,5.4060000000026776,0
3200,nan,3.223610404496611,1.2530726053228136e-05,3.223721981048584,8.904236793518066,3.223610404496611,0.0,257256.4742699927,99.99998999920462,2.3026615026535935e-05,14,wake,5.452999999994063,0
3200,nan,3.223610404496611,1.2530726053228136e-05,3.223721981048584,8.904236793518066,3.223610404496611,0.0,257256.4742699927,99.99998999920462,2.3026615026535935e-05,14,wake,5.514999999999418,0
3200,nan,3.223610404496611,1.2530726053228136e-05,3.223721981048584,8.904236793518066,3.223610404496611,0.0,257256.4742699927,99.99998999920462,2.3026615026535935e-05,14,wake,5.562000000005355,0
320000,nan,3.223610404496611,1.2530726053228136e-05,3.223721981048584,8.904236793518066,3.223610404496611,0.0,257256.4742699927,99.99998999920462,2.3026615026535935e-05,14,sleep,5.60899999999674,0
320000,nan,3.2236111510840684,1.244687973667169e-05,3.223721981048584,8.904236793518066,3.2236111510840684,0.0,258989.49931897275,99.99998924839048,2.4755348323295892e-05,15,sleep,5.6710000000020955,0
320000,nan,3.2236111510840684,1.244687973667169e-05,3.223721981048584,8.904236793518066,3.2236111510840684,0.0,258989.49931897275,99.99998924839048,2.4755348323295892e-05,15,sleep,5.717999999993481,0
320000,nan,3.2236111510840684,1.244687973667169e-05,3.223721981048584,8.904236793518066,3.2236111510840684,0.0,258989.49931897275,99.99998924839048,2.4755348323295892e-05,15,sleep,5.764999999999418,0
320000,nan,3.2236111510840684,1.244687973667169e-05,3.223721981048584,8.904236793518066,3.2236111510840684,0.0,258989.49931897275,99.99998924839048,2.4755348323295892e-05,15,sleep,5.812000000005355,0
320000,nan,3.2236111510840684,1.244687973667169e-05,3.223721981048584,8.904236793518066,3.2236111510840684,0.0,258989.49931897275,99.99998924839048,2.4755348323295892e-05,15,sleep,5.875,0
320000,nan,3.2236111510840684,1.244687973667169e-05,3.223721981048584,8.904236793518066,3.2236111510840684,0.0,258989.49931897275,99.99998924839048,2.4755348323295892e-05,15,sleep,5.9210000000020955,0
320000,nan,3.2236111510840684,1.244687973667169e-05,3.223721981048584,8.904236793518066,3.2236111510840684,0.0,258989.49931897275,99.99998924839048,2.4755348323295892e-05,15,sleep,5.967999999993481,0
320000,nan,3.2236111510840684,1.244687973667169e-05,3.223721981048584,8.904236793518066,3.2236111510840684,0.0,258989.49931897275,99.99998924839048,2.4755348323295892e-05,15,sleep,6.014999999999418,0
320000,nan,3.2236111510840684,1.244687973667169e-05,3.223721981048584,8.904236793518066,3.2236111510840684,0.0,258989.49931897275,99.99998924839048,2.4755348323295892e-05,15,sleep,6.062000000005355,0
320000,nan,3.2236111510840684,1.244687973667169e-05,3.223721981048584,8.904236793518066,3.2236111510840684,0.0,258989.49931897275,99.99998924839048,2.4755348323295892e-05,15,sleep,6.125,0
320000,nan,3.2236112023871546,1.2441118087735958e-05,3.223721981048584,8.904236793518066,3.2236112023871546,0.0,259109.4449593629,99.99998847390897,2.6538575249215977e-05,16,sleep,6.1710000000020955,0
320000,nan,3.2236112023871546,1.2441118087735958e-05,3.223721981048584,8.904236793518066,3.2236112023871546,0.0,259109.4449593629,99.99998847390897,2.6538575249215977e-05,16,sleep,6.217999999993481,0
320000,nan,3.2236112023871546,1.2441118087735958e-05,3.223721981048584,8.904236793518066,3.2236112023871546,0.0,259109.4449593629,99.99998847390897,2.6538575249215977e-05,16,sleep,6.264999999999418,0
320000,nan,3.2236112023871546,1.2441118087735958e-05,3.223721981048584,8.904236793518066,3.2236112023871546,0.0,259109.4449593629,99.99998847390897,2.6538575249215977e-05,16,sleep,6.312000000005355,0
320000,nan,3.2236112023871546,1.2441118087735958e-05,3.223721981048584,8.904236793518066,3.2236112023871546,0.0,259109.4449593629,99.99998847390897,2.6538575249215977e-05,16,sleep,6.375,0
320000,nan,3.2236112023871546,1.2441118087735958e-05,3.223721981048584,8.904236793518066,3.2236112023871546,0.0,259109.4449593629,99.99998847390897,2.6538575249215977e-05,16,sleep,6.4210000000020955,0
320000,nan,3.2236112023871546,1.2441118087735958e-05,3.223721981048584,8.904236793518066,3.2236112023871546,0.0,259109.4449593629,99.99998847390897,2.6538575249215977e-05,16,sleep,6.467999999993481,0
320000,nan,3.2236112023871546,1.2441118087735958e-05,3.223721981048584,8.904236793518066,3.2236112023871546,0.0,259109.4449593629,99.99998847390897,2.6538575249215977e-05,16,sleep,6.514999999999418,0
320000,nan,3.2236112023871546,1.2441118087735958e-05,3.223721981048584,8.904236793518066,3.2236112023871546,0.0,259109.4449593629,99.99998847390897,2.6538575249215977e-05,16,sleep,6.562000000005355,0
320000,nan,3.2236112023871546,1.2441118087735958e-05,3.223721981048584,8.904236793518066,3.2236112023871546,0.0,259109.4449593629,99.99998847390897,2.6538575249215977e-05,16,sleep,6.625,0
320000,nan,3.2236112023871546,1.2441118087735958e-05,3.223721981048584,8.904236793518066,3.2236112023871546,0.0,259109.4449593629,99.99998847390897,2.6538575249215977e-05,16,sleep,6.6710000000020955,0
320000,nan,3.223610318791708,1.2540351235656999e-05,3.223721981048584,8.904236793518066,3.223610318791708,0.0,257059.01359650557,99.99998771745649,2.8280290698612782e-05,17,sleep,6.717999999993481,0
320000,nan,3.223610318791708,1.2540351235656999e-05,3.223721981048584,8.904236793518066,3.223610318791708,0.0,257059.01359650557,99.99998771745649,2.8280290698612782e-05,17,sleep,6.764999999999418,0
320000,nan,3.223610318791708,1.2540351235656999e-05,3.223721981048584,8.904236793518066,3.223610318791708,0.0,257059.01359650557,99.99998771745649,2.8280290698612782e-05,17,sleep,6.812000000005355,0
320000,nan,3.223610318791708,1.2540351235656999e-05,3.223721981048584,8.904236793518066,3.223610318791708,0.0,257059.01359650557,99.99998771745649,2.8280290698612782e-05,17,sleep,6.875,0
320000,nan,3.223610318791708,1.2540351235656999e-05,3.223721981048584,8.904236793518066,3.223610318791708,0.0,257059.01359650557,99.99998771745649,2.8280290698612782e-05,17,sleep,6.9210000000020955,0
320000,nan,3.223610318791708,1.2540351235656999e-05,3.223721981048584,8.904236793518066,3.223610318791708,0.0,257059.01359650557,99.99998771745649,2.8280290698612782e-05,17,sleep,6.967999999993481,0
320000,nan,3.223610318791708,1.2540351235656999e-05,3.223721981048584,8.904236793518066,3.223610318791708,0.0,257059.01359650557,99.99998771745649,2.8280290698612782e-05,17,sleep,7.014999999999418,0
320000,nan,3.223610318791708,1.2540351235656999e-05,3.223721981048584,8.904236793518066,3.223610318791708,0.0,257059.01359650557,99.99998771745649,2.8280290698612782e-05,17,sleep,7.062000000005355,0
100,nan,3.223610318791708,1.2540351235656999e-05,3.223721981048584,8.904236793518066,3.223610318791708,0.0,257059.01359650557,99.99998771745649,2.8280290698612782e-05,17,tx,7.10899999999674,0
100,nan,3.223610318791708,1.2540351235656999e-05,3.223721981048584,8.904236793518066,3.223610318791708,0.0,257059.01359650557,99.99998771745649,2.8280290698612782e-05,17,tx,7.1710000000020955,0
100,nan,3.2236117188760174,1.2383113244140986e-05,3.223721981048584,8.904236793518066,3.2236117188760174,0.0,260323.20429608077,99.99998694807982,3.0051763843258726e-05,18,tx,7.217999999993481,0
100,nan,3.2236117188760174,1.2383113244140986e-05,3.223721981048584,8.904236793518066,3.2236117188760174,0.0,260323.20429608077,99.99998694807982,3.0051763843258726e-05,18,tx,7.264999999999418,0
100,nan,3.2236117188760174,1.2383113244140986e-05,3.223721981048584,8.904236793518066,3.2236117188760174,0.0,260323.20429608077,99.99998694807982,3.0051763843258726e-05,18,tx,7.312000000005355,0
100,nan,3.2236117188760174,1.2383113244140986e-05,3.223721981048584,8.904236793518066,3.2236117188760174,0.0,260323.20429608077,99.99998694807982,3.0051763843258726e-05,18,tx,7.375,0
100,nan,3.2236117188760174,1.2383113244140986e-05,3.223721981048584,8.904236793518066,3.2236117188760174,0.0,260323.20429608077,99.99998694807982,3.0051763843258726e-05,18,tx,7.4210000000020955,0
100,nan,3.2236117188760174,1.2383113244140986e-05,3.223721981048584,8.904236793518066,3.2236117188760174,0.0,260323.20429608077,99.99998694807982,3.0051763843258726e-05,18,tx,7.467999999993481,0
320000,nan,3.2236117188760174,1.2383113244140986e-05,3.223721981048584,8.904236793518066,3.2236117188760174,0.0,260323.20429608077,99.99998694807982,3.0051763843258726e-05,18,sleep,7.514999999999418,0
320000,nan,3.2236117188760174,1.2383113244140986e-05,3.223721981048584,8.904236793518066,3.2236117188760174,0.0,260323.20429608077,99.99998694807982,3.0051763843258726e-05,18,sleep,7.577999999994063,0
320000,nan,3.2236117188760174,1.2383113244140986e-05,3.223721981048584,8.904236793518066,3.2236117188760174,0.0,260323.20429608077,99.99998694807982,3.0051763843258726e-05,18,sleep,7.625,0
320000,nan,3.2236117188760174,1.2383113244140986e-05,3.223721981048584,8.904236793518066,3.2236117188760174,0.0,260323.20429608077,99.99998694807982,3.0051763843258726e-05,18,sleep,7.6710000000020955,0
320000,nan,3.223610694191009,1.2498191608756315e-05,3.223721981048584,8.904236793518066,3.223610694191009,0.0,257926.1700494755,99.99998619417049,3.178762378891933e-05,19,sleep,7.717999999993481,0
320000,nan,3.223610694191009,1.2498191608756315e-05,3.223721981048584,8.904236793518066,3.223610694191009,0.0,257926.1700494755,99.99998619417049,3.178762378891933e-05,19,sleep,7.7810000000026776,0
320000,nan,3.223610694191009,1.2498191608756315e-05,3.223721981048584,8.904236793518066,3.223610694191009,0.0,257926.1700494755,99.99998619417049,3.178762378891933e-05,19,sleep,7.827999999994063,0
320000,nan,3.223610694191009,1.2498191608756315e-05,3.223721981048584,8.904236793518066,3.223610694191009,0.0,257926.1700494755,99.99998619417049,3.178762378891933e-05,19,sleep,7.875,0
320000,nan,3.223610694191009,1.2498191608756315e-05,3.223721981048584,8.904236793518066,3.223610694191009,0.0,257926.1700494755,99.99998619417049,3.178762378891933e-05,19,sleep,7.9210000000020955,0
320000,nan,3.223610694191009,1.2498191608756315e-05,3.223721981048584,8.904236793518066,3.223610694191009,0.0,257926.1700494755,99.99998619417049,3.178762378891933e-05,19,sleep,7.967999999993481,0
320000,nan,3.223610694191009,1.2498191608756315e-05,3.223721981048584,8.904236793518066,3.223610694191009,0.0,257926.1700494755,99.99998619417049,3.178762378891933e-05,19,sleep,8.031000000002678,0
320000,nan,3.223610694191009,1.2498191608756315e-05,3.223721981048584,8.904236793518066,3.223610694191009,0.0,257926.1700494755,99.99998619417049,3.178762378891933e-05,19,sleep,8.077999999994063,0
320000,nan,3.223610694191009,1.2498191608756315e-05,3.223721981048584,8.904236793518066,3.223610694191009,0.0,257926.1700494755,99.99998619417049,3.178762378891933e-05,19,sleep,8.125,0
320000,nan,3.223610694191009,1.2498191608756315e-05,3.223721981048584,8.904236793518066,3.223610694191009,0.0,257926.1700494755,99.99998619417049,3.178762378891933e-05,19,sleep,8.171000000002095,0
320000,nan,3.223610423681617,1.2528571460279636e-05,3.223721981048584,8.904236793518066,3.223610423681617,0.0,257300.71731655084,99.99998541424485,3.358338569823742e-05,20,sleep,8.21799999999348,0
320000,nan,3.223610423681617,1.2528571460279636e-05,3.223721981048584,8.904236793518066,3.223610423681617,0.0,257300.71731655084,99.99998541424485,3.358338569823742e-05,20,sleep,8.281000000002678,0
320000,nan,3.223610423681617,1.2528571460279636e-05,3.223721981048584,8.904236793518066,3.223610423681617,0.0,257300.71731655084,99.99998541424485,3.358338569823742e-05,20,sleep,8.327999999994063,0
320000,nan,3.223610423681617,1.2528571460279636e-05,3.223721981048584,8.904236793518066,3.223610423681617,0.0,257300.71731655084,99.99998541424485,3.358338569823742e-05,20,sleep,8.375,0
320000,nan,3.223610423681617,1.2528571460279636e-05,3.223721981048584,8.904236793518066,3.223610423681617,0.0,257300.71731655084,99.99998541424485,3.358338569823742e-05,20,sleep,8.421000000002095,0
320000,nan,3.223610423681617,1.2528571460279636e-05,3.223721981048584,8.904236793518066,3.223610423681617,0.0,257300.71731655084,99.99998541424485,3.358338569823742e-05,20,sleep,8.46799999999348,0
320000,nan,3.223610423681617,1.2528571460279636e-05,3.223721981048584,8.904236793518066,3.223610423681617,0.0,257300.71731655084,99.99998541424485,3.358338569823742e-05,20,sleep,8.531000000002678,0
320000,nan,3.223610423681617,1.2528571460279636e-05,3.223721981048584,8.904236793518066,3.223610423681617,0.0,257300.71731655084,99.99998541424485,3.358338569823742e-05,20,sleep,8.577999999994063,0
320000,nan,3.223610423681617,1.2528571460279636e-05,3.223721981048584,8.904236793518066,3.223610423681617,0.0,257300.71731655084,99.99998541424485,3.358338569823742e-05,20,sleep,8.625,0
320000,nan,3.223610423681617,1.2528571460279636e-05,3.223721981048584,8.904236793518066,3.223610423681617,0.0,257300.71731655084,99.99998541424485,3.358338569823742e-05,20,sleep,8.671000000002095,0
320000,nan,3.2236107178058155,1.2495539522205945e-05,3.223721981048584,8.904236793518066,3.2236107178058155,0.0,257980.91487583274,99.9999846363755,3.537441302971441e-05,21,sleep,8.71799999999348,0
320000,nan,3.2236107178058155,1.2495539522205945e-05,3.223721981048584,8.904236793518066,3.2236107178058155,0.0,257980.91487583274,99.9999846363755,3.537441302971441e-05,21,sleep,8.781000000002678,0
320000,nan,3.2236107178058155,1.2495539522205945e-05,3.223721981048584,8.904236793518066,3.2236107178058155,0.0,257980.91487583274,99.9999846363755,3.537441302971441e-05,21,sleep,8.827999999994063,0
320000,nan,3.2236107178058155,1.2495539522205945e-05,3.223721981048584,8.904236793518066,3.2236107178058155,0.0,257980.91487583274,99.9999846363755,3.537441302971441e-05,21,sleep,8.875,0
320000,nan,3.2236107178058155,1.2495539522205945e-05,3.223721981048584,8.904236793518066,3.2236107178058155,0.0,257980.91487583274,99.9999846363755,3.537441302971441e-05,21,sleep,8.921000000002095,0
320000,nan,3.2236107178058155,1.2495539522205945e-05,3.223721981048584,8.904236793518066,3.2236107178058155,0.0,257980.91487583274,99.9999846363755,3.537441302971441e-05,21,sleep,8.96799999999348,0
320000,nan,3.2236107178058155,1.2495539522205945e-05,3.223721981048584,8.904236793518066,3.2236107178058155,0.0,257980.91487583274,99.9999846363755,3.537441302971441e-05,21,sleep,9.031000000002678,0
320000,nan,3.2236107178058155,1.2495539522205945e-05,3.223721981048584,8.904236793518066,3.2236107178058155,0.0,257980.91487583274,99.9999846363755,3.537441302971441e-05,21,sleep,9.077999999994063,0
320000,nan,3.2236107178058155,1.2495539522205945e-05,3.223721981048584,8.904236793518066,3.2236107178058155,0.0,257980.91487583274,99.9999846363755,3.537441302971441e-05,21,sleep,9.125,0
320000,nan,3.2236107178058155,1.2495539522205945e-05,3.223721981048584,8.904236793518066,3.2236107178058155,0.0,257980.91487583274,99.9999846363755,3.537441302971441e-05,21,sleep,9.171000000002095,0
320000,nan,3.2236107178058155,1.2495539522205945e-05,3.223721981048584,8.904236793518066,3.2236107178058155,0.0,257980.91487583274,99.9999846363755,3.537441302971441e-05,21,sleep,9.21799999999348,0
320000,nan,3.223610666494631,1.2501302080636378e-05,3.223721981048584,8.904236793518066,3.223610666494631,0.0,257861.99275096096,99.99998385965563,3.716279374402565e-05,22,sleep,9.281000000002678,0
320000,nan,3.223610666494631,1.2501302080636378e-05,3.223721981048584,8.904236793518066,3.223610666494631,0.0,257861.99275096096,99.99998385965563,3.716279374402565e-05,22,sleep,9.327999999994063,0
320000,nan,3.223610666494631,1.2501302080636378e-05,3.223721981048584,8.904236793518066,3.223610666494631,0.0,257861.99275096096,99.99998385965563,3.716279374402565e-05,22,sleep,9.375,0
320000,nan,3.223610666494631,1.2501302080636378e-05,3.223721981048584,8.904236793518066,3.223610666494631,0.0,257861.99275096096,99.99998385965563,3.716279374402565e-05,22,sleep,9.421000000002095,0
320000,nan,3.223610666494631,1.2501302080636378e-05,3.223721981048584,8.904236793518066,3.223610666494631,0.0,257861.99275096096,99.99998385965563,3.716279374402565e-05,22,sleep,9.46799999999348,0
320000,nan,3.223610666494631,1.2501302080636378e-05,3.223721981048584,8.904236793518066,3.223610666494631,0.0,257861.99275096096,99.99998385965563,3.716279374402565e-05,22,sleep,9.531000000002678,0
320000,nan,3.223610666494631,1.2501302080636378e-05,3.223721981048584,8.904236793518066,3.223610666494631,0.0,257861.99275096096,99.99998385965563,3.716279374402565e-05,22,sleep,9.577999999994063,0
320000,nan,3.223610666494631,1.2501302080636378e-05,3.223721981048584,8.904236793518066,3.223610666494631,0.0,257861.99275096096,99.99998385965563,3.716279374402565e-05,22,sleep,9.625,0
320000,nan,3.223610666494631,1.2501302080636378e-05,3.223721981048584,8.904236793518066,3.223610666494631,0.0,257861.99275096096,99.99998385965563,3.716279374402565e-05,22,sleep,9.671000000002095,0
320000,nan,3.223610666494631,1.2501302080636378e-05,3.223721981048584,8.904236793518066,3.223610666494631,0.0,257861.99275096096,99.99998385965563,3.716279374402565e-05,22,sleep,9.71799999999348,0
320000,nan,3.22361060481755,1.2508228792285081e-05,3.223721981048584,8.904236793518066,3.22361060481755,0.0,257719.19097017418,99.99998308099636,3.8955639870931166e-05,23,sleep,9.781000000002678,0
320000,nan,3.22361060481755,1.2508228792285081e-05,3.223721981048584,8.904236793518066,3.22361060481755,0.0,257719.19097017418,99.99998308099636,3.8955639870931166e-05,23,sleep,9.827999999994063,0
320000,nan,3.22361060481755,1.2508228792285081e-05,3.223721981048584,8.904236793518066,3.22361060481755,0.0,257719.19097017418,99.99998308099636,3.8955639870931166e-05,23,sleep,9.875,0
320000,nan,3.22361060481755,1.2508228792285081e-05,3.223721981048584,8.904236793518066,3.22361060481755,0.0,257719.19097017418,99.99998308099636,3.8955639870931166e-05,23,sleep,9.921000000002095,0
320000,nan,3.22361060481755,1.2508228792285081e-05,3.223721981048584,8.904236793518066,3.22361060481755,0.0,257719.19097017418,99.99998308099636,3.8955639870931166e-05,23,sleep,9.96799999999348,0
320000,nan,3.22361060481755,1.2508228792285081e-05,3.223721981048584,8.904236793518066,3.22361060481755,0.0,257719.19097017418,99.99998308099636,3.8955639870931166e-05,23,sleep,10.031000000002678,0
320000,nan,3.22361060481755,1.2508228792285081e-05,3.223721981048584,8.904236793518066,3.22361060481755,0.0,257719.19097017418,99.99998308099636,3.8955639870931166e-05,23,sleep,10.077999999994063,0
320000,nan,3.22361060481755,1.2508228792285081e-05,3.223721981048584,8.904236793518066,3.22361060481755,0.0,257719.19097017418,99.99998308099636,3.8955639870931166e-05,23,sleep,10.125,0
320000,nan,3.22361060481755,1.2508228792285081e-05,3.223721981048584,8.904236793518066,3.22361060481755,0.0,257719.19097017418,99.99998308099636,3.8955639870931166e-05,23,sleep,10.171000000002095,0
320000,nan,3.22361060481755,1.2508228792285081e-05,3.223721981048584,8.904236793518066,3.22361060481755,0.0,257719.19097017418,99.99998308099636,3.8955639870931166e-05,23,sleep,10.21799999999348,0
320000,nan,3.2236113722663724,1.2422039617376868e-05,3.223721981048584,8.904236793518066,3.2236113722663724,0.0,259507.41356169453,99.99998230770252,4.073613221609977e-05,24,sleep,10.281000000002678,0
320000,nan,3.2236113722663724,1.2422039617376868e-05,3.223721981048584,8.904236793518066,3.2236113722663724,0.0,259507.41356169453,99.99998230770252,4.073613221609977e-05,24,sleep,10.327999999994063,0
320000,nan,3.2236113722663724,1.2422039617376868e-05,3.223721981048584,8.904236793518066,3.2236113722663724,0.0,259507.41356169453,99.99998230770252,4.073613221609977e-05,24,sleep,10.375,0
320000,nan,3.2236113722663724,1.2422039617376868e-05,3.223721981048584,8.904236793518066,3.2236113722663724,0.0,259507.41356169453,99.99998230770252,4.073613221609977e-05,24,sleep,10.421000000002095,0
320000,nan,3.2236113722663724,1.2422039617376868e-05,3.223721981048584,8.904236793518066,3.2236113722663724,0.0,259507.41356169453,99.99998230770252,4.073613221609977e-05,24,sleep,10.46799999999348,0
320000,nan,3.2236113722663724,1.2422039617376868e-05,3.223721981048584,8.904236793518066,3.2236113722663724,0.0,259507.41356169453,99.99998230770252,4.073613221609977e-05,24,sleep,10.531000000002678,0
320000,nan,3.2236113722663724,1.2422039617376868e-05,3.223721981048584,8.904236793518066,3.2236113722663724,0.0,259507.41356169453,99.99998230770252,4.073613221609977e-05,24,sleep,10.577999999994063,0
320000,nan,3.2236113722663724,1.2422039617376868e-05,3.223721981048584,8.904236793518066,3.2236113722663724,0.0,259507.41356169453,99.99998230770252,4.073613221609977e-05,24,sleep,10.625,0
320000,nan,3.2236113722663724,1.2422039617376868e-05,3.223721981048584,8.904236793518066,3.2236113722663724,0.0,259507.41356169453,99.99998230770252,4.073613221609977e-05,24,sleep,10.671000000002095,0
320000,nan,3.2236113722663724,1.2422039617376868e-05,3.223721981048584,8.904236793518066,3.2236113722663724,0.0,259507.41356169453,99.99998230770252,4.073613221609977e-05,24,sleep,10.71799999999348,0
320000,nan,3.2236106649640415,1.2501473975135013e-05,3.223721981048584,8.904236793518066,3.2236106649640415,0.0,257858.44704197987,99.99998155359518,4.247244804597963e-05,25,sleep,10.781000000002678,0
320000,nan,3.2236106649640415,1.2501473975135013e-05,3.223721981048584,8.904236793518066,3.2236106649640415,0.0,257858.44704197987,99.99998155359518,4.247244804597963e-05,25,sleep,10.827999999994063,0
320000,nan,3.2236106649640415,1.2501473975135013e-05,3.223721981048584,8.904236793518066,3.2236106649640415,0.0,257858.44704197987,99.99998155359518,4.247244804597963e-05,25,sleep,10.875,0
320000,nan,3.2236106649640415,1.2501473975135013e-05,3.223721981048584,8.904236793518066,3.2236106649640415,0.0,257858.44704197987,99.99998155359518,4.247244804597963e-05,25,sleep,10.921000000002095,0
320000,nan,3.2236106649640415,1.2501473975135013e-05,3.223721981048584,8.904236793518066,3.2236106649640415,0.0,257858.44704197987,99.99998155359518,4.247244804597963e-05,25,sleep,10.96799999999348,0
320000,nan,3.2236106649640415,1.2501473975135013e-05,3.223721981048584,8.904236793518066,3.2236106649640415,0.0,257858.44704197987,99.99998155359518,4.247244804597963e-05,25,sleep,11.031000000002678,0
320000,nan,3.2236106649640415,1.2501473975135013e-05,3.223721981048584,8.904236793518066,3.2236106649640415,0.0,257858.44704197987,99.99998155359518,4.247244804597963e-05,25,sleep,11.077999999994063,0
320000,nan,3.2236106649640415,1.2501473975135013e-05,3.223721981048584,8.904236793518066,3.2236106649640415,0.0,257858.44704197987,99.99998155359518,4.247244804597963e-05,25,sleep,11.125,0
320000,nan,3.2236106649640415,1.2501473975135013e-05,3.223721981048584,8.904236793518066,3.2236106649640415,0.0,257858.44704197987,99.99998155359518,4.247244804597963e-05,25,sleep,11.171000000002095,0
320000,nan,3.2236106649640415,1.2501473975135013e-05,3.223721981048584,8.904236793518066,3.2236106649640415,0.0,257858.44704197987,99.99998155359518,4.247244804597963e-05,25,sleep,11.21799999999348,0
320000,nan,3.2236108369002414,1.2482164493121672e-05,3.223721981048584,8.904236793518066,3.2236108369002414,0.0,258257.3590242798,99.99998080065261,4.4206082003357646e-05,26,sleep,11.281000000002678,0
320000,nan,3.2236108369002414,1.2482164493121672e-05,3.223721981048584,8.904236793518066,3.2236108369002414,0.0,258257.3590242798,99.99998080065261,4.4206082003357646e-05,26,sleep,11.327999999994063,0
320000,nan,3.2236108369002414,1.2482164493121672e-05,3.223721981048584,8.904236793518066,3.2236108369002414,0.0,258257.3590242798,99.99998080065261,4.4206082003357646e-05,26,sleep,11.375,0
320000,nan,3.2236108369002414,1.2482164493121672e-05,3.223721981048584,8.904236793518066,3.2236108369002414,0.0,258257.3590242798,99.99998080065261,4.4206082003357646e-05,26,sleep,11.421000000002095,0
320000,nan,3.2236108369002414,1.2482164493121672e-05,3.223721981048584,8.904236793518066,3.2236108369002414,0.0,258257.3590242798,99.99998080065261,4.4206082003357646e-05,26,sleep,11.46799999999348,0
320000,nan,3.2236108369002414,1.2482164493121672e-05,3.223721981048584,8.904236793518066,3.2236108369002414,0.0,258257.3590242798,99.99998080065261,4.4206082003357646e-05,26,sleep,11.531000000002678,0
320000,nan,3.2236108369002414,1.2482164493121672e-05,3.223721981048584,8.904236793518066,3.2236108369002414,0.0,258257.3590242798,99.99998080065261,4.4206082003357646e-05,26,sleep,11.577999999994063,0
320000,nan,3.2236108369002414,1.2482164493121672e-05,3.223721981048584,8.904236793518066,3.2236108369002414,0.0,258257.3590242798,99.99998080065261,4.4206082003357646e-05,26,sleep,11.625,0
320000,nan,3.2236108369002414,1.2482164493121672e-05,3.223721981048584,8.904236793518066,3.2236108369002414,0.0,258257.3590242798,99.99998080065261,4.4206082003357646e-05,26,sleep,11.671000000002095,0
320000,nan,3.2236108369002414,1.2482164493121672e-05,3.223721981048584,8.904236793518066,3.2236108369002414,0.0,258257.3590242798,99.99998080065261,4.4206082003357646e-05,26,sleep,11.71799999999348,0
320000,nan,3.223610905250368,1.2474488357838709e-05,3.223721981048584,8.904236793518066,3.223610905250368,0.0,258416.28231788104,99.9999800255987,4.599062686565755e-05,27,sleep,11.781000000002678,0
320000,nan,3.223610905250368,1.2474488357838709e-05,3.223721981048584,8.904236793518066,3.223610905250368,0.0,258416.28231788104,99.9999800255987,4.599062686565755e-05,27,sleep,11.827999999994063,0
320000,nan,3.223610905250368,1.2474488357838709e-05,3.223721981048584,8.904236793518066,3.223610905250368,0.0,258416.28231788104,99.9999800255987,4.599062686565755e-05,27,sleep,11.875,0
320000,nan,3.223610905250368,1.2474488357838709e-05,3.223721981048584,8.904236793518066,3.223610905250368,0.0,258416.28231788104,99.9999800255987,4.599062686565755e-05,27,sleep,11.921000000002095,0
320000,nan,3.223610905250368,1.2474488357838709e-05,3.223721981048584,8.904236793518066,3.223610905250368,0.0,258416.28231788104,99.9999800255987,4.599062686565755e-05,27,sleep,11.96799999999348,0
320000,nan,3.223610905250368,1.2474488357838709e-05,3.223721981048584,8.904236793518066,3.223610905250368,0.0,258416.28231788104,99.9999800255987,4.599062686565755e-05,27,sleep,12.031000000002678,0
320000,nan,3.223610905250368,1.2474488357838709e-05,3.223721981048584,8.904236793518066,3.223610905250368,0.0,258416.28231788104,99.9999800255987,4.599062686565755e-05,27,sleep,12.077999999994063,0
320000,nan,3.223610905250368,1.2474488357838709e-05,3.223721981048584,8.904236793518066,3.223610905250368,0.0,258416.28231788104,99.9999800255987,4.599062686565755e-05,27,sleep,12.125,0
320000,nan,3.223610905250368,1.2474488357838709e-05,3.223721981048584,8.904236793518066,3.223610905250368,0.0,258416.28231788104,99.9999800255987,4.599062686565755e-05,27,sleep,12.171000000002095,0
320000,nan,3.223610905250368,1.2474488357838709e-05,3.223721981048584,8.904236793518066,3.223610905250368,0.0,258416.28231788104,99.9999800255987,4.599062686565755e-05,27,sleep,12.21799999999348,0
320000,nan,3.223610905250368,1.2474488357838709e-05,3.223721981048584,8.904236793518066,3.223610905250368,0.0,258416.28231788104,99.9999800255987,4.599062686565755e-05,27,sleep,12.281000000002678,0
320000,nan,3.223610796894362,1.248665739694843e-05,3.223721981048584,8.904236793518066,3.223610796894362,0.0,258164.430593104,99.99997924828229,4.77803810925648e-05,28,sleep,12.327999999994063,0
320000,nan,3.223610796894362,1.248665739694843e-05,3.223721981048584,8.904236793518066,3.223610796894362,0.0,258164.430593104,99.99997924828229,4.77803810925648e-05,28,sleep,12.375,0
320000,nan,3.223610796894362,1.248665739694843e-05,3.223721981048584,8.904236793518066,3.223610796894362,0.0,258164.430593104,99.99997924828229,4.77803810925648e-05,28,sleep,12.421000000002095,0
320000,nan,3.223610796894362,1.248665739694843e-05,3.223721981048584,8.904236793518066,3.223610796894362,0.0,258164.430593104,99.99997924828229,4.77803810925648e-05,28,sleep,12.46799999999348,0
320000,nan,3.223610796894362,1.248665739694843e-05,3.223721981048584,8.904236793518066,3.223610796894362,0.0,258164.430593104,99.99997924828229,4.77803810925648e-05,28,sleep,12.514999999999418,1
320000,nan,3.223610796894362,1.248665739694843e-05,3.223721981048584,8.904236793518066,3.223610796894362,0.0,258164.430593104,99.99997924828229,4.77803810925648e-05,28,sleep,12.577999999994063,1
320000,nan,3.223610796894362,1.248665739694843e-05,3.223721981048584,8.904236793518066,3.223610796894362,0.0,258164.430593104,99.99997924828229,4.77803810925648e-05,28,sleep,12.625,1
320000,nan,3.223610796894362,1.248665739694843e-05,3.223721981048584,8.904236793518066,3.223610796894362,0.0,258164.430593104,99.99997924828229,4.77803810925648e-05,28,sleep,12.671000000002095,1
320000,nan,3.223610796894362,1.248665739694843e-05,3.223721981048584,8.904236793518066,3.223610796894362,0.0,258164.430593104,99.99997924828229,4.77803810925648e-05,28,sleep,12.71799999999348,1
320000,nan,3.223610796894362,1.248665739694843e-05,3.223721981048584,8.904236793518066,3.223610796894362,0.0,258164.430593104,99.99997924828229,4.77803810925648e-05,28,sleep,12.781000000002678,1
320000,nan,3.2236112008322704,1.2441292710718699e-05,3.223721981048584,8.904236793518066,3.2236112008322704,0.0,259105.80803673185,99.99997849780517,4.950833841349795e-05,29,sleep,12.827999999994063,1
320000,nan,3.2236112008322704,1.2441292710718699e-05,3.223721981048584,8.904236793518066,3.2236112008322704,0.0,259105.80803673185,99.99997849780517,4.950833841349795e-05,29,sleep,12.875,1
320000,nan,3.2236112008322704,1.2441292710718699e-05,3.223721981048584,8.904236793518066,3.2236112008322704,0.0,259105.80803673185,99.99997849780517,4.950833841349795e-05,29,sleep,12.921000000002095,1
320000,nan,3.2236112008322704,1.2441292710718699e-05,3.223721981048584,8.904236793518066,3.2236112008322704,0.0,259105.80803673185,99.99997849780517,4.950833841349795e-05,29,sleep,12.96799999999348,1
320000,nan,3.2236112008322704,1.2441292710718699e-05,3.223721981048584,8.904236793518066,3.2236112008322704,0.0,259105.80803673185,99.99997849780517,4.950833841349795e-05,29,sleep,13.031000000002678,1
320000,nan,3.2236112008322704,1.2441292710718699e-05,3.223721981048584,8.904236793518066,3.2236112008322704,0.0,259105.80803673185,99.99997849780517,4.950833841349795e-05,29,sleep,13.077999999994063,1
320000,nan,3.2236112008322704,1.2441292710718699e-05,3.223721981048584,8.904236793518066,3.2236112008322704,0.0,259105.80803673185,99.99997849780517,4.950833841349795e-05,29,sleep,13.125,1
320000,nan,3.2236112008322704,1.2441292710718699e-05,3.223721981048584,8.904236793518066,3.2236112008322704,0.0,259105.80803673185,99.99997849780517,4.950833841349795e-05,29,sleep,13.171000000002095,1
320000,nan,3.2236112008322704,1.2441292710718699e-05,3.223721981048584,8.904236793518066,3.2236112008322704,0.0,259105.80803673185,99.99997849780517,4.950833841349795e-05,29,sleep,13.21799999999348,1
320000,nan,3.2236112008322704,1.2441292710718699e-05,3.223721981048584,8.904236793518066,3.2236112008322704,0.0,259105.80803673185,99.99997849780517,4.950833841349795e-05,29,sleep,13.281000000002678,1
320000,nan,3.2236107141210635,1.2495953342295252e-05,3.223721981048584,8.904236793518066,3.2236107141210635,0.0,257972.3712003675,99.99997774403086,5.1243887488816734e-05,30,sleep,13.327999999994063,1
320000,nan,3.2236107141210635,1.2495953342295252e-05,3.223721981048584,8.904236793518066,3.2236107141210635,0.0,257972.3712003675,99.99997774403086,5.1243887488816734e-05,30,sleep,13.375,1
320000,nan,3.2236107141210635,1.2495953342295252e-05,3.223721981048584,8.904236793518066,3.2236107141210635,0.0,257972.3712003675,99.99997774403086,5.1243887488816734e-05,30,sleep,13.421000000002095,1
320000,nan,3.2236107141210635,1.2495953342295252e-05,3.223721981048584,8.904236793518066,3.2236107141210635,0.0,257972.3712003675,99.99997774403086,5.1243887488816734e-05,30,sleep,13.46799999999348,1
320000,nan,3.2236107141210635,1.2495953342295252e-05,3.223721981048584,8.904236793518066,3.2236107141210635,0.0,257972.3712003675,99.99997774403086,5.1243887488816734e-05,30,sleep,13.531000000002678,1
320000,nan,3.2236107141210635,1.2495953342295252e-05,3.223721981048584,8.904236793518066,3.2236107141210635,0.0,257972.3712003675,99.99997774403086,5.1243887488816734e-05,30,sleep,13.577999999994063,1
320000,nan,3.2236107141210635,1.2495953342295252e-05,3.223721981048584,8.904236793518066,3.2236107141210635,0.0,257972.3712003675,99.99997774403086,5.1243887488816734e-05,30,sleep,13.625,1
320000,nan,3.2236107141210635,1.2495953342295252e-05,3.223721981048584,8.904236793518066,3.2236107141210635,0.0,257972.3712003675,99.99997774403086,5.1243887488816734e-05,30,sleep,13.671000000002095,1
320000,nan,3.2236107141210635,1.2495953342295252e-05,3.223721981048584,8.904236793518066,3.2236107141210635,0.0,257972.3712003675,99.99997774403086,5.1243887488816734e-05,30,sleep,13.71799999999348,1
320000,nan,3.2236107141210635,1.2495953342295252e-05,3.223721981048584,8.904236793518066,3.2236107141210635,0.0,257972.3712003675,99.99997774403086,5.1243887488816734e-05,30,sleep,13.781000000002678,1
320000,nan,3.2236109740054117,1.2466766747820657e-05,3.223721981048584,8.904236793518066,3.2236109740054117,0.0,258576.3445497156,99.9999769694567,5.302732773190573e-05,31,sleep,13.827999999994063,1
320000,nan,3.2236109740054117,1.2466766747820657e-05,3.223721981048584,8.904236793518066,3.2236109740054117,0.0,258576.3445497156,99.9999769694567,5.302732773190573e-05,31,sleep,13.875,1
320000,nan,3.2236109740054117,1.2466766747820657e-05,3.223721981048584,8.904236793518066,3.2236109740054117,0.0,258576.3445497156,99.9999769694567,5.302732773190573e-05,31,sleep,13.921000000002095,1
320000,nan,3.2236109740054117,1.2466766747820657e-05,3.223721981048584,8.904236793518066,3.2236109740054117,0.0,258576.3445497156,99.9999769694567,5.302732773190573e-05,31,sleep,13.96799999999348,1
320000,nan,3.2236109740054117,1.2466766747820657e-05,3.223721981048584,8.904236793518066,3.2236109740054117,0.0,258576.3445497156,99.9999769694567,5.302732773190573e-05,31,sleep,14.031000000002678,1
320000,nan,3.2236109740054117,1.2466766747820657e-05,3.223721981048584,8.904236793518066,3.2236109740054117,0.0,258576.3445497156,99.9999769694567,5.302732773190573e-05,31,sleep,14.077999999994063,1
320000,nan,3.2236109740054117,1.2466766747820657e-05,3.223721981048584,8.904236793518066,3.2236109740054117,0.0,258576.3445497156,99.9999769694567,5.302732773190573e-05,31,sleep,14.125,1
320000,nan,3.2236109740054117,1.2466766747820657e-05,3.223721981048584,8.904236793518066,3.2236109740054117,0.0,258576.3445497156,99.9999769694567,5.302732773190573e-05,31,sleep,14.171000000002095,1
320000,nan,3.2236109740054117,1.2466766747820657e-05,3.223721981048584,8.904236793518066,3.2236109740054117,0.0,258576.3445497156,99.9999769694567,5.302732773190573e-05,31,sleep,14.21799999999348,1
320000,nan,3.2236109740054117,1.2466766747820657e-05,3.223721981048584,8.904236793518066,3.2236109740054117,0.0,258576.3445497156,99.9999769694567,5.302732773190573e-05,31,sleep,14.281000000002678,1
320000,nan,3.2236109740054117,1.2466766747820657e-05,3.223721981048584,8.904236793518066,3.2236109740054117,0.0,258576.3445497156,99.9999769694567,5.302732773190573e-05,31,sleep,14.327999999994063,1
320000,nan,3.2236110403795393,1.2459312529244926e-05,3.223721981048584,8.904236793518066,3.2236110403795393,0.0,258731.05219994835,99.99997619384254,5.481316252777545e-05,32,sleep,14.375,1
320000,nan,3.2236110403795393,1.2459312529244926e-05,3.223721981048584,8.904236793518066,3.2236110403795393,0.0,258731.05219994835,99.99997619384254,5.481316252777545e-05,32,sleep,14.421000000002095,1
320000,nan,3.2236110403795393,1.2459312529244926e-05,3.223721981048584,8.904236793518066,3.2236110403795393,0.0,258731.05219994835,99.99997619384254,5.481316252777545e-05,32,sleep,14.46799999999348,1
320000,nan,3.2236110403795393,1.2459312529244926e-05,3.223721981048584,8.904236793518066,3.2236110403795393,0.0,258731.05219994835,99.99997619384254,5.481316252777545e-05,32,sleep,14.531000000002678,1
320000,nan,3.2236110403795393,1.2459312529244926e-05,3.223721981048584,8.904236793518066,3.2236110403795393,0.0,258731.05219994835,99.99997619384254,5.481316252777545e-05,32,sleep,14.577999999994063,1
320000,nan,3.2236110403795393,1.2459312529244926e-05,3.223721981048584,8.904236793518066,3.2236110403795393,0.0,258731.05219994835,99.99997619384254,5.481316252777545e-05,32,sleep,14.625,1
320000,nan,3.2236110403795393,1.2459312529244926e-05,3.223721981048584,8.904236793518066,3.2236110403795393,0.0,258731.05219994835,99.99997619384254,5.481316252777545e-05,32,sleep,14.671000000002095,1
320000,nan,3.2236110403795393,1.2459312529244926e-05,3.223721981048584,8.904236793518066,3.2236110403795393,0.0,258731.05219994835,99.99997619384254,5.481316252777545e-05,32,sleep,14.71799999999348,1
320000,nan,3.2236110403795393,1.2459312529244926e-05,3.223721981048584,8.904236793518066,3.2236110403795393,0.0,258731.05219994835,99.99997619384254,5.481316252777545e-05,32,sleep,14.781000000002678,1
320000,nan,3.2236110403795393,1.2459312529244926e-05,3.223721981048584,8.904236793518066,3.2236110403795393,0.0,258731.05219994835,99.99997619384254,5.481316252777545e-05,32,sleep,14.827999999994063,1
320000,nan,3.223611650930809,1.2390743904688861e-05,3.223721981048584,8.904236793518066,3.223611650930809,0.0,260162.8825296713,99.99997542249692,5.658916915407532e-05,33,sleep,14.875,1
320000,nan,3.223611650930809,1.2390743904688861e-05,3.223721981048584,8.904236793518066,3.223611650930809,0.0,260162.8825296713,99.99997542249692,5.658916915407532e-05,33,sleep,14.921000000002095,1
320000,nan,3.223611650930809,1.2390743904688861e-05,3.223721981048584,8.904236793518066,3.223611650930809,0.0,260162.8825296713,99.99997542249692,5.658916915407532e-05,33,sleep,14.96799999999348,1
320000,nan,3.223611650930809,1.2390743904688861e-05,3.223721981048584,8.904236793518066,3.223611650930809,0.0,260162.8825296713,99.99997542249692,5.658916915407532e-05,33,sleep,15.031000000002678,1
320000,nan,3.223611650930809,1.2390743904688861e-05,3.223721981048584,8.904236793518066,3.223611650930809,0.0,260162.8825296713,99.99997542249692,5.658916915407532e-05,33,sleep,15.077999999994063,1
320000,nan,3.223611650930809,1.2390743904688861e-05,3.223721981048584,8.904236793518066,3.223611650930809,0.0,260162.8825296713,99.99997542249692,5.658916915407532e-05,33,sleep,15.125,1
320000,nan,3.223611650930809,1.2390743904688861e-05,3.223721981048584,8.904236793518066,3.223611650930809,0.0,260162.8825296713,99.99997542249692,5.658916915407532e-05,33,sleep,15.171000000002095,1
320000,nan,3.223611650930809,1.2390743904688861e-05,3.223721981048584,8.904236793518066,3.223611650930809,0.0,260162.8825296713,99.99997542249692,5.658916915407532e-05,33,sleep,15.21799999999348,1
320000,nan,3.223611650930809,1.2390743904688861e-05,3.223721981048584,8.904236793518066,3.223611650930809,0.0,260162.8825296713,99.99997542249692,5.658916915407532e-05,33,sleep,15.281000000002678,1
320000,nan,3.223611650930809,1.2390743904688861e-05,3.223721981048584,8.904236793518066,3.223611650930809,0.0,260162.8825296713,99.99997542249692,5.658916915407532e-05,33,sleep,15.327999999994063,1
320000,nan,3.2236108992170927,1.247516593139153e-05,3.223721981048584,8.904236793518066,3.2236108992170927,0.0,258402.24626635632,99.9999746474009,5.837381094703626e-05,34,sleep,15.375,1
320000,nan,3.2236108992170927,1.247516593139153e-05,3.223721981048584,8.904236793518066,3.2236108992170927,0.0,258402.24626635632,99.9999746474009,5.837381094703626e-05,34,sleep,15.421000000002095,1
320000,nan,3.2236108992170927,1.247516593139153e-05,3.223721981048584,8.904236793518066,3.2236108992170927,0.0,258402.24626635632,99.9999746474009,5.837381094703626e-05,34,sleep,15.46799999999348,1
320000,nan,3.2236108992170927,1.247516593139153e-05,3.223721981048584,8.904236793518066,3.2236108992170927,0.0,258402.24626635632,99.9999746474009,5.837381094703626e-05,34,sleep,15.531000000002678,1
320000,nan,3.2236108992170927,1.247516593139153e-05,3.223721981048584,8.904236793518066,3.2236108992170927,0.0,258402.24626635632,99.9999746474009,5.837381094703626e-05,34,sleep,15.577999999994063,1
320000,nan,3.2236108992170927,1.247516593139153e-05,3.223721981048584,8.904236793518066,3.2236108992170927,0.0,258402.24626635632,99.9999746474009,5.837381094703626e-05,34,sleep,15.625,1
320000,nan,3.2236108992170927,1.247516593139153e-05,3.223721981048584,8.904236793518066,3.2236108992170927,0.0,258402.24626635632,99.9999746474009,5.837381094703626e-05,34,sleep,15.671000000002095,1
320000,nan,3.2236108992170927,1.247516593139153e-05,3.223721981048584,8.904236793518066,3.2236108992170927,0.0,258402.24626635632,99.9999746474009,5.837381094703626e-05,34,sleep,15.71799999999348,1
320000,nan,3.2236108992170927,1.247516593139153e-05,3.223721981048584,8.904236793518066,3.2236108992170927,0.0,258402.24626635632,99.9999746474009,5.837381094703626e-05,34,sleep,15.781000000002678,1
320000,nan,3.2236108992170927,1.247516593139153e-05,3.223721981048584,8.904236793518066,3.2236108992170927,0.0,258402.24626635632,99.9999746474009,5.837381094703626e-05,34,sleep,15.827999999994063,1
320000,nan,3.2236104900557443,1.2521117241703905e-05,3.223721981048584,8.904236793518066,3.2236104900557443,0.0,257453.9019025324,99.9999738679393,6.016850441835849e-05,35,sleep,15.875,1
320000,nan,3.2236104900557443,1.2521117241703905e-05,3.223721981048584,8.904236793518066,3.2236104900557443,0.0,257453.9019025324,99.9999738679393,6.016850441835849e-05,35,sleep,15.921000000002095,1
320000,nan,3.2236104900557443,1.2521117241703905e-05,3.223721981048584,8.904236793518066,3.2236104900557443,0.0,257453.9019025324,99.9999738679393,6.016850441835849e-05,35,sleep,15.96799999999348,1
320000,nan,3.2236104900557443,1.2521117241703905e-05,3.223721981048584,8.904236793518066,3.2236104900557443,0.0,257453.9019025324,99.9999738679393,6.016850441835849e-05,35,sleep,16.031000000002678,1
320000,nan,3.2236104900557443,1.2521117241703905e-05,3.223721981048584,8.904236793518066,3.2236104900557443,0.0,257453.9019025324,99.9999738679393,6.016850441835849e-05,35,sleep,16.077999999994063,1
320000,nan,3.2236104900557443,1.2521117241703905e-05,3.223721981048584,8.904236793518066,3.2236104900557443,0.0,257453.9019025324,99.9999738679393,6.016850441835849e-05,35,sleep,16.125,1
320000,nan,3.2236104900557443,1.2521117241703905e-05,3.223721981048584,8.904236793518066,3.2236104900557443,0.0,257453.9019025324,99.9999738679393,6.016850441835849e-05,35,sleep,16.171000000002095,1
320000,nan,3.2236104900557443,1.2521117241703905e-05,3.223721981048584,8.904236793518066,3.2236104900557443,0.0,257453.9019025324,99.9999738679393,6.016850441835849e-05,35,sleep,16.21799999999348,1
320000,nan,3.2236104900557443,1.2521117241703905e-05,3.223721981048584,8.904236793518066,3.2236104900557443,0.0,257453.9019025324,99.9999738679393,6.016850441835849e-05,35,sleep,16.281000000002678,1
320000,nan,3.2236104900557443,1.2521117241703905e-05,3.223721981048584,8.904236793518066,3.2236104900557443,0.0,257453.9019025324,99.9999738679393,6.016850441835849e-05,35,sleep,16.327999999994063,1
320000,nan,3.2236104900557443,1.2521117241703905e-05,3.223721981048584,8.904236793518066,3.2236104900557443,0.0,257453.9019025324,99.9999738679393,6.016850441835849e-05,35,sleep,16.375,1
320000,nan,3.2236107138052277,1.2495988812588621e-05,3.223721981048584,8.904236793518066,3.2236107138052277,0.0,257971.63891165785,99.99997311416284,6.190405842010691e-05,36,sleep,16.421000000002095,1
320000,nan,3.2236107138052277,1.2495988812588621e-05,3.223721981048584,8.904236793518066,3.2236107138052277,0.0,257971.63891165785,99.99997311416284,6.190405842010691e-05,36,sleep,16.46799999999348,1
320000,nan,3.2236107138052277,1.2495988812588621e-05,3.223721981048584,8.904236793518066,3.2236107138052277,0.0,257971.63891165785,99.99997311416284,6.190405842010691e-05,36,sleep,16.531000000002678,1
320000,nan,3.2236107138052277,1.2495988812588621e-05,3.223721981048584,8.904236793518066,3.2236107138052277,0.0,257971.63891165785,99.99997311416284,6.190405842010691e-05,36,sleep,16.577999999994063,1
320000,nan,3.2236107138052277,1.2495988812588621e-05,3.223721981048584,8.904236793518066,3.2236107138052277,0.0,257971.63891165785,99.99997311416284,6.190405842010691e-05,36,sleep,16.625,1
320000,nan,3.2236107138052277,1.2495988812588621e-05,3.223721981048584,8.904236793518066,3.2236107138052277,0.0,257971.63891165785,99.99997311416284,6.190405842010691e-05,36,sleep,16.671000000002095,1
320000,nan,3.2236107138052277,1.2495988812588621e-05,3.223721981048584,8.904236793518066,3.2236107138052277,0.0,257971.63891165785,99.99997311416284,6.190405842010691e-05,36,sleep,16.71799999999348,1
320000,nan,3.2236107138052277,1.2495988812588621e-05,3.223721981048584,8.904236793518066,3.2236107138052277,0.0,257971.63891165785,99.99997311416284,6.190405842010691e-05,36,sleep,16.781000000002678,1
320000,nan,3.2236107138052277,1.2495988812588621e-05,3.223721981048584,8.904236793518066,3.2236107138052277,0.0,257971.63891165785,99.99997311416284,6.190405842010691e-05,36,sleep,16.827999999994063,1
320000,nan,3.2236107138052277,1.2495988812588621e-05,3.223721981048584,8.904236793518066,3.2236107138052277,0.0,257971.63891165785,99.99997311416284,6.190405842010691e-05,36,sleep,16.875,1
320000,nan,3.22361012886096,1.256168161489768e-05,3.223721981048584,8.904236793518066,3.22361012886096,0.0,256622.49909581215,99.99997233217603,6.370456611825362e-05,37,sleep,16.921000000002095,1
320000,nan,3.22361012886096,1.256168161489768e-05,3.223721981048584,8.904236793518066,3.22361012886096,0.0,256622.49909581215,99.99997233217603,6.370456611825362e-05,37,sleep,16.96799999999348,1
320000,nan,3.22361012886096,1.256168161489768e-05,3.223721981048584,8.904236793518066,3.22361012886096,0.0,256622.49909581215,99.99997233217603,6.370456611825362e-05,37,sleep,17.031000000002678,1
320000,nan,3.22361012886096,1.256168161489768e-05,3.223721981048584,8.904236793518066,3.22361012886096,0.0,256622.49909581215,99.99997233217603,6.370456611825362e-05,37,sleep,17.077999999994063,1
320000,nan,3.22361012886096,1.256168161489768e-05,3.223721981048584,8.904236793518066,3.22361012886096,0.0,256622.49909581215,99.99997233217603,6.370456611825362e-05,37,sleep,17.125,1
320000,nan,3.22361012886096,1.256168161489768e-05,3.223721981048584,8.904236793518066,3.22361012886096,0.0,256622.49909581215,99.99997233217603,6.370456611825362e-05,37,sleep,17.171000000002095,1
320000,nan,3.22361012886096,1.256168161489768e-05,3.223721981048584,8.904236793518066,3.22361012886096,0.0,256622.49909581215,99.99997233217603,6.370456611825362e-05,37,sleep,17.21799999999348,1
320000,nan,3.22361012886096,1.256168161489768e-05,3.223721981048584,8.904236793518066,3.22361012886096,0.0,256622.49909581215,99.99997233217603,6.370456611825362e-05,37,sleep,17.281000000002678,1
320000,nan,3.22361012886096,1.256168161489768e-05,3.223721981048584,8.904236793518066,3.22361012886096,0.0,256622.49909581215,99.99997233217603,6.370456611825362e-05,37,sleep,17.327999999994063,1
320000,nan,3.22361012886096,1.256168161489768e-05,3.223721981048584,8.904236793518066,3.22361012886096,0.0,256622.49909581215,99.99997233217603,6.370456611825362e-05,37,sleep,17.375,1
320000,nan,3.2236103166456433,1.2540592251752969e-05,3.223721981048584,8.904236793518066,3.2236103166456433,0.0,257054.07303989455,99.99997157570903,6.54463150421082e-05,38,sleep,17.421000000002095,1
320000,nan,3.2236103166456433,1.2540592251752969e-05,3.223721981048584,8.904236793518066,3.2236103166456433,0.0,257054.07303989455,99.99997157570903,6.54463150421082e-05,38,sleep,17.46799999999348,1
3200,nan,3.2236103166456433,1.2540592251752969e-05,3.223721981048584,8.904236793518066,3.2236103166456433,0.0,257054.07303989455,99.99997157570903,6.54463150421082e-05,38,wake,17.514999999999418,1
3200,nan,3.2236103166456433,1.2540592251752969e-05,3.223721981048584,8.904236793518066,3.2236103166456433,0.0,257054.07303989455,99.99997157570903,6.54463150421082e-05,38,wake,17.577999999994063,1
3200,nan,3.2236103166456433,1.2540592251752969e-05,3.223721981048584,8.904236793518066,3.2236103166456433,0.0,257054.07303989455,99.99997157570903,6.54463150421082e-05,38,wake,17.625,1
3200,nan,3.2236103166456433,1.2540592251752969e-05,3.223721981048584,8.904236793518066,3.2236103166456433,0.0,257054.07303989455,99.99997157570903,6.54463150421082e-05,38,wake,17.671000000002095,1
3200,nan,3.2236103166456433,1.2540592251752969e-05,3.223721981048584,8.904236793518066,3.2236103166456433,0.0,257054.07303989455,99.99997157570903,6.54463150421082e-05,38,wake,17.71799999999348,1
3200,nan,3.2236103166456433,1.2540592251752969e-05,3.223721981048584,8.904236793518066,3.2236103166456433,0.0,257054.07303989455,99.99997157570903,6.54463150421082e-05,38,wake,17.781000000002678,1
3200,nan,3.2236103166456433,1.2540592251752969e-05,3.223721981048584,8.904236793518066,3.2236103166456433,0.0,257054.07303989455,99.99997157570903,6.54463150421082e-05,38,wake,17.827999999994063,1
3200,nan,3.2236103166456433,1.2540592251752969e-05,3.223721981048584,8.904236793518066,3.2236103166456433,0.0,257054.07303989455,99.99997157570903,6.54463150421082e-05,38,wake,17.875,1
3200,nan,3.223611545279654,1.240260917256819e-05,3.223721981048584,8.904236793518066,3.223611545279654,0.0,259913.98264887396,99.99997080512105,6.722057718762637e-05,39,wake,17.921000000002095,1
3200,nan,3.223611545279654,1.240260917256819e-05,3.223721981048584,8.904236793518066,3.223611545279654,0.0,259913.98264887396,99.99997080512105,6.722057718762637e-05,39,wake,17.96799999999348,1
3200,nan,3.223611545279654,1.240260917256819e-05,3.223721981048584,8.904236793518066,3.223611545279654,0.0,259913.98264887396,99.99997080512105,6.722057718762637e-05,39,wake,18.031000000002678,1
3200,nan,3.223611545279654,1.240260917256819e-05,3.223721981048584,8.904236793518066,3.223611545279654,0.0,259913.98264887396,99.99997080512105,6.722057718762637e-05,39,wake,18.077999999994063,1
320000,nan,3.223611545279654,1.240260917256819e-05,3.223721981048584,8.904236793518066,3.223611545279654,0.0,259913.98264887396,99.99997080512105,6.722057718762637e-05,39,sleep,18.125,1
320000,nan,3.223611545279654,1.240260917256819e-05,3.223721981048584,8.904236793518066,3.223611545279654,0.0,259913.98264887396,99.99997080512105,6.722057718762637e-05,39,sleep,18.187000000005355,1
320000,nan,3.223611545279654,1.240260917256819e-05,3.223721981048584,8.904236793518066,3.223611545279654,0.0,259913.98264887396,99.99997080512105,6.722057718762637e-05,39,sleep,18.23399999999674,1
320000,nan,3.223611545279654,1.240260917256819e-05,3.223721981048584,8.904236793518066,3.223611545279654,0.0,259913.98264887396,99.99997080512105,6.722057718762637e-05,39,sleep,18.281000000002678,1
320000,nan,3.223611545279654,1.240260917256819e-05,3.223721981048584,8.904236793518066,3.223611545279654,0.0,259913.98264887396,99.99997080512105,6.722057718762637e-05,39,sleep,18.327999999994063,1
320000,nan,3.223611545279654,1.240260917256819e-05,3.223721981048584,8.904236793518066,3.223611545279654,0.0,259913.98264887396,99.99997080512105,6.722057718762637e-05,39,sleep,18.389999999999418,1
320000,nan,3.2236112640237438,1.2434195923560765e-05,3.223721981048584,8.904236793518066,3.2236112640237438,0.0,259253.69713014804,99.99997003107046,6.900281193668134e-05,40,sleep,18.437000000005355,1
320000,nan,3.2236112640237438,1.2434195923560765e-05,3.223721981048584,8.904236793518066,3.2236112640237438,0.0,259253.69713014804,99.99997003107046,6.900281193668134e-05,40,sleep,18.48399999999674,1
320000,nan,3.2236112640237438,1.2434195923560765e-05,3.223721981048584,8.904236793518066,3.2236112640237438,0.0,259253.69713014804,99.99997003107046,6.900281193668134e-05,40,sleep,18.531000000002678,1
320000,nan,3.2236112640237438,1.2434195923560765e-05,3.223721981048584,8.904236793518066,3.2236112640237438,0.0,259253.69713014804,99.99997003107046,6.900281193668134e-05,40,sleep,18.577999999994063,1
320000,nan,3.2236112640237438,1.2434195923560765e-05,3.223721981048584,8.904236793518066,3.2236112640237438,0.0,259253.69713014804,99.99997003107046,6.900281193668134e-05,40,sleep,18.639999999999418,1
320000,nan,3.2236112640237438,1.2434195923560765e-05,3.223721981048584,8.904236793518066,3.2236112640237438,0.0,259253.69713014804,99.99997003107046,6.900281193668134e-05,40,sleep,18.687000000005355,1
320000,nan,3.2236112640237438,1.2434195923560765e-05,3.223721981048584,8.904236793518066,3.2236112640237438,0.0,259253.69713014804,99.99997003107046,6.900281193668134e-05,40,sleep,18.73399999999674,1
320000,nan,3.2236112640237438,1.2434195923560765e-05,3.223721981048584,8.904236793518066,3.2236112640237438,0.0,259253.69713014804,99.99997003107046,6.900281193668134e-05,40,sleep,18.781000000002678,1
320000,nan,3.2236112640237438,1.2434195923560765e-05,3.223721981048584,8.904236793518066,3.2236112640237438,0.0,259253.69713014804,99.99997003107046,6.900281193668134e-05,40,sleep,18.827999999994063,1
320000,nan,3.2236112640237438,1.2434195923560765e-05,3.223721981048584,8.904236793518066,3.2236112640237438,0.0,259253.69713014804,99.99997003107046,6.900281193668134e-05,40,sleep,18.889999999999418,1
320000,nan,3.2236105173148113,1.2518055882537737e-05,3.223721981048584,8.904236793518066,3.2236105173148113,0.0,257516.86584269354,99.99996925330964,7.079358937543124e-05,41,sleep,18.937000000005355,1
320000,nan,3.2236105173148113,1.2518055882537737e-05,3.223721981048584,8.904236793518066,3.2236105173148113,0.0,257516.86584269354,99.99996925330964,7.079358937543124e-05,41,sleep,18.98399999999674,1
320000,nan,3.2236105173148113,1.2518055882537737e-05,3.223721981048584,8.904236793518066,3.2236105173148113,0.0,257516.86584269354,99.99996925330964,7.079358937543124e-05,41,sleep,19.031000000002678,1
320000,nan,3.2236105173148113,1.2518055882537737e-05,3.223721981048584,8.904236793518066,3.2236105173148113,0.0,257516.86584269354,99.99996925330964,7.079358937543124e-05,41,sleep,19.077999999994063,1
320000,nan,3.2236105173148113,1.2518055882537737e-05,3.223721981048584,8.904236793518066,3.2236105173148113,0.0,257516.86584269354,99.99996925330964,7.079358937543124e-05,41,sleep,19.139999999999418,1
320000,nan,3.2236105173148113,1.2518055882537737e-05,3.223721981048584,8.904236793518066,3.2236105173148113,0.0,257516.86584269354,99.99996925330964,7.079358937543124e-05,41,sleep,19.187000000005355,1
320000,nan,3.2236105173148113,1.2518055882537737e-05,3.223721981048584,8.904236793518066,3.2236105173148113,0.0,257516.86584269354,99.99996925330964,7.079358937543124e-05,41,sleep,19.23399999999674,1
320000,nan,3.2236105173148113,1.2518055882537737e-05,3.223721981048584,8.904236793518066,3.2236105173148113,0.0,257516.86584269354,99.99996925330964,7.079358937543124e-05,41,sleep,19.281000000002678,1
320000,nan,3.2236105173148113,1.2518055882537737e-05,3.223721981048584,8.904236793518066,3.2236105173148113,0.0,257516.86584269354,99.99996925330964,7.079358937543124e-05,41,sleep,19.327999999994063,1
320000,nan,3.2236105173148113,1.2518055882537737e-05,3.223721981048584,8.904236793518066,3.2236105173148113,0.0,257516.86584269354,99.99996925330964,7.079358937543124e-05,41,sleep,19.389999999999418,1
320000,nan,3.2236105173148113,1.2518055882537737e-05,3.223721981048584,8.904236793518066,3.2236105173148113,0.0,257516.86584269354,99.99996925330964,7.079358937543124e-05,41,sleep,19.437000000005355,1
320000,nan,3.2236099135580627,1.2585861441039015e-05,3.223721981048584,8.904236793518066,3.2236099135580627,0.0,256129.4615120076,99.99996849411194,7.254162568668666e-05,42,sleep,19.48399999999674,1
320000,nan,3.2236099135580627,1.2585861441039015e-05,3.223721981048584,8.904236793518066,3.2236099135580627,0.0,256129.4615120076,99.99996849411194,7.254162568668666e-05,42,sleep,19.531000000002678,1
320000,nan,3.2236099135580627,1.2585861441039015e-05,3.223721981048584,8.904236793518066,3.2236099135580627,0.0,256129.4615120076,99.99996849411194,7.254162568668666e-05,42,sleep,19.577999999994063,1
100,nan,3.2236099135580627,1.2585861441039015e-05,3.223721981048584,8.904236793518066,3.2236099135580627,0.0,256129.4615120076,99.99996849411194,7.254162568668666e-05,42,tx,19.625,1
100,nan,3.2236099135580627,1.2585861441039015e-05,3.223721981048584,8.904236793518066,3.2236099135580627,0.0,256129.4615120076,99.99996849411194,7.254162568668666e-05,42,tx,19.687000000005355,1
100,nan,3.2236099135580627,1.2585861441039015e-05,3.223721981048584,8.904236793518066,3.2236099135580627,0.0,256129.4615120076,99.99996849411194,7.254162568668666e-05,42,tx,19.73399999999674,1
100,nan,3.2236099135580627,1.2585861441039015e-05,3.223721981048584,8.904236793518066,3.2236099135580627,0.0,256129.4615120076,99.99996849411194,7.254162568668666e-05,42,tx,19.781000000002678,1
100,nan,3.2236099135580627,1.2585861441039015e-05,3.223721981048584,8.904236793518066,3.2236099135580627,0.0,256129.4615120076,99.99996849411194,7.254162568668666e-05,42,tx,19.827999999994063,1
100,nan,3.2236099135580627,1.2585861441039015e-05,3.223721981048584,8.904236793518066,3.2236099135580627,0.0,256129.4615120076,99.99996849411194,7.254162568668666e-05,42,tx,19.889999999999418,1
100,nan,3.2236099135580627,1.2585861441039015e-05,3.223721981048584,8.904236793518066,3.2236099135580627,0.0,256129.4615120076,99.99996849411194,7.254162568668666e-05,42,tx,19.937000000005355,1
100,nan,3.2236110492148455,1.2458320270525292e-05,3.223721981048584,8.904236793518066,3.2236110492148455,0.0,258751.65987195523,99.99996771855956,7.432731825880656e-05,43,tx,19.98399999999674,1
320000,nan,3.2236110492148455,1.2458320270525292e-05,3.223721981048584,8.904236793518066,3.2236110492148455,0.0,258751.65987195523,99.99996771855956,7.432731825880656e-05,43,sleep,20.031000000002678,1
320000,nan,3.2236110492148455,1.2458320270525292e-05,3.223721981048584,8.904236793518066,3.2236110492148455,0.0,258751.65987195523,99.99996771855956,7.432731825880656e-05,43,sleep,20.09299999999348,1
320000,nan,3.2236110492148455,1.2458320270525292e-05,3.223721981048584,8.904236793518066,3.2236110492148455,0.0,258751.65987195523,99.99996771855956,7.432731825880656e-05,43,sleep,20.139999999999418,1
320000,nan,3.2236110492148455,1.2458320270525292e-05,3.223721981048584,8.904236793518066,3.2236110492148455,0.0,258751.65987195523,99.99996771855956,7.432731825880656e-05,43,sleep,20.187000000005355,1
320000,nan,3.2236110492148455,1.2458320270525292e-05,3.223721981048584,8.904236793518066,3.2236110492148455,0.0,258751.65987195523,99.99996771855956,7.432731825880656e-05,43,sleep,20.23399999999674,1
320000,nan,3.2236110492148455,1.2458320270525292e-05,3.223721981048584,8.904236793518066,3.2236110492148455,0.0,258751.65987195523,99.99996771855956,7.432731825880656e-05,43,sleep,20.296000000002095,1
320000,nan,3.2236110492148455,1.2458320270525292e-05,3.223721981048584,8.904236793518066,3.2236110492148455,0.0,258751.65987195523,99.99996771855956,7.432731825880656e-05,43,sleep,20.34299999999348,1
320000,nan,3.2236110492148455,1.2458320270525292e-05,3.223721981048584,8.904236793518066,3.2236110492148455,0.0,258751.65987195523,99.99996771855956,7.432731825880656e-05,43,sleep,20.389999999999418,1
320000,nan,3.2236110492148455,1.2458320270525292e-05,3.223721981048584,8.904236793518066,3.2236110492148455,0.0,258751.65987195523,99.99996771855956,7.432731825880656e-05,43,sleep,20.437000000005355,1
320000,nan,2.9621109698176213,0.02936934307217598,3.2236538539278827,8.905302494084133,2.9621109698176213,0.0,100.85724296039415,99.99813942522935,0.004283933158511906,44,sleep,20.48399999999674,1
320000,nan,2.9621109698176213,0.02936934307217598,3.2236538539278827,8.905302494084133,2.9621109698176213,0.0,100.85724296039415,99.99813942522935,0.004283933158511906,44,sleep,20.546000000002095,1
320000,nan,2.9621109698176213,0.02936934307217598,3.2236538539278827,8.905302494084133,2.9621109698176213,0.0,100.85724296039415,99.99813942522935,0.004283933158511906,44,sleep,20.59299999999348,1
320000,nan,2.9621109698176213,0.02936934307217598,3.2236538539278827,8.905302494084133,2.9621109698176213,0.0,100.85724296039415,99.99813942522935,0.004283933158511906,44,sleep,20.639999999999418,1
320000,nan,2.9621109698176213,0.02936934307217598,3.2236538539278827,8.905302494084133,2.9621109698176213,0.0,100.85724296039415,99.99813942522935,0.004283933158511906,44,sleep,20.687000000005355,1
320000,nan,2.9621109698176213,0.02936934307217598,3.2236538539278827,8.905302494084133,2.9621109698176213,0.0,100.85724296039415,99.99813942522935,0.004283933158511906,44,sleep,20.73399999999674,1
320000,nan,2.9621109698176213,0.02936934307217598,3.2236538539278827,8.905302494084133,2.9621109698176213,0.0,100.85724296039415,99.99813942522935,0.004283933158511906,44,sleep,20.796000000002095,1
320000,nan,2.9621109698176213,0.02936934307217598,3.2236538539278827,8.905302494084133,2.9621109698176213,0.0,100.85724296039415,99.99813942522935,0.004283933158511906,44,sleep,20.84299999999348,1
320000,nan,2.9621109698176213,0.02936934307217598,3.2236538539278827,8.905302494084133,2.9621109698176213,0.0,100.85724296039415,99.99813942522935,0.004283933158511906,44,sleep,20.889999999999418,1
320000,nan,2.9621109698176213,0.02936934307217598,3.2236538539278827,8.905302494084133,2.9621109698176213,0.0,100.85724296039415,99.99813942522935,0.004283933158511906,44,sleep,20.937000000005355,1
320000,nan,2.9621109698176213,0.02936934307217598,3.2236538539278827,8.905302494084133,2.9621109698176213,0.0,100.85724296039415,99.99813942522935,0.004283933158511906,44,sleep,20.98399999999674,1
320000,nan,3.2235727718859506,9.017629963636864e-06,3.2236530767181906,8.905314651838644,3.2235727718859506,0.0,357474.5010479299,99.99813886495393,0.004285223180576147,45,sleep,21.046000000002095,1
320000,nan,3.2235727718859506,9.017629963636864e-06,3.2236530767181906,8.905314651838644,3.2235727718859506,0.0,357474.5010479299,99.99813886495393,0.004285223180576147,45,sleep,21.09299999999348,1
320000,nan,3.2235727718859506,9.017629963636864e-06,3.2236530767181906,8.905314651838644,3.2235727718859506,0.0,357474.5010479299,99.99813886495393,0.004285223180576147,45,sleep,21.139999999999418,1
320000,nan,3.2235727718859506,9.017629963636864e-06,3.2236530767181906,8.905314651838644,3.2235727718859506,0.0,357474.5010479299,99.99813886495393,0.004285223180576147,45,sleep,21.187000000005355,1
320000,nan,3.2235727718859506,9.017629963636864e-06,3.2236530767181906,8.905314651838644,3.2235727718859506,0.0,357474.5010479299,99.99813886495393,0.004285223180576147,45,sleep,21.23399999999674,1
320000,nan,3.2235727718859506,9.017629963636864e-06,3.2236530767181906,8.905314651838644,3.2235727718859506,0.0,357474.5010479299,99.99813886495393,0.004285223180576147,45,sleep,21.296000000002095,1
320000,nan,3.2235727718859506,9.017629963636864e-06,3.2236530767181906,8.905314651838644,3.2235727718859506,0.0,357474.5010479299,99.99813886495393,0.004285223180576147,45,sleep,21.34299999999348,1
320000,nan,3.2235727718859506,9.017629963636864e-06,3.2236530767181906,8.905314651838644,3.2235727718859506,0.0,357474.5010479299,99.99813886495393,0.004285223180576147,45,sleep,21.389999999999418,1
320000,nan,3.2235727718859506,9.017629963636864e-06,3.2236530767181906,8.905314651838644,3.2235727718859506,0.0,357474.5010479299,99.99813886495393,0.004285223180576147,45,sleep,21.437000000005355,1
320000,nan,3.2235727718859506,9.017629963636864e-06,3.2236530767181906,8.905314651838644,3.2235727718859506,0.0,357474.5010479299,99.99813886495393,0.004285223180576147,45,sleep,21.48399999999674,1
320000,nan,3.2235171756885173,1.511406935605919e-05,3.2236517715403816,8.905335068505535,3.2235171756885173,0.0,213279.23669982483,99.99813792407649,0.004287389530517196,46,sleep,21.546000000002095,1
320000,nan,3.2235171756885173,1.511406935605919e-05,3.2236517715403816,8.905335068505535,3.2235171756885173,0.0,213279.23669982483,99.99813792407649,0.004287389530517196,46,sleep,21.59299999999348,1
320000,nan,3.2235171756885173,1.511406935605919e-05,3.2236517715403816,8.905335068505535,3.2235171756885173,0.0,213279.23669982483,99.99813792407649,0.004287389530517196,46,sleep,21.639999999999418,1
320000,nan,3.2235171756885173,1.511406935605919e-05,3.2236517715403816,8.905335068505535,3.2235171756885173,0.0,213279.23669982483,99.99813792407649,0.004287389530517196,46,sleep,21.687000000005355,1
320000,nan,3.2235171756885173,1.511406935605919e-05,3.2236517715403816,8.905335068505535,3.2235171756885173,0.0,213279.23669982483,99.99813792407649,0.004287389530517196,46,sleep,21.73399999999674,1
320000,nan,3.2235171756885173,1.511406935605919e-05,3.2236517715403816,8.905335068505535,3.2235171756885173,0.0,213279.23669982483,99.99813792407649,0.004287389530517196,46,sleep,21.796000000002095,1
320000,nan,3.2235171756885173,1.511406935605919e-05,3.2236517715403816,8.905335068505535,3.2235171756885173,0.0,213279.23669982483,99.99813792407649,0.004287389530517196,46,sleep,21.84299999999348,1
320000,nan,3.2235171756885173,1.511406935605919e-05,3.2236517715403816,8.905335068505535,3.2235171756885173,0.0,213279.23669982483,99.99813792407649,0.004287389530517196,46,sleep,21.889999999999418,1
320000,nan,3.2235171756885173,1.511406935605919e-05,3.2236517715403816,8.905335068505535,3.2235171756885173,0.0,213279.23669982483,99.99813792407649,0.004287389530517196,46,sleep,21.937000000005355,1
320000,nan,3.2235171756885173,1.511406935605919e-05,3.2236517715403816,8.905335068505535,3.2235171756885173,0.0,213279.23669982483,99.99813792407649,0.004287389530517196,46,sleep,21.98399999999674,1
320000,nan,3.2235391288443513,1.2527398212114349e-05,3.2236506897349617,8.905351990997438,3.2235391288443513,0.0,257319.1235932053,99.9981371442239,0.004289185124260944,47,sleep,22.046000000002095,1
320000,nan,3.2235391288443513,1.2527398212114349e-05,3.2236506897349617,8.905351990997438,3.2235391288443513,0.0,257319.1235932053,99.9981371442239,0.004289185124260944,47,sleep,22.09299999999348,1
320000,nan,3.2235391288443513,1.2527398212114349e-05,3.2236506897349617,8.905351990997438,3.2235391288443513,0.0,257319.1235932053,99.9981371442239,0.004289185124260944,47,sleep,22.139999999999418,1
320000,nan,3.2235391288443513,1.2527398212114349e-05,3.2236506897349617,8.905351990997438,3.2235391288443513,0.0,257319.1235932053,99.9981371442239,0.004289185124260944,47,sleep,22.187000000005355,1
320000,nan,3.2235391288443513,1.2527398212114349e-05,3.2236506897349617,8.905351990997438,3.2235391288443513,0.0,257319.1235932053,99.9981371442239,0.004289185124260944,47,sleep,22.23399999999674,1
320000,nan,3.2235391288443513,1.2527398212114349e-05,3.2236506897349617,8.905351990997438,3.2235391288443513,0.0,257319.1235932053,99.9981371442239,0.004289185124260944,47,sleep,22.296000000002095,1
320000,nan,3.2235391288443513,1.2527398212114349e-05,3.2236506897349617,8.905351990997438,3.2235391288443513,0.0,257319.1235932053,99.9981371442239,0.004289185124260944,47,sleep,22.34299999999348,1
320000,nan,3.2235391288443513,1.2527398212114349e-05,3.2236506897349617,8.905351990997438,3.2235391288443513,0.0,257319.1235932053,99.9981371442239,0.004289185124260944,47,sleep,22.389999999999418,1
320000,nan,3.2235391288443513,1.2527398212114349e-05,3.2236506897349617,8.905351990997438,3.2235391288443513,0.0,257319.1235932053,99.9981371442239,0.004289185124260944,47,sleep,22.437000000005355,1
320000,nan,3.2235391288443513,1.2527398212114349e-05,3.2236506897349617,8.905351990997438,3.2235391288443513,0.0,257319.1235932053,99.9981371442239,0.004289185124260944,47,sleep,22.48399999999674,1
320000,nan,3.2235384450380646,1.248683111043647e-05,3.2236496448684484,8.905368335660519,3.2235384450380646,0.0,258155.04482509076,99.99813639099983,0.004290919406359615,48,sleep,22.546000000002095,1
320000,nan,3.2235384450380646,1.248683111043647e-05,3.2236496448684484,8.905368335660519,3.2235384450380646,0.0,258155.04482509076,99.99813639099983,0.004290919406359615,48,sleep,22.59299999999348,1
320000,nan,3.2235384450380646,1.248683111043647e-05,3.2236496448684484,8.905368335660519,3.2235384450380646,0.0,258155.04482509076,99.99813639099983,0.004290919406359615,48,sleep,22.639999999999418,1
320000,nan,3.2235384450380646,1.248683111043647e-05,3.2236496448684484,8.905368335660519,3.2235384450380646,0.0,258155.04482509076,99.99813639099983,0.004290919406359615,48,sleep,22.687000000005355,1
320000,nan,3.2235384450380646,1.248683111043647e-05,3.2236496448684484,8.905368335660519,3.2235384450380646,0.0,258155.04482509076,99.99813639099983,0.004290919406359615,48,sleep,22.73399999999674,1
320000,nan,3.2235384450380646,1.248683111043647e-05,3.2236496448684484,8.905368335660519,3.2235384450380646,0.0,258155.04482509076,99.99813639099983,0.004290919406359615,48,sleep,22.796000000002095,1
320000,nan,3.2235384450380646,1.248683111043647e-05,3.2236496448684484,8.905368335660519,3.2235384450380646,0.0,258155.04482509076,99.99813639099983,0.004290919406359615,48,sleep,22.84299999999348,1
320000,nan,3.2235384450380646,1.248683111043647e-05,3.2236496448684484,8.905368335660519,3.2235384450380646,0.0,258155.04482509076,99.99813639099983,0.004290919406359615,48,sleep,22.889999999999418,1
320000,nan,3.2235384450380646,1.248683111043647e-05,3.2236496448684484,8.905368335660519,3.2235384450380646,0.0,258155.04482509076,99.99813639099983,0.004290919406359615,48,sleep,22.937000000005355,1
320000,nan,3.2235384450380646,1.248683111043647e-05,3.2236496448684484,8.905368335660519,3.2235384450380646,0.0,258155.04482509076,99.99813639099983,0.004290919406359615,48,sleep,22.98399999999674,1
320000,nan,3.223537597659254,1.2461357982829213e-05,3.2236485708514127,8.905385136320097,3.223537597659254,0.0,258682.68948705585,99.99813561676173,0.004292702072848823,49,sleep,23.046000000002095,1
320000,nan,3.223537597659254,1.2461357982829213e-05,3.2236485708514127,8.905385136320097,3.223537597659254,0.0,258682.68948705585,99.99813561676173,0.004292702072848823,49,sleep,23.09299999999348,1
320000,nan,3.223537597659254,1.2461357982829213e-05,3.2236485708514127,8.905385136320097,3.223537597659254,0.0,258682.68948705585,99.99813561676173,0.004292702072848823,49,sleep,23.139999999999418,1
320000,nan,3.223537597659254,1.2461357982829213e-05,3.2236485708514127,8.905385136320097,3.223537597659254,0.0,258682.68948705585,99.99813561676173,0.004292702072848823,49,sleep,23.187000000005355,1
320000,nan,3.223537597659254,1.2461357982829213e-05,3.2236485708514127,8.905385136320097,3.223537597659254,0.0,258682.68948705585,99.99813561676173,0.004292702072848823,49,sleep,23.23399999999674,1
320000,nan,3.223537597659254,1.2461357982829213e-05,3.2236485708514127,8.905385136320097,3.223537597659254,0.0,258682.68948705585,99.99813561676173,0.004292702072848823,49,sleep,23.296000000002095,1
320000,nan,3.223537597659254,1.2461357982829213e-05,3.2236485708514127,8.905385136320097,3.223537597659254,0.0,258682.68948705585,99.99813561676173,0.004292702072848823,49,sleep,23.34299999999348,1
320000,nan,3.223537597659254,1.2461357982829213e-05,3.2236485708514127,8.905385136320097,3.223537597659254,0.0,258682.68948705585,99.99813561676173,0.004292702072848823,49,sleep,23.389999999999418,1
320000,nan,3.223537597659254,1.2461357982829213e-05,3.2236485708514127,8.905385136320097,3.223537597659254,0.0,258682.68948705585,99.99813561676173,0.004292702072848823,49,sleep,23.437000000005355,1
320000,nan,3.223537597659254,1.2461357982829213e-05,3.2236485708514127,8.905385136320097,3.223537597659254,0.0,258682.68948705585,99.99813561676173,0.004292702072848823,49,sleep,23.48399999999674,1
320000,nan,3.2235360581063355,1.2516604328993708e-05,3.2236475234935518,8.905401519954895,3.2235360581063355,0.0,257540.7812995473,99.9981348617417,0.004294440490116739,50,sleep,23.546000000002095,1
320000,nan,3.2235360581063355,1.2516604328993708e-05,3.2236475234935518,8.905401519954895,3.2235360581063355,0.0,257540.7812995473,99.9981348617417,0.004294440490116739,50,sleep,23.59299999999348,1
320000,nan,3.2235360581063355,1.2516604328993708e-05,3.2236475234935518,8.905401519954895,3.2235360581063355,0.0,257540.7812995473,99.9981348617417,0.004294440490116739,50,sleep,23.639999999999418,1
320000,nan,3.2235360581063355,1.2516604328993708e-05,3.2236475234935518,8.905401519954895,3.2235360581063355,0.0,257540.7812995473,99.9981348617417,0.004294440490116739,50,sleep,23.687000000005355,1
320000,nan,3.2235360581063355,1.2516604328993708e-05,3.2236475234935518,8.905401519954895,3.2235360581063355,0.0,257540.7812995473,99.9981348617417,0.004294440490116739,50,sleep,23.73399999999674,1
320000,nan,3.2235360581063355,1.2516604328993708e-05,3.2236475234935518,8.905401519954895,3.2235360581063355,0.0,257540.7812995473,99.9981348617417,0.004294440490116739,50,sleep,23.796000000002095,1
320000,nan,3.2235360581063355,1.2516604328993708e-05,3.2236475234935518,8.905401519954895,3.2235360581063355,0.0,257540.7812995473,99.9981348617417,0.004294440490116739,50,sleep,23.84299999999348,1
320000,nan,3.2235360581063355,1.2516604328993708e-05,3.2236475234935518,8.905401519954895,3.2235360581063355,0.0,257540.7812995473,99.9981348617417,0.004294440490116739,50,sleep,23.889999999999418,1
320000,nan,3.2235360581063355,1.2516604328993708e-05,3.2236475234935518,8.905401519954895,3.2235360581063355,0.0,257540.7812995473,99.9981348617417,0.004294440490116739,50,sleep,23.937000000005355,1
320000,nan,3.2235360581063355,1.2516604328993708e-05,3.2236475234935518,8.905401519954895,3.2235360581063355,0.0,257540.7812995473,99.9981348617417,0.004294440490116739,50,sleep,23.98399999999674,1
320000,nan,3.223535327750669,1.2477598829718772e-05,3.223646445988565,8.905418375175874,3.223535327750669,0.0,258345.80609154934,99.9981340849892,0.00429622894594901,51,sleep,24.046000000002095,1
320000,nan,3.223535327750669,1.2477598829718772e-05,3.223646445988565,8.905418375175874,3.223535327750669,0.0,258345.80609154934,99.9981340849892,0.00429622894594901,51,sleep,24.09299999999348,1
320000,nan,3.223535327750669,1.2477598829718772e-05,3.223646445988565,8.905418375175874,3.223535327750669,0.0,258345.80609154934,99.9981340849892,0.00429622894594901,51,sleep,24.139999999999418,1
320000,nan,3.223535327750669,1.2477598829718772e-05,3.223646445988565,8.905418375175874,3.223535327750669,0.0,258345.80609154934,99.9981340849892,0.00429622894594901,51,sleep,24.187000000005355,1
320000,nan,3.223535327750669,1.2477598829718772e-05,3.223646445988565,8.905418375175874,3.223535327750669,0.0,258345.80609154934,99.9981340849892,0.00429622894594901,51,sleep,24.23399999999674,1
320000,nan,3.223535327750669,1.2477598829718772e-05,3.223646445988565,8.905418375175874,3.223535327750669,0.0,258345.80609154934,99.9981340849892,0.00429622894594901,51,sleep,24.296000000002095,1
320000,nan,3.223535327750669,1.2477598829718772e-05,3.223646445988565,8.905418375175874,3.223535327750669,0.0,258345.80609154934,99.9981340849892,0.00429622894594901,51,sleep,24.34299999999348,1
320000,nan,3.223535327750669,1.2477598829718772e-05,3.223646445988565,8.905418375175874,3.223535327750669,0.0,258345.80609154934,99.9981340849892,0.00429622894594901,51,sleep,24.389999999999418,1
320000,nan,3.223535327750669,1.2477598829718772e-05,3.223646445988565,8.905418375175874,3.223535327750669,0.0,258345.80609154934,99.9981340849892,0.00429622894594901,51,sleep,24.437000000005355,1
320000,nan,3.223535327750669,1.2477598829718772e-05,3.223646445988565,8.905418375175874,3.223535327750669,0.0,258345.80609154934,99.9981340849892,0.00429622894594901,51,sleep,24.48399999999674,1
320000,nan,3.223535327750669,1.2477598829718772e-05,3.223646445988565,8.905418375175874,3.223535327750669,0.0,258345.80609154934,99.9981340849892,0.00429622894594901,51,sleep,24.546000000002095,1
320000,nan,3.2235341275998617,1.2491447705542669e-05,3.2236453693781626,8.905435216403037,3.2235341275998617,0.0,258059.29013092088,99.99813330888159,0.004298015916940218,52,sleep,24.59299999999348,1
320000,nan,3.2235341275998617,1.2491447705542669e-05,3.2236453693781626,8.905435216403037,3.2235341275998617,0.0,258059.29013092088,99.99813330888159,0.004298015916940218,52,sleep,24.639999999999418,1
320000,nan,3.2235341275998617,1.2491447705542669e-05,3.2236453693781626,8.905435216403037,3.2235341275998617,0.0,258059.29013092088,99.99813330888159,0.004298015916940218,52,sleep,24.687000000005355,1
320000,nan,3.2235341275998617,1.2491447705542669e-05,3.2236453693781626,8.905435216403037,3.2235341275998617,0.0,258059.29013092088,99.99813330888159,0.004298015916940218,52,sleep,24.73399999999674,1
320000,nan,3.2235341275998617,1.2491447705542669e-05,3.2236453693781626,8.905435216403037,3.2235341275998617,0.0,258059.29013092088,99.99813330888159,0.004298015916940218,52,sleep,24.796000000002095,1
320000,nan,3.2235341275998617,1.2491447705542669e-05,3.2236453693781626,8.905435216403037,3.2235341275998617,0.0,258059.29013092088,99.99813330888159,0.004298015916940218,52,sleep,24.84299999999348,1
320000,nan,3.2235341275998617,1.2491447705542669e-05,3.2236453693781626,8.905435216403037,3.2235341275998617,0.0,258059.29013092088,99.99813330888159,0.004298015916940218,52,sleep,24.889999999999418,1
320000,nan,3.2235341275998617,1.2491447705542669e-05,3.2236453693781626,8.905435216403037,3.2235341275998617,0.0,258059.29013092088,99.99813330888159,0.004298015916940218,52,sleep,24.937000000005355,1
320000,nan,3.2235341275998617,1.2491447705542669e-05,3.2236453693781626,8.905435216403037,3.2235341275998617,0.0,258059.29013092088,99.99813330888159,0.004298015916940218,52,sleep,24.98399999999674,1
320000,nan,3.2235341275998617,1.2491447705542669e-05,3.2236453693781626,8.905435216403037,3.2235341275998617,0.0,258059.29013092088,99.99813330888159,0.004298015916940218,52,sleep,25.031000000002678,2
320000,nan,3.2235328715359817,1.2511149179772474e-05,3.22364428897593,8.90545211694512,3.2235328715359817,0.0,257652.82031387338,99.99813253004052,0.004299809181655997,53,sleep,25.09299999999348,2
320000,nan,3.2235328715359817,1.2511149179772474e-05,3.22364428897593,8.90545211694512,3.2235328715359817,0.0,257652.82031387338,99.99813253004052,0.004299809181655997,53,sleep,25.139999999999418,2
320000,nan,3.2235328715359817,1.2511149179772474e-05,3.22364428897593,8.90545211694512,3.2235328715359817,0.0,257652.82031387338,99.99813253004052,0.004299809181655997,53,sleep,25.187000000005355,2
320000,nan,3.2235328715359817,1.2511149179772474e-05,3.22364428897593,8.90545211694512,3.2235328715359817,0.0,257652.82031387338,99.99813253004052,0.004299809181655997,53,sleep,25.23399999999674,2
320000,nan,3.2235328715359817,1.2511149179772474e-05,3.22364428897593,8.90545211694512,3.2235328715359817,0.0,257652.82031387338,99.99813253004052,0.004299809181655997,53,sleep,25.296000000002095,2
320000,nan,3.2235328715359817,1.2511149179772474e-05,3.22364428897593,8.90545211694512,3.2235328715359817,0.0,257652.82031387338,99.99813253004052,0.004299809181655997,53,sleep,25.34299999999348,2
320000,nan,3.2235328715359817,1.2511149179772474e-05,3.22364428897593,8.90545211694512,3.2235328715359817,0.0,257652.82031387338,99.99813253004052,0.004299809181655997,53,sleep,25.389999999999418,2
320000,nan,3.2235328715359817,1.2511149179772474e-05,3.22364428897593,8.90545211694512,3.2235328715359817,0.0,257652.82031387338,99.99813253004052,0.004299809181655997,53,sleep,25.437000000005355,2
320000,nan,3.2235328715359817,1.2511149179772474e-05,3.22364428897593,8.90545211694512,3.2235328715359817,0.0,257652.82031387338,99.99813253004052,0.004299809181655997,53,sleep,25.48399999999674,2
320000,nan,3.2235328715359817,1.2511149179772474e-05,3.22364428897593,8.90545211694512,3.2235328715359817,0.0,257652.82031387338,99.99813253004052,0.004299809181655997,53,sleep,25.546000000002095,2
320000,nan,3.223531874460899,1.2501858691393863e-05,3.2236432093759797,8.905469004937256,3.223531874460899,0.0,257844.20973178506,99.99813175177779,0.004301601114735057,54,sleep,25.59299999999348,2
320000,nan,3.223531874460899,1.2501858691393863e-05,3.2236432093759797,8.905469004937256,3.223531874460899,0.0,257844.20973178506,99.99813175177779,0.004301601114735057,54,sleep,25.639999999999418,2
320000,nan,3.223531874460899,1.2501858691393863e-05,3.2236432093759797,8.905469004937256,3.223531874460899,0.0,257844.20973178506,99.99813175177779,0.004301601114735057,54,sleep,25.687000000005355,2
320000,nan,3.223531874460899,1.2501858691393863e-05,3.2236432093759797,8.905469004937256,3.223531874460899,0.0,257844.20973178506,99.99813175177779,0.004301601114735057,54,sleep,25.73399999999674,2
320000,nan,3.223531874460899,1.2501858691393863e-05,3.2236432093759797,8.905469004937256,3.223531874460899,0.0,257844.20973178506,99.99813175177779,0.004301601114735057,54,sleep,25.796000000002095,2
320000,nan,3.223531874460899,1.2501858691393863e-05,3.2236432093759797,8.905469004937256,3.223531874460899,0.0,257844.20973178506,99.99813175177779,0.004301601114735057,54,sleep,25.84299999999348,2
320000,nan,3.223531874460899,1.2501858691393863e-05,3.2236432093759797,8.905469004937256,3.223531874460899,0.0,257844.20973178506,99.99813175177779,0.004301601114735057,54,sleep,25.889999999999418,2
320000,nan,3.223531874460899,1.2501858691393863e-05,3.2236432093759797,8.905469004937256,3.223531874460899,0.0,257844.20973178506,99.99813175177779,0.004301601114735057,54,sleep,25.937000000005355,2
320000,nan,3.223531874460899,1.2501858691393863e-05,3.2236432093759797,8.905469004937256,3.223531874460899,0.0,257844.20973178506,99.99813175177779,0.004301601114735057,54,sleep,25.98399999999674,2
320000,nan,3.223531874460899,1.2501858691393863e-05,3.2236432093759797,8.905469004937256,3.223531874460899,0.0,257844.20973178506,99.99813175177779,0.004301601114735057,54,sleep,26.046000000002095,2
320000,nan,3.2235307079917295,1.2515223716036417e-05,3.2236421621336446,8.905485386764896,3.2235307079917295,0.0,257568.764341084,99.99813099684106,0.004303339340251173,55,sleep,26.09299999999348,2
320000,nan,3.2235307079917295,1.2515223716036417e-05,3.2236421621336446,8.905485386764896,3.2235307079917295,0.0,257568.764341084,99.99813099684106,0.004303339340251173,55,sleep,26.139999999999418,2
320000,nan,3.2235307079917295,1.2515223716036417e-05,3.2236421621336446,8.905485386764896,3.2235307079917295,0.0,257568.764341084,99.99813099684106,0.004303339340251173,55,sleep,26.187000000005355,2
320000,nan,3.2235307079917295,1.2515223716036417e-05,3.2236421621336446,8.905485386764896,3.2235307079917295,0.0,257568.764341084,99.99813099684106,0.004303339340251173,55,sleep,26.23399999999674,2
320000,nan,3.2235307079917295,1.2515223716036417e-05,3.2236421621336446,8.905485386764896,3.2235307079917295,0.0,257568.764341084,99.99813099684106,0.004303339340251173,55,sleep,26.296000000002095,2
320000,nan,3.2235307079917295,1.2515223716036417e-05,3.2236421621336446,8.905485386764896,3.2235307079917295,0.0,257568.764341084,99.99813099684106,0.004303339340251173,55,sleep,26.34299999999348,2
320000,nan,3.2235307079917295,1.2515223716036417e-05,3.2236421621336446,8.905485386764896,3.2235307079917295,0.0,257568.764341084,99.99813099684106,0.004303339340251173,55,sleep,26.389999999999418,2
320000,nan,3.2235307079917295,1.2515223716036417e-05,3.2236421621336446,8.905485386764896,3.2235307079917295,0.0,257568.764341084,99.99813099684106,0.004303339340251173,55,sleep,26.437000000005355,2
320000,nan,3.2235307079917295,1.2515223716036417e-05,3.2236421621336446,8.905485386764896,3.2235307079917295,0.0,257568.764341084,99.99813099684106,0.004303339340251173,55,sleep,26.48399999999674,2
320000,nan,3.2235307079917295,1.2515223716036417e-05,3.2236421621336446,8.905485386764896,3.2235307079917295,0.0,257568.764341084,99.99813099684106,0.004303339340251173,55,sleep,26.546000000002095,2
320000,nan,3.2235307079917295,1.2515223716036417e-05,3.2236421621336446,8.905485386764896,3.2235307079917295,0.0,257568.764341084,99.99813099684106,0.004303339340251173,55,sleep,26.59299999999348,2
320000,nan,3.2235298470704254,1.2490984772739466e-05,3.223641085563141,8.905502227367924,3.2235298470704254,0.0,258068.51146800778,99.9981302207622,0.0043051262450172715,56,sleep,26.639999999999418,2
320000,nan,3.2235298470704254,1.2490984772739466e-05,3.223641085563141,8.905502227367924,3.2235298470704254,0.0,258068.51146800778,99.9981302207622,0.0043051262450172715,56,sleep,26.687000000005355,2
320000,nan,3.2235298470704254,1.2490984772739466e-05,3.223641085563141,8.905502227367924,3.2235298470704254,0.0,258068.51146800778,99.9981302207622,0.0043051262450172715,56,sleep,26.73399999999674,2
320000,nan,3.2235298470704254,1.2490984772739466e-05,3.223641085563141,8.905502227367924,3.2235298470704254,0.0,258068.51146800778,99.9981302207622,0.0043051262450172715,56,sleep,26.796000000002095,2
320000,nan,3.2235298470704254,1.2490984772739466e-05,3.223641085563141,8.905502227367924,3.2235298470704254,0.0,258068.51146800778,99.9981302207622,0.0043051262450172715,56,sleep,26.84299999999348,2
320000,nan,3.2235298470704254,1.2490984772739466e-05,3.223641085563141,8.905502227367924,3.2235298470704254,0.0,258068.51146800778,99.9981302207622,0.0043051262450172715,56,sleep,26.889999999999418,2
320000,nan,3.2235298470704254,1.2490984772739466e-05,3.223641085563141,8.905502227367924,3.2235298470704254,0.0,258068.51146800778,99.9981302207622,0.0043051262450172715,56,sleep,26.937000000005355,2
320000,nan,3.2235298470704254,1.2490984772739466e-05,3.223641085563141,8.905502227367924,3.2235298470704254,0.0,258068.51146800778,99.9981302207622,0.0043051262450172715,56,sleep,26.98399999999674,2
320000,nan,3.2235298470704254,1.2490984772739466e-05,3.223641085563141,8.905502227367924,3.2235298470704254,0.0,258068.51146800778,99.9981302207622,0.0043051262450172715,56,sleep,27.046000000002095,2
320000,nan,3.2235298470704254,1.2490984772739466e-05,3.223641085563141,8.905502227367924,3.2235298470704254,0.0,258068.51146800778,99.9981302207622,0.0043051262450172715,56,sleep,27.09299999999348,2
320000,nan,3.2235294379131982,1.242020425706869e-05,3.223640046271795,8.90551848481965,3.2235294379131982,0.0,259539.16467022646,99.99812947155718,0.004306851273386309,57,sleep,27.139999999999418,2
320000,nan,3.2235294379131982,1.242020425706869e-05,3.223640046271795,8.90551848481965,3.2235294379131982,0.0,259539.16467022646,99.99812947155718,0.004306851273386309,57,sleep,27.187000000005355,2
320000,nan,3.2235294379131982,1.242020425706869e-05,3.223640046271795,8.90551848481965,3.2235294379131982,0.0,259539.16467022646,99.99812947155718,0.004306851273386309,57,sleep,27.23399999999674,2
320000,nan,3.2235294379131982,1.242020425706869e-05,3.223640046271795,8.90551848481965,3.2235294379131982,0.0,259539.16467022646,99.99812947155718,0.004306851273386309,57,sleep,27.296000000002095,2
320000,nan,3.2235294379131982,1.242020425706869e-05,3.223640046271795,8.90551848481965,3.2235294379131982,0.0,259539.16467022646,99.99812947155718,0.004306851273386309,57,sleep,27.34299999999348,2
320000,nan,3.2235294379131982,1.242020425706869e-05,3.223640046271795,8.90551848481965,3.2235294379131982,0.0,259539.16467022646,99.99812947155718,0.004306851273386309,57,sleep,27.389999999999418,2
320000,nan,3.2235294379131982,1.242020425706869e-05,3.223640046271795,8.90551848481965,3.2235294379131982,0.0,259539.16467022646,99.99812947155718,0.004306851273386309,57,sleep,27.437000000005355,2
320000,nan,3.2235294379131982,1.242020425706869e-05,3.223640046271795,8.90551848481965,3.2235294379131982,0.0,259539.16467022646,99.99812947155718,0.004306851273386309,57,sleep,27.48399999999674,2
320000,nan,3.2235294379131982,1.242020425706869e-05,3.223640046271795,8.90551848481965,3.2235294379131982,0.0,259539.16467022646,99.99812947155718,0.004306851273386309,57,sleep,27.546000000002095,2
320000,nan,3.2235294379131982,1.242020425706869e-05,3.223640046271795,8.90551848481965,3.2235294379131982,0.0,259539.16467022646,99.99812947155718,0.004306851273386309,57,sleep,27.59299999999348,2
320000,nan,3.2235276103673187,1.250414516107412e-05,3.223638966474396,8.905535375900437,3.2235276103673187,0.0,257796.72011504494,99.99812869315213,0.00430864353419274,58,sleep,27.639999999999418,2
320000,nan,3.2235276103673187,1.250414516107412e-05,3.223638966474396,8.905535375900437,3.2235276103673187,0.0,257796.72011504494,99.99812869315213,0.00430864353419274,58,sleep,27.687000000005355,2
320000,nan,3.2235276103673187,1.250414516107412e-05,3.223638966474396,8.905535375900437,3.2235276103673187,0.0,257796.72011504494,99.99812869315213,0.00430864353419274,58,sleep,27.73399999999674,2
320000,nan,3.2235276103673187,1.250414516107412e-05,3.223638966474396,8.905535375900437,3.2235276103673187,0.0,257796.72011504494,99.99812869315213,0.00430864353419274,58,sleep,27.796000000002095,2
320000,nan,3.2235276103673187,1.250414516107412e-05,3.223638966474396,8.905535375900437,3.2235276103673187,0.0,257796.72011504494,99.99812869315213,0.00430864353419274,58,sleep,27.84299999999348,2
320000,nan,3.2235276103673187,1.250414516107412e-05,3.223638966474396,8.905535375900437,3.2235276103673187,0.0,257796.72011504494,99.99812869315213,0.00430864353419274,58,sleep,27.889999999999418,2
320000,nan,3.2235276103673187,1.250414516107412e-05,3.223638966474396,8.905535375900437,3.2235276103673187,0.0,257796.72011504494,99.99812869315213,0.00430864353419274,58,sleep,27.937000000005355,2
320000,nan,3.2235276103673187,1.250414516107412e-05,3.223638966474396,8.905535375900437,3.2235276103673187,0.0,257796.72011504494,99.99812869315213,0.00430864353419274,58,sleep,27.98399999999674,2
320000,nan,3.2235276103673187,1.250414516107412e-05,3.223638966474396,8.905535375900437,3.2235276103673187,0.0,257796.72011504494,99.99812869315213,0.00430864353419274,58,sleep,28.046000000002095,2
320000,nan,3.2235276103673187,1.250414516107412e-05,3.223638966474396,8.905535375900437,3.2235276103673187,0.0,257796.72011504494,99.99812869315213,0.00430864353419274,58,sleep,28.09299999999348,2
320000,nan,3.223526969164424,1.2459056051739026e-05,3.223637923932029,8.905551684207298,3.223526969164424,0.0,258729.63054167226,99.9981279416035,0.004310373958644371,59,sleep,28.139999999999418,2
320000,nan,3.223526969164424,1.2459056051739026e-05,3.223637923932029,8.905551684207298,3.223526969164424,0.0,258729.63054167226,99.9981279416035,0.004310373958644371,59,sleep,28.187000000005355,2
320000,nan,3.223526969164424,1.2459056051739026e-05,3.223637923932029,8.905551684207298,3.223526969164424,0.0,258729.63054167226,99.9981279416035,0.004310373958644371,59,sleep,28.23399999999674,2
320000,nan,3.223526969164424,1.2459056051739026e-05,3.223637923932029,8.905551684207298,3.223526969164424,0.0,258729.63054167226,99.9981279416035,0.004310373958644371,59,sleep,28.296000000002095,2
320000,nan,3.223526969164424,1.2459056051739026e-05,3.223637923932029,8.905551684207298,3.223526969164424,0.0,258729.63054167226,99.9981279416035,0.004310373958644371,59,sleep,28.34299999999348,2
320000,nan,3.223526969164424,1.2459056051739026e-05,3.223637923932029,8.905551684207298,3.223526969164424,0.0,258729.63054167226,99.9981279416035,0.004310373958644371,59,sleep,28.389999999999418,2
320000,nan,3.223526969164424,1.2459056051739026e-05,3.223637923932029,8.905551684207298,3.223526969164424,0.0,258729.63054167226,99.9981279416035,0.004310373958644371,59,sleep,28.437000000005355,2
320000,nan,3.223526969164424,1.2459056051739026e-05,3.223637923932029,8.905551684207298,3.223526969164424,0.0,258729.63054167226,99.9981279416035,0.004310373958644371,59,sleep,28.48399999999674,2
320000,nan,3.223526969164424,1.2459056051739026e-05,3.223637923932029,8.905551684207298,3.223526969164424,0.0,258729.63054167226,99.9981279416035,0.004310373958644371,59,sleep,28.546000000002095,2
320000,nan,3.223526969164424,1.2459056051739026e-05,3.223637923932029,8.905551684207298,3.223526969164424,0.0,258729.63054167226,99.9981279416035,0.004310373958644371,59,sleep,28.59299999999348,2
320000,nan,3.223525815106907,1.2471438822103664e-05,3.223636880353504,8.905568008722613,3.223525815106907,0.0,258472.64787072636,99.99812718930792,0.004312106102925218,60,sleep,28.639999999999418,2
320000,nan,3.223525815106907,1.2471438822103664e-05,3.223636880353504,8.905568008722613,3.223525815106907,0.0,258472.64787072636,99.99812718930792,0.004312106102925218,60,sleep,28.687000000005355,2
320000,nan,3.223525815106907,1.2471438822103664e-05,3.223636880353504,8.905568008722613,3.223525815106907,0.0,258472.64787072636,99.99812718930792,0.004312106102925218,60,sleep,28.73399999999674,2
320000,nan,3.223525815106907,1.2471438822103664e-05,3.223636880353504,8.905568008722613,3.223525815106907,0.0,258472.64787072636,99.99812718930792,0.004312106102925218,60,sleep,28.796000000002095,2
320000,nan,3.223525815106907,1.2471438822103664e-05,3.223636880353504,8.905568008722613,3.223525815106907,0.0,258472.64787072636,99.99812718930792,0.004312106102925218,60,sleep,28.84299999999348,2
320000,nan,3.223525815106907,1.2471438822103664e-05,3.223636880353504,8.905568008722613,3.223525815106907,0.0,258472.64787072636,99.99812718930792,0.004312106102925218,60,sleep,28.889999999999418,2
320000,nan,3.223525815106907,1.2471438822103664e-05,3.223636880353504,8.905568008722613,3.223525815106907,0.0,258472.64787072636,99.99812718930792,0.004312106102925218,60,sleep,28.937000000005355,2
320000,nan,3.223525815106907,1.2471438822103664e-05,3.223636880353504,8.905568008722613,3.223525815106907,0.0,258472.64787072636,99.99812718930792,0.004312106102925218,60,sleep,28.98399999999674,2
320000,nan,3.223525815106907,1.2471438822103664e-05,3.223636880353504,8.905568008722613,3.223525815106907,0.0,258472.64787072636,99.99812718930792,0.004312106102925218,60,sleep,29.046000000002095,2
320000,nan,3.223525815106907,1.2471438822103664e-05,3.223636880353504,8.905568008722613,3.223525815106907,0.0,258472.64787072636,99.99812718930792,0.004312106102925218,60,sleep,29.09299999999348,2
320000,nan,3.223524733904609,1.2475601579353679e-05,3.2236358364266495,8.905584338686776,3.223524733904609,0.0,258386.31615483263,99.99812643676125,0.004313838825366795,61,sleep,29.139999999999418,2
320000,nan,3.223524733904609,1.2475601579353679e-05,3.2236358364266495,8.905584338686776,3.223524733904609,0.0,258386.31615483263,99.99812643676125,0.004313838825366795,61,sleep,29.187000000005355,2
320000,nan,3.223524733904609,1.2475601579353679e-05,3.2236358364266495,8.905584338686776,3.223524733904609,0.0,258386.31615483263,99.99812643676125,0.004313838825366795,61,sleep,29.23399999999674,2
320000,nan,3.223524733904609,1.2475601579353679e-05,3.2236358364266495,8.905584338686776,3.223524733904609,0.0,258386.31615483263,99.99812643676125,0.004313838825366795,61,sleep,29.296000000002095,2
320000,nan,3.223524733904609,1.2475601579353679e-05,3.2236358364266495,8.905584338686776,3.223524733904609,0.0,258386.31615483263,99.99812643676125,0.004313838825366795,61,sleep,29.34299999999348,2
320000,nan,3.223524733904609,1.2475601579353679e-05,3.2236358364266495,8.905584338686776,3.223524733904609,0.0,258386.31615483263,99.99812643676125,0.004313838825366795,61,sleep,29.389999999999418,2
320000,nan,3.223524733904609,1.2475601579353679e-05,3.2236358364266495,8.905584338686776,3.223524733904609,0.0,258386.31615483263,99.99812643676125,0.004313838825366795,61,sleep,29.437000000005355,2
320000,nan,3.223524733904609,1.2475601579353679e-05,3.2236358364266495,8.905584338686776,3.223524733904609,0.0,258386.31615483263,99.99812643676125,0.004313838825366795,61,sleep,29.48399999999674,2
320000,nan,3.223524733904609,1.2475601579353679e-05,3.2236358364266495,8.905584338686776,3.223524733904609,0.0,258386.31615483263,99.99812643676125,0.004313838825366795,61,sleep,29.546000000002095,2
320000,nan,3.223524733904609,1.2475601579353679e-05,3.2236358364266495,8.905584338686776,3.223524733904609,0.0,258386.31615483263,99.99812643676125,0.004313838825366795,61,sleep,29.59299999999348,2
320000,nan,3.223523921284904,1.2446139407984447e-05,3.2236347616383463,8.905601151411156,3.223523921284904,0.0,258997.89610398782,99.99812566196715,0.004315622772015284,62,sleep,29.639999999999418,2
320000,nan,3.223523921284904,1.2446139407984447e-05,3.2236347616383463,8.905601151411156,3.223523921284904,0.0,258997.89610398782,99.99812566196715,0.004315622772015284,62,sleep,29.687000000005355,2
320000,nan,3.223523921284904,1.2446139407984447e-05,3.2236347616383463,8.905601151411156,3.223523921284904,0.0,258997.89610398782,99.99812566196715,0.004315622772015284,62,sleep,29.73399999999674,2
320000,nan,3.223523921284904,1.2446139407984447e-05,3.2236347616383463,8.905601151411156,3.223523921284904,0.0,258997.89610398782,99.99812566196715,0.004315622772015284,62,sleep,29.796000000002095,2
320000,nan,3.223523921284904,1.2446139407984447e-05,3.2236347616383463,8.905601151411156,3.223523921284904,0.0,258997.89610398782,99.99812566196715,0.004315622772015284,62,sleep,29.84299999999348,2
320000,nan,3.223523921284904,1.2446139407984447e-05,3.2236347616383463,8.905601151411156,3.223523921284904,0.0,258997.89610398782,99.99812566196715,0.004315622772015284,62,sleep,29.889999999999418,2
320000,nan,3.223523921284904,1.2446139407984447e-05,3.2236347616383463,8.905601151411156,3.223523921284904,0.0,258997.89610398782,99.99812566196715,0.004315622772015284,62,sleep,29.937000000005355,2
320000,nan,3.223523921284904,1.2446139407984447e-05,3.2236347616383463,8.905601151411156,3.223523921284904,0.0,258997.89610398782,99.99812566196715,0.004315622772015284,62,sleep,29.98399999999674,2
3200,nan,3.223523921284904,1.2446139407984447e-05,3.2236347616383463,8.905601151411156,3.223523921284904,0.0,258997.89610398782,99.99812566196715,0.004315622772015284,62,wake,30.031000000002678,2
3200,nan,3.223523921284904,1.2446139407984447e-05,3.2236347616383463,8.905601151411156,3.223523921284904,0.0,258997.89610398782,99.99812566196715,0.004315622772015284,62,wake,30.09299999999348,2
3200,nan,3.223522149395731,1.2523873920144979e-05,3.2236336822331992,8.90561803635601,3.223522149395731,0.0,257390.17894539892,99.99812488384485,0.004317414381756636,63,wake,30.139999999999418,2
3200,nan,3.223522149395731,1.2523873920144979e-05,3.2236336822331992,8.90561803635601,3.223522149395731,0.0,257390.17894539892,99.99812488384485,0.004317414381756636,63,wake,30.187000000005355,2
3200,nan,3.223522149395731,1.2523873920144979e-05,3.2236336822331992,8.90561803635601,3.223522149395731,0.0,257390.17894539892,99.99812488384485,0.004317414381756636,63,wake,30.23399999999674,2
3200,nan,3.223522149395731,1.2523873920144979e-05,3.2236336822331992,8.90561803635601,3.223522149395731,0.0,257390.17894539892,99.99812488384485,0.004317414381756636,63,wake,30.296000000002095,2
3200,nan,3.223522149395731,1.2523873920144979e-05,3.2236336822331992,8.90561803635601,3.223522149395731,0.0,257390.17894539892,99.99812488384485,0.004317414381756636,63,wake,30.34299999999348,2
3200,nan,3.223522149395731,1.2523873920144979e-05,3.2236336822331992,8.90561803635601,3.223522149395731,0.0,257390.17894539892,99.99812488384485,0.004317414381756636,63,wake,30.389999999999418,2
3200,nan,3.223522149395731,1.2523873920144979e-05,3.2236336822331992,8.90561803635601,3.223522149395731,0.0,257390.17894539892,99.99812488384485,0.004317414381756636,63,wake,30.437000000005355,2
3200,nan,3.223522149395731,1.2523873920144979e-05,3.2236336822331992,8.90561803635601,3.223522149395731,0.0,257390.17894539892,99.99812488384485,0.004317414381756636,63,wake,30.48399999999674,2
3200,nan,3.223522149395731,1.2523873920144979e-05,3.2236336822331992,8.90561803635601,3.223522149395731,0.0,257390.17894539892,99.99812488384485,0.004317414381756636,63,wake,30.546000000002095,2
3200,nan,3.223522149395731,1.2523873920144979e-05,3.2236336822331992,8.90561803635601,3.223522149395731,0.0,257390.17894539892,99.99812488384485,0.004317414381756636,63,wake,30.59299999999348,2
320000,nan,3.223522149395731,1.2523873920144979e-05,3.2236336822331992,8.90561803635601,3.223522149395731,0.0,257390.17894539892,99.99812488384485,0.004317414381756636,63,sleep,30.639999999999418,2
320000,nan,3.223520903567416,1.2545861864055041e-05,3.2236326324271416,8.905634458287517,3.223520903567416,0.0,256938.97625344314,99.99812412705997,0.0043191568625710886,64,sleep,30.702999999994063,2
320000,nan,3.223520903567416,1.2545861864055041e-05,3.2236326324271416,8.905634458287517,3.223520903567416,0.0,256938.97625344314,99.99812412705997,0.0043191568625710886,64,sleep,30.75,2
320000,nan,3.223520903567416,1.2545861864055041e-05,3.2236326324271416,8.905634458287517,3.223520903567416,0.0,256938.97625344314,99.99812412705997,0.0043191568625710886,64,sleep,30.796000000002095,2
320000,nan,3.223520903567416,1.2545861864055041e-05,3.2236326324271416,8.905634458287517,3.223520903567416,0.0,256938.97625344314,99.99812412705997,0.0043191568625710886,64,sleep,30.84299999999348,2
320000,nan,3.223520903567416,1.2545861864055041e-05,3.2236326324271416,8.905634458287517,3.223520903567416,0.0,256938.97625344314,99.99812412705997,0.0043191568625710886,64,sleep,30.906000000002678,2
320000,nan,3.223520903567416,1.2545861864055041e-05,3.2236326324271416,8.905634458287517,3.223520903567416,0.0,256938.97625344314,99.99812412705997,0.0043191568625710886,64,sleep,30.952999999994063,2
320000,nan,3.223520903567416,1.2545861864055041e-05,3.2236326324271416,8.905634458287517,3.223520903567416,0.0,256938.97625344314,99.99812412705997,0.0043191568625710886,64,sleep,31.0,2
320000,nan,3.223520903567416,1.2545861864055041e-05,3.2236326324271416,8.905634458287517,3.223520903567416,0.0,256938.97625344314,99.99812412705997,0.0043191568625710886,64,sleep,31.046000000002095,2
320000,nan,3.223520903567416,1.2545861864055041e-05,3.2236326324271416,8.905634458287517,3.223520903567416,0.0,256938.97625344314,99.99812412705997,0.0043191568625710886,64,sleep,31.09299999999348,2
320000,nan,3.2235200675089892,1.2518331459432375e-05,3.2236315514046825,8.905651368531702,3.2235200675089892,0.0,257503.97151212316,99.9981233477718,0.004320951156746952,65,sleep,31.156000000002678,2
320000,nan,3.2235200675089892,1.2518331459432375e-05,3.2236315514046825,8.905651368531702,3.2235200675089892,0.0,257503.97151212316,99.9981233477718,0.004320951156746952,65,sleep,31.202999999994063,2
320000,nan,3.2235200675089892,1.2518331459432375e-05,3.2236315514046825,8.905651368531702,3.2235200675089892,0.0,257503.97151212316,99.9981233477718,0.004320951156746952,65,sleep,31.25,2
320000,nan,3.2235200675089892,1.2518331459432375e-05,3.2236315514046825,8.905651368531702,3.2235200675089892,0.0,257503.97151212316,99.9981233477718,0.004320951156746952,65,sleep,31.296000000002095,2
320000,nan,3.2235200675089892,1.2518331459432375e-05,3.2236315514046825,8.905651368531702,3.2235200675089892,0.0,257503.97151212316,99.9981233477718,0.004320951156746952,65,sleep,31.34299999999348,2
320000,nan,3.2235200675089892,1.2518331459432375e-05,3.2236315514046825,8.905651368531702,3.2235200675089892,0.0,257503.97151212316,99.9981233477718,0.004320951156746952,65,sleep,31.406000000002678,2
320000,nan,3.2235200675089892,1.2518331459432375e-05,3.2236315514046825,8.905651368531702,3.2235200675089892,0.0,257503.97151212316,99.9981233477718,0.004320951156746952,65,sleep,31.452999999994063,2
320000,nan,3.2235200675089892,1.2518331459432375e-05,3.2236315514046825,8.905651368531702,3.2235200675089892,0.0,257503.97151212316,99.9981233477718,0.004320951156746952,65,sleep,31.5,2
320000,nan,3.2235200675089892,1.2518331459432375e-05,3.2236315514046825,8.905651368531702,3.2235200675089892,0.0,257503.97151212316,99.9981233477718,0.004320951156746952,65,sleep,31.546000000002095,2
320000,nan,3.2235200675089892,1.2518331459432375e-05,3.2236315514046825,8.905651368531702,3.2235200675089892,0.0,257503.97151212316,99.9981233477718,0.004320951156746952,65,sleep,31.59299999999348,2
320000,nan,3.2235200675089892,1.2518331459432375e-05,3.2236315514046825,8.905651368531702,3.2235200675089892,0.0,257503.97151212316,99.9981233477718,0.004320951156746952,65,sleep,31.656000000002678,2
320000,nan,3.223519038090695,1.2516296919784509e-05,3.223630504072545,8.905667751764115,3.223519038090695,0.0,257545.74685706594,99.99812259277033,0.004322689531319144,66,sleep,31.702999999994063,2
320000,nan,3.223519038090695,1.2516296919784509e-05,3.223630504072545,8.905667751764115,3.223519038090695,0.0,257545.74685706594,99.99812259277033,0.004322689531319144,66,sleep,31.75,2
320000,nan,3.223519038090695,1.2516296919784509e-05,3.223630504072545,8.905667751764115,3.223519038090695,0.0,257545.74685706594,99.99812259277033,0.004322689531319144,66,sleep,31.796000000002095,2
320000,nan,3.223519038090695,1.2516296919784509e-05,3.223630504072545,8.905667751764115,3.223519038090695,0.0,257545.74685706594,99.99812259277033,0.004322689531319144,66,sleep,31.84299999999348,2
320000,nan,3.223519038090695,1.2516296919784509e-05,3.223630504072545,8.905667751764115,3.223519038090695,0.0,257545.74685706594,99.99812259277033,0.004322689531319144,66,sleep,31.906000000002678,2
320000,nan,3.223519038090695,1.2516296919784509e-05,3.223630504072545,8.905667751764115,3.223519038090695,0.0,257545.74685706594,99.99812259277033,0.004322689531319144,66,sleep,31.952999999994063,2
320000,nan,3.223519038090695,1.2516296919784509e-05,3.223630504072545,8.905667751764115,3.223519038090695,0.0,257545.74685706594,99.99812259277033,0.004322689531319144,66,sleep,32.0,2
320000,nan,3.223519038090695,1.2516296919784509e-05,3.223630504072545,8.905667751764115,3.223519038090695,0.0,257545.74685706594,99.99812259277033,0.004322689531319144,66,sleep,32.046000000002095,2
320000,nan,3.223519038090695,1.2516296919784509e-05,3.223630504072545,8.905667751764115,3.223519038090695,0.0,257545.74685706594,99.99812259277033,0.004322689531319144,66,sleep,32.09299999999348,2
100,nan,3.223519038090695,1.2516296919784509e-05,3.223630504072545,8.905667751764115,3.223519038090695,0.0,257545.74685706594,99.99812259277033,0.004322689531319144,66,tx,32.13999999999942,2
100,nan,3.223519039564782,1.239960238308413e-05,3.2236294665051113,8.905683982248975,3.223519039564782,0.0,259969.54902057128,99.99812184480803,0.004324411698316795,67,tx,32.20299999999406,2
100,nan,3.223519039564782,1.239960238308413e-05,3.2236294665051113,8.905683982248975,3.223519039564782,0.0,259969.54902057128,99.99812184480803,0.004324411698316795,67,tx,32.25,2
100,nan,3.223519039564782,1.239960238308413e-05,3.2236294665051113,8.905683982248975,3.223519039564782,0.0,259969.54902057128,99.99812184480803,0.004324411698316795,67,tx,32.296000000002095,2
100,nan,3.223519039564782,1.239960238308413e-05,3.2236294665051113,8.905683982248975,3.223519039564782,0.0,259969.54902057128,99.99812184480803,0.004324411698316795,67,tx,32.34299999999348,2
100,nan,3.223519039564782,1.239960238308413e-05,3.2236294665051113,8.905683982248975,3.223519039564782,0.0,259969.54902057128,99.99812184480803,0.004324411698316795,67,tx,32.40600000000268,2
100,nan,3.223519039564782,1.239960238308413e-05,3.2236294665051113,8.905683982248975,3.223519039564782,0.0,259969.54902057128,99.99812184480803,0.004324411698316795,67,tx,32.45299999999406,2
100,nan,3.223519039564782,1.239960238308413e-05,3.2236294665051113,8.905683982248975,3.223519039564782,0.0,259969.54902057128,99.99812184480803,0.004324411698316795,67,tx,32.5,2
320000,nan,3.223519039564782,1.239960238308413e-05,3.2236294665051113,8.905683982248975,3.223519039564782,0.0,259969.54902057128,99.99812184480803,0.004324411698316795,67,sleep,32.546000000002095,2
320000,nan,3.223519039564782,1.239960238308413e-05,3.2236294665051113,8.905683982248975,3.223519039564782,0.0,259969.54902057128,99.99812184480803,0.004324411698316795,67,sleep,32.60899999999674,2
320000,nan,3.223519039564782,1.239960238308413e-05,3.2236294665051113,8.905683982248975,3.223519039564782,0.0,259969.54902057128,99.99812184480803,0.004324411698316795,67,sleep,32.65600000000268,2
320000,nan,3.223516966622535,1.2511262866610195e-05,3.2236283881868832,8.905700850191346,3.223516966622535,0.0,257649.20783699554,99.99812106746927,0.004326201503976878,68,sleep,32.70299999999406,2
320000,nan,3.223516966622535,1.2511262866610195e-05,3.2236283881868832,8.905700850191346,3.223516966622535,0.0,257649.20783699554,99.99812106746927,0.004326201503976878,68,sleep,32.75,2
320000,nan,3.223516966622535,1.2511262866610195e-05,3.2236283881868832,8.905700850191346,3.223516966622535,0.0,257649.20783699554,99.99812106746927,0.004326201503976878,68,sleep,32.812000000005355,2
320000,nan,3.223516966622535,1.2511262866610195e-05,3.2236283881868832,8.905700850191346,3.223516966622535,0.0,257649.20783699554,99.99812106746927,0.004326201503976878,68,sleep,32.85899999999674,2
320000,nan,3.223516966622535,1.2511262866610195e-05,3.2236283881868832,8.905700850191346,3.223516966622535,0.0,257649.20783699554,99.99812106746927,0.004326201503976878,68,sleep,32.90600000000268,2
320000,nan,3.223516966622535,1.2511262866610195e-05,3.2236283881868832,8.905700850191346,3.223516966622535,0.0,257649.20783699554,99.99812106746927,0.004326201503976878,68,sleep,32.95299999999406,2
320000,nan,3.223516966622535,1.2511262866610195e-05,3.2236283881868832,8.905700850191346,3.223516966622535,0.0,257649.20783699554,99.99812106746927,0.004326201503976878,68,sleep,33.0,2
320000,nan,3.223516966622535,1.2511262866610195e-05,3.2236283881868832,8.905700850191346,3.223516966622535,0.0,257649.20783699554,99.99812106746927,0.004326201503976878,68,sleep,33.062000000005355,2
320000,nan,3.223516966622535,1.2511262866610195e-05,3.2236283881868832,8.905700850191346,3.223516966622535,0.0,257649.20783699554,99.99812106746927,0.004326201503976878,68,sleep,33.10899999999674,2
320000,nan,3.223516966622535,1.2511262866610195e-05,3.2236283881868832,8.905700850191346,3.223516966622535,0.0,257649.20783699554,99.99812106746927,0.004326201503976878,68,sleep,33.15600000000268,2
320000,nan,3.11209379420603,0.012385040521621704,3.2225920392532643,8.921912274273735,3.11209379420603,0.0,251.27845070615325,99.9973739835696,0.006046346020868781,69,sleep,33.20299999999406,2
320000,nan,3.11209379420603,0.012385040521621704,3.2225920392532643,8.921912274273735,3.11209379420603,0.0,251.27845070615325,99.9973739835696,0.006046346020868781,69,sleep,33.25,2
320000,nan,3.11209379420603,0.012385040521621704,3.2225920392532643,8.921912274273735,3.11209379420603,0.0,251.27845070615325,99.9973739835696,0.006046346020868781,69,sleep,33.312000000005355,2
320000,nan,3.11209379420603,0.012385040521621704,3.2225920392532643,8.921912274273735,3.11209379420603,0.0,251.27845070615325,99.9973739835696,0.006046346020868781,69,sleep,33.35899999999674,2
320000,nan,3.11209379420603,0.012385040521621704,3.2225920392532643,8.921912274273735,3.11209379420603,0.0,251.27845070615325,99.9973739835696,0.006046346020868781,69,sleep,33.40600000000268,2
320000,nan,3.11209379420603,0.012385040521621704,3.2225920392532643,8.921912274273735,3.11209379420603,0.0,251.27845070615325,99.9973739835696,0.006046346020868781,69,sleep,33.45299999999406,2
320000,nan,3.11209379420603,0.012385040521621704,3.2225920392532643,8.921912274273735,3.11209379420603,0.0,251.27845070615325,99.9973739835696,0.006046346020868781,69,sleep,33.5,2
320000,nan,3.11209379420603,0.012385040521621704,3.2225920392532643,8.921912274273735,3.11209379420603,0.0,251.27845070615325,99.9973739835696,0.006046346020868781,69,sleep,33.562000000005355,2
320000,nan,3.11209379420603,0.012385040521621704,3.2225920392532643,8.921912274273735,3.11209379420603,0.0,251.27845070615325,99.9973739835696,0.006046346020868781,69,sleep,33.60899999999674,2
320000,nan,3.11209379420603,0.012385040521621704,3.2225920392532643,8.921912274273735,3.11209379420603,0.0,251.27845070615325,99.9973739835696,0.006046346020868781,69,sleep,33.65600000000268,2
320000,nan,3.222494143689002,1.0870516234717797e-05,3.2225911296359007,8.92192650325816,3.222494143689002,0.0,296443.52431001724,99.99737332784404,0.0060478558147902695,70,sleep,33.70299999999406,2
320000,nan,3.222494143689002,1.0870516234717797e-05,3.2225911296359007,8.92192650325816,3.222494143689002,0.0,296443.52431001724,99.99737332784404,0.0060478558147902695,70,sleep,33.75,2
320000,nan,3.222494143689002,1.0870516234717797e-05,3.2225911296359007,8.92192650325816,3.222494143689002,0.0,296443.52431001724,99.99737332784404,0.0060478558147902695,70,sleep,33.812000000005355,2
320000,nan,3.222494143689002,1.0870516234717797e-05,3.2225911296359007,8.92192650325816,3.222494143689002,0.0,296443.52431001724,99.99737332784404,0.0060478558147902695,70,sleep,33.85899999999674,2
320000,nan,3.222494143689002,1.0870516234717797e-05,3.2225911296359007,8.92192650325816,3.222494143689002,0.0,296443.52431001724,99.99737332784404,0.0060478558147902695,70,sleep,33.90600000000268,2
320000,nan,3.222494143689002,1.0870516234717797e-05,3.2225911296359007,8.92192650325816,3.222494143689002,0.0,296443.52431001724,99.99737332784404,0.0060478558147902695,70,sleep,33.95299999999406,2
320000,nan,3.222494143689002,1.0870516234717797e-05,3.2225911296359007,8.92192650325816,3.222494143689002,0.0,296443.52431001724,99.99737332784404,0.0060478558147902695,70,sleep,34.0,2
320000,nan,3.222494143689002,1.0870516234717797e-05,3.2225911296359007,8.92192650325816,3.222494143689002,0.0,296443.52431001724,99.99737332784404,0.0060478558147902695,70,sleep,34.062000000005355,2
320000,nan,3.222494143689002,1.0870516234717797e-05,3.2225911296359007,8.92192650325816,3.222494143689002,0.0,296443.52431001724,99.99737332784404,0.0060478558147902695,70,sleep,34.10899999999674,2
320000,nan,3.222494143689002,1.0870516234717797e-05,3.2225911296359007,8.92192650325816,3.222494143689002,0.0,296443.52431001724,99.99737332784404,0.0060478558147902695,70,sleep,34.15600000000268,2
320000,nan,3.222482418064229,1.2071525816281792e-05,3.2225901195210866,8.921942304306528,3.222482418064229,0.0,266949.05574553134,99.9973725996718,0.006049532415598086,71,sleep,34.20299999999406,2
320000,nan,3.222482418064229,1.2071525816281792e-05,3.2225901195210866,8.921942304306528,3.222482418064229,0.0,266949.05574553134,99.9973725996718,0.006049532415598086,71,sleep,34.25,2
320000,nan,3.222482418064229,1.2071525816281792e-05,3.2225901195210866,8.921942304306528,3.222482418064229,0.0,266949.05574553134,99.9973725996718,0.006049532415598086,71,sleep,34.312000000005355,2
320000,nan,3.222482418064229,1.2071525816281792e-05,3.2225901195210866,8.921942304306528,3.222482418064229,0.0,266949.05574553134,99.9973725996718,0.006049532415598086,71,sleep,34.35899999999674,2
320000,nan,3.222482418064229,1.2071525816281792e-05,3.2225901195210866,8.921942304306528,3.222482418064229,0.0,266949.05574553134,99.9973725996718,0.006049532415598086,71,sleep,34.40600000000268,2
320000,nan,3.222482418064229,1.2071525816281792e-05,3.2225901195210866,8.921942304306528,3.222482418064229,0.0,266949.05574553134,99.9973725996718,0.006049532415598086,71,sleep,34.45299999999406,2
320000,nan,3.222482418064229,1.2071525816281792e-05,3.2225901195210866,8.921942304306528,3.222482418064229,0.0,266949.05574553134,99.9973725996718,0.006049532415598086,71,sleep,34.5,2
320000,nan,3.222482418064229,1.2071525816281792e-05,3.2225901195210866,8.921942304306528,3.222482418064229,0.0,266949.05574553134,99.9973725996718,0.006049532415598086,71,sleep,34.562000000005355,2
320000,nan,3.222482418064229,1.2071525816281792e-05,3.2225901195210866,8.921942304306528,3.222482418064229,0.0,266949.05574553134,99.9973725996718,0.006049532415598086,71,sleep,34.60899999999674,2
320000,nan,3.222482418064229,1.2071525816281792e-05,3.2225901195210866,8.921942304306528,3.222482418064229,0.0,266949.05574553134,99.9973725996718,0.006049532415598086,71,sleep,34.65600000000268,2
320000,nan,3.222477531069226,1.2501998753577936e-05,3.2225890733853833,8.921958668823327,3.222477531069226,0.0,257756.9870695266,99.99737184553283,0.006051268804313861,72,sleep,34.70299999999406,2
320000,nan,3.222477531069226,1.2501998753577936e-05,3.2225890733853833,8.921958668823327,3.222477531069226,0.0,257756.9870695266,99.99737184553283,0.006051268804313861,72,sleep,34.75,2
320000,nan,3.222477531069226,1.2501998753577936e-05,3.2225890733853833,8.921958668823327,3.222477531069226,0.0,257756.9870695266,99.99737184553283,0.006051268804313861,72,sleep,34.812000000005355,2
320000,nan,3.222477531069226,1.2501998753577936e-05,3.2225890733853833,8.921958668823327,3.222477531069226,0.0,257756.9870695266,99.99737184553283,0.006051268804313861,72,sleep,34.85899999999674,2
320000,nan,3.222477531069226,1.2501998753577936e-05,3.2225890733853833,8.921958668823327,3.222477531069226,0.0,257756.9870695266,99.99737184553283,0.006051268804313861,72,sleep,34.90600000000268,2
320000,nan,3.222477531069226,1.2501998753577936e-05,3.2225890733853833,8.921958668823327,3.222477531069226,0.0,257756.9870695266,99.99737184553283,0.006051268804313861,72,sleep,34.95299999999406,2
320000,nan,3.222477531069226,1.2501998753577936e-05,3.2225890733853833,8.921958668823327,3.222477531069226,0.0,257756.9870695266,99.99737184553283,0.006051268804313861,72,sleep,35.0,2
320000,nan,3.222477531069226,1.2501998753577936e-05,3.2225890733853833,8.921958668823327,3.222477531069226,0.0,257756.9870695266,99.99737184553283,0.006051268804313861,72,sleep,35.062000000005355,2
320000,nan,3.222477531069226,1.2501998753577936e-05,3.2225890733853833,8.921958668823327,3.222477531069226,0.0,257756.9870695266,99.99737184553283,0.006051268804313861,72,sleep,35.10899999999674,2
320000,nan,3.222477531069226,1.2501998753577936e-05,3.2225890733853833,8.921958668823327,3.222477531069226,0.0,257756.9870695266,99.99737184553283,0.006051268804313861,72,sleep,35.15600000000268,2
320000,nan,3.222476232745742,1.2526254067779519e-05,3.222587991678766,8.921975589769676,3.222476232745742,0.0,257257.773577714,99.99737106575144,0.006053064234063587,73,sleep,35.20299999999406,2
320000,nan,3.222476232745742,1.2526254067779519e-05,3.222587991678766,8.921975589769676,3.222476232745742,0.0,257257.773577714,99.99737106575144,0.006053064234063587,73,sleep,35.25,2
320000,nan,3.222476232745742,1.2526254067779519e-05,3.222587991678766,8.921975589769676,3.222476232745742,0.0,257257.773577714,99.99737106575144,0.006053064234063587,73,sleep,35.312000000005355,2
320000,nan,3.222476232745742,1.2526254067779519e-05,3.222587991678766,8.921975589769676,3.222476232745742,0.0,257257.773577714,99.99737106575144,0.006053064234063587,73,sleep,35.35899999999674,2
320000,nan,3.222476232745742,1.2526254067779519e-05,3.222587991678766,8.921975589769676,3.222476232745742,0.0,257257.773577714,99.99737106575144,0.006053064234063587,73,sleep,35.40600000000268,2
320000,nan,3.222476232745742,1.2526254067779519e-05,3.222587991678766,8.921975589769676,3.222476232745742,0.0,257257.773577714,99.99737106575144,0.006053064234063587,73,sleep,35.45299999999406,2
320000,nan,3.222476232745742,1.2526254067779519e-05,3.222587991678766,8.921975589769676,3.222476232745742,0.0,257257.773577714,99.99737106575144,0.006053064234063587,73,sleep,35.5,2
320000,nan,3.222476232745742,1.2526254067779519e-05,3.222587991678766,8.921975589769676,3.222476232745742,0.0,257257.773577714,99.99737106575144,0.006053064234063587,73,sleep,35.562000000005355,2
320000,nan,3.222476232745742,1.2526254067779519e-05,3.222587991678766,8.921975589769676,3.222476232745742,0.0,257257.773577714,99.99737106575144,0.006053064234063587,73,sleep,35.60899999999674,2
320000,nan,3.222476232745742,1.2526254067779519e-05,3.222587991678766,8.921975589769676,3.222476232745742,0.0,257257.773577714,99.99737106575144,0.006053064234063587,73,sleep,35.65600000000268,2
320000,nan,3.222475993174527,1.2436444194463547e-05,3.222586951028503,8.9219918684787,3.222475993174527,0.0,259115.54322007153,99.9973703155668,0.006054791517979484,74,sleep,35.70299999999406,2
320000,nan,3.222475993174527,1.2436444194463547e-05,3.222586951028503,8.9219918684787,3.222475993174527,0.0,259115.54322007153,99.9973703155668,0.006054791517979484,74,sleep,35.75,2
320000,nan,3.222475993174527,1.2436444194463547e-05,3.222586951028503,8.9219918684787,3.222475993174527,0.0,259115.54322007153,99.9973703155668,0.006054791517979484,74,sleep,35.812000000005355,2
320000,nan,3.222475993174527,1.2436444194463547e-05,3.222586951028503,8.9219918684787,3.222475993174527,0.0,259115.54322007153,99.9973703155668,0.006054791517979484,74,sleep,35.85899999999674,2
320000,nan,3.222475993174527,1.2436444194463547e-05,3.222586951028503,8.9219918684787,3.222475993174527,0.0,259115.54322007153,99.9973703155668,0.006054791517979484,74,sleep,35.90600000000268,2
320000,nan,3.222475993174527,1.2436444194463547e-05,3.222586951028503,8.9219918684787,3.222475993174527,0.0,259115.54322007153,99.9973703155668,0.006054791517979484,74,sleep,35.95299999999406,2
320000,nan,3.222475993174527,1.2436444194463547e-05,3.222586951028503,8.9219918684787,3.222475993174527,0.0,259115.54322007153,99.9973703155668,0.006054791517979484,74,sleep,36.0,2
320000,nan,3.222475993174527,1.2436444194463547e-05,3.222586951028503,8.9219918684787,3.222475993174527,0.0,259115.54322007153,99.9973703155668,0.006054791517979484,74,sleep,36.062000000005355,2
320000,nan,3.222475993174527,1.2436444194463547e-05,3.222586951028503,8.9219918684787,3.222475993174527,0.0,259115.54322007153,99.9973703155668,0.006054791517979484,74,sleep,36.10899999999674,2
320000,nan,3.222475993174527,1.2436444194463547e-05,3.222586951028503,8.9219918684787,3.222475993174527,0.0,259115.54322007153,99.9973703155668,0.006054791517979484,74,sleep,36.15600000000268,2
320000,nan,3.222475993174527,1.2436444194463547e-05,3.222586951028503,8.9219918684787,3.222475993174527,0.0,259115.54322007153,99.9973703155668,0.006054791517979484,74,sleep,36.20299999999406,2
320000,nan,3.2224746749868047,1.2467239685065579e-05,3.2225859078013506,8.922008187497546,3.2224746749868047,0.0,258475.39282067266,99.99736956352452,0.006056523079046854,75,sleep,36.25,2
320000,nan,3.2224746749868047,1.2467239685065579e-05,3.2225859078013506,8.922008187497546,3.2224746749868047,0.0,258475.39282067266,99.99736956352452,0.006056523079046854,75,sleep,36.312000000005355,2
320000,nan,3.2224746749868047,1.2467239685065579e-05,3.2225859078013506,8.922008187497546,3.2224746749868047,0.0,258475.39282067266,99.99736956352452,0.006056523079046854,75,sleep,36.35899999999674,2
320000,nan,3.2224746749868047,1.2467239685065579e-05,3.2225859078013506,8.922008187497546,3.2224746749868047,0.0,258475.39282067266,99.99736956352452,0.006056523079046854,75,sleep,36.40600000000268,2
320000,nan,3.2224746749868047,1.2467239685065579e-05,3.2225859078013506,8.922008187497546,3.2224746749868047,0.0,258475.39282067266,99.99736956352452,0.006056523079046854,75,sleep,36.45299999999406,2
320000,nan,3.2224746749868047,1.2467239685065579e-05,3.2225859078013506,8.922008187497546,3.2224746749868047,0.0,258475.39282067266,99.99736956352452,0.006056523079046854,75,sleep,36.5,2
320000,nan,3.2224746749868047,1.2467239685065579e-05,3.2225859078013506,8.922008187497546,3.2224746749868047,0.0,258475.39282067266,99.99736956352452,0.006056523079046854,75,sleep,36.562000000005355,2
320000,nan,3.2224746749868047,1.2467239685065579e-05,3.2225859078013506,8.922008187497546,3.2224746749868047,0.0,258475.39282067266,99.99736956352452,0.006056523079046854,75,sleep,36.60899999999674,2
320000,nan,3.2224746749868047,1.2467239685065579e-05,3.2225859078013506,8.922008187497546,3.2224746749868047,0.0,258475.39282067266,99.99736956352452,0.006056523079046854,75,sleep,36.65600000000268,2
320000,nan,3.2224746749868047,1.2467239685065579e-05,3.2225859078013506,8.922008187497546,3.2224746749868047,0.0,258475.39282067266,99.99736956352452,0.006056523079046854,75,sleep,36.70299999999406,2
320000,nan,3.22247396807621,1.2426176908775233e-05,3.222584834736912,8.922024973255816,3.22247396807621,0.0,259329.47774150336,99.99736878997312,0.00605830416440374,76,sleep,36.75,2
320000,nan,3.22247396807621,1.2426176908775233e-05,3.222584834736912,8.922024973255816,3.22247396807621,0.0,259329.47774150336,99.99736878997312,0.00605830416440374,76,sleep,36.812000000005355,2
320000,nan,3.22247396807621,1.2426176908775233e-05,3.222584834736912,8.922024973255816,3.22247396807621,0.0,259329.47774150336,99.99736878997312,0.00605830416440374,76,sleep,36.85899999999674,2
320000,nan,3.22247396807621,1.2426176908775233e-05,3.222584834736912,8.922024973255816,3.22247396807621,0.0,259329.47774150336,99.99736878997312,0.00605830416440374,76,sleep,36.90600000000268,2
320000,nan,3.22247396807621,1.2426176908775233e-05,3.222584834736912,8.922024973255816,3.22247396807621,0.0,259329.47774150336,99.99736878997312,0.00605830416440374,76,sleep,36.95299999999406,2
320000,nan,3.22247396807621,1.2426176908775233e-05,3.222584834736912,8.922024973255816,3.22247396807621,0.0,259329.47774150336,99.99736878997312,0.00605830416440374,76,sleep,37.0,2
320000,nan,3.22247396807621,1.2426176908775233e-05,3.222584834736912,8.922024973255816,3.22247396807621,0.0,259329.47774150336,99.99736878997312,0.00605830416440374,76,sleep,37.062000000005355,2
320000,nan,3.22247396807621,1.2426176908775233e-05,3.222584834736912,8.922024973255816,3.22247396807621,0.0,259329.47774150336,99.99736878997312,0.00605830416440374,76,sleep,37.10899999999674,2
320000,nan,3.22247396807621,1.2426176908775233e-05,3.222584834736912,8.922024973255816,3.22247396807621,0.0,259329.47774150336,99.99736878997312,0.00605830416440374,76,sleep,37.15600000000268,2
320000,nan,3.22247396807621,1.2426176908775233e-05,3.222584834736912,8.922024973255816,3.22247396807621,0.0,259329.47774150336,99.99736878997312,0.00605830416440374,76,sleep,37.20299999999406,2
320000,nan,3.2224723229095127,1.2489893379097339e-05,3.2225837582604733,8.922041812387402,3.2224723229095127,0.0,258006.3916560355,99.99736801396209,0.006060090913039914,77,sleep,37.25,2
320000,nan,3.2224723229095127,1.2489893379097339e-05,3.2225837582604733,8.922041812387402,3.2224723229095127,0.0,258006.3916560355,99.99736801396209,0.006060090913039914,77,sleep,37.312000000005355,2
320000,nan,3.2224723229095127,1.2489893379097339e-05,3.2225837582604733,8.922041812387402,3.2224723229095127,0.0,258006.3916560355,99.99736801396209,0.006060090913039914,77,sleep,37.35899999999674,2
320000,nan,3.2224723229095127,1.2489893379097339e-05,3.2225837582604733,8.922041812387402,3.2224723229095127,0.0,258006.3916560355,99.99736801396209,0.006060090913039914,77,sleep,37.40600000000268,2
320000,nan,3.2224723229095127,1.2489893379097339e-05,3.2225837582604733,8.922041812387402,3.2224723229095127,0.0,258006.3916560355,99.99736801396209,0.006060090913039914,77,sleep,37.45299999999406,2
320000,nan,3.2224723229095127,1.2489893379097339e-05,3.2225837582604733,8.922041812387402,3.2224723229095127,0.0,258006.3916560355,99.99736801396209,0.006060090913039914,77,sleep,37.5,2
