r_setpoint_ohm,r_actual_ohm,v_out_V,i_measured_A,ocv_V,esr_ohm,v_predicted_V,voltage_error_mV,r_inferred_ohm,soc_pct,used_capacity_mAh,iteration,phase,t_s,cycle
320000,nan,3.223632479473709,1.0051571734948084e-05,3.223721981048584,8.904236793518066,3.223632479473709,0.0,320709.294474369,99.99999814162722,4.2788631263416364e-06,4,sleep,0.35899999999674037,0
320000,nan,3.223632479473709,1.0051571734948084e-05,3.223721981048584,8.904236793518066,3.223632479473709,0.0,320709.294474369,99.99999814162722,4.2788631263416364e-06,4,sleep,0.42199999999138527,0
320000,nan,3.223632479473709,1.0051571734948084e-05,3.223721981048584,8.904236793518066,3.223632479473709,0.0,320709.294474369,99.99999814162722,4.2788631263416364e-06,4,sleep,0.46899999999732245,0
320000,nan,3.223632479473709,1.0051571734948084e-05,3.223721981048584,8.904236793518066,3.223632479473709,0.0,320709.294474369,99.99999814162722,4.2788631263416364e-06,4,sleep,0.5159999999887077,0
320000,nan,3.223632228424667,1.0079766070703045e-05,3.223721981048584,8.904236793518066,3.223632228424667,0.0,319812.20653465274,99.99999751414403,5.723629596484866e-06,5,sleep,0.5629999999946449,0
320000,nan,3.223632228424667,1.0079766070703045e-05,3.223721981048584,8.904236793518066,3.223632228424667,0.0,319812.20653465274,99.99999751414403,5.723629596484866e-06,5,sleep,0.625,0
320000,nan,3.223632228424667,1.0079766070703045e-05,3.223721981048584,8.904236793518066,3.223632228424667,0.0,319812.20653465274,99.99999751414403,5.723629596484866e-06,5,sleep,0.6719999999913853,0
320000,nan,3.223632228424667,1.0079766070703045e-05,3.223721981048584,8.904236793518066,3.223632228424667,0.0,319812.20653465274,99.99999751414403,5.723629596484866e-06,5,sleep,0.7189999999973224,0
320000,nan,3.223632228424667,1.0079766070703045e-05,3.223721981048584,8.904236793518066,3.223632228424667,0.0,319812.20653465274,99.99999751414403,5.723629596484866e-06,5,sleep,0.7659999999887077,0
320000,nan,3.223632228424667,1.0079766070703045e-05,3.223721981048584,8.904236793518066,3.223632228424667,0.0,319812.20653465274,99.99999751414403,5.723629596484866e-06,5,sleep,0.8129999999946449,0
320000,nan,3.223632228424667,1.0079766070703045e-05,3.223721981048584,8.904236793518066,3.223632228424667,0.0,319812.20653465274,99.99999751414403,5.723629596484866e-06,5,sleep,0.875,0
320000,nan,3.223632228424667,1.0079766070703045e-05,3.223721981048584,8.904236793518066,3.223632228424667,0.0,319812.20653465274,99.99999751414403,5.723629596484866e-06,5,sleep,0.9219999999913853,0
320000,nan,3.223632228424667,1.0079766070703045e-05,3.223721981048584,8.904236793518066,3.223632228424667,0.0,319812.20653465274,99.99999751414403,5.723629596484866e-06,5,sleep,0.9689999999973224,0
320000,nan,3.223632228424667,1.0079766070703045e-05,3.223721981048584,8.904236793518066,3.223632228424667,0.0,319812.20653465274,99.99999751414403,5.723629596484866e-06,5,sleep,1.0159999999887077,0
320000,nan,3.223632228424667,1.0079766070703045e-05,3.223721981048584,8.904236793518066,3.223632228424667,0.0,319812.20653465274,99.99999751414403,5.723629596484866e-06,5,sleep,1.062999999994645,0
320000,nan,3.2236323789164203,1.0062864930659998e-05,3.223721981048584,8.904236793518066,3.2236323789164203,0.0,320349.3638371821,99.99999690713717,7.121249725743199e-06,6,sleep,1.125,0
320000,nan,3.2236323789164203,1.0062864930659998e-05,3.223721981048584,8.904236793518066,3.2236323789164203,0.0,320349.3638371821,99.99999690713717,7.121249725743199e-06,6,sleep,1.1719999999913853,0
320000,nan,3.2236323789164203,1.0062864930659998e-05,3.223721981048584,8.904236793518066,3.2236323789164203,0.0,320349.3638371821,99.99999690713717,7.121249725743199e-06,6,sleep,1.2189999999973224,0
320000,nan,3.2236323789164203,1.0062864930659998e-05,3.223721981048584,8.904236793518066,3.2236323789164203,0.0,320349.3638371821,99.99999690713717,7.121249725743199e-06,6,sleep,1.2659999999887077,0
320000,nan,3.2236323789164203,1.0062864930659998e-05,3.223721981048584,8.904236793518066,3.2236323789164203,0.0,320349.3638371821,99.99999690713717,7.121249725743199e-06,6,sleep,1.312999999994645,0
320000,nan,3.2236323789164203,1.0062864930659998e-05,3.223721981048584,8.904236793518066,3.2236323789164203,0.0,320349.3638371821,99.99999690713717,7.121249725743199e-06,6,sleep,1.375,0
320000,nan,3.2236323789164203,1.0062864930659998e-05,3.223721981048584,8.904236793518066,3.2236323789164203,0.0,320349.3638371821,99.99999690713717,7.121249725743199e-06,6,sleep,1.4219999999913853,0
320000,nan,3.2236323789164203,1.0062864930659998e-05,3.223721981048584,8.904236793518066,3.2236323789164203,0.0,320349.3638371821,99.99999690713717,7.121249725743199e-06,6,sleep,1.4689999999973224,0
320000,nan,3.2236323789164203,1.0062864930659998e-05,3.223721981048584,8.904236793518066,3.2236323789164203,0.0,320349.3638371821,99.99999690713717,7.121249725743199e-06,6,sleep,1.5159999999887077,0
320000,nan,3.2236323789164203,1.0062864930659998e-05,3.223721981048584,8.904236793518066,3.2236323789164203,0.0,320349.3638371821,99.99999690713717,7.121249725743199e-06,6,sleep,1.562999999994645,0
320000,nan,3.2236323396960813,1.0067269613500684e-05,3.223721981048584,8.904236793518066,3.2236323396960813,0.0,320209.1990635711,99.99999628043193,8.564225037020746e-06,7,sleep,1.625,0
320000,nan,3.2236323396960813,1.0067269613500684e-05,3.223721981048584,8.904236793518066,3.2236323396960813,0.0,320209.1990635711,99.99999628043193,8.564225037020746e-06,7,sleep,1.6719999999913853,0
320000,nan,3.2236323396960813,1.0067269613500684e-05,3.223721981048584,8.904236793518066,3.2236323396960813,0.0,320209.1990635711,99.99999628043193,8.564225037020746e-06,7,sleep,1.7189999999973224,0
320000,nan,3.2236323396960813,1.0067269613500684e-05,3.223721981048584,8.904236793518066,3.2236323396960813,0.0,320209.1990635711,99.99999628043193,8.564225037020746e-06,7,sleep,1.7659999999887077,0
320000,nan,3.2236323396960813,1.0067269613500684e-05,3.223721981048584,8.904236793518066,3.2236323396960813,0.0,320209.1990635711,99.99999628043193,8.564225037020746e-06,7,sleep,1.812999999994645,0
320000,nan,3.2236323396960813,1.0067269613500684e-05,3.223721981048584,8.904236793518066,3.2236323396960813,0.0,320209.1990635711,99.99999628043193,8.564225037020746e-06,7,sleep,1.875,0
320000,nan,3.2236323396960813,1.0067269613500684e-05,3.223721981048584,8.904236793518066,3.2236323396960813,0.0,320209.1990635711,99.99999628043193,8.564225037020746e-06,7,sleep,1.9219999999913853,0
320000,nan,3.2236323396960813,1.0067269613500684e-05,3.223721981048584,8.904236793518066,3.2236323396960813,0.0,320209.1990635711,99.99999628043193,8.564225037020746e-06,7,sleep,1.9689999999973224,0
320000,nan,3.2236323396960813,1.0067269613500684e-05,3.223721981048584,8.904236793518066,3.2236323396960813,0.0,320209.1990635711,99.99999628043193,8.564225037020746e-06,7,sleep,2.0159999999887077,0
320000,nan,3.2236323396960813,1.0067269613500684e-05,3.223721981048584,8.904236793518066,3.2236323396960813,0.0,320209.1990635711,99.99999628043193,8.564225037020746e-06,7,sleep,2.062999999994645,0
320000,nan,3.22363236058984,1.006492311717011e-05,3.223721981048584,8.904236793518066,3.22363236058984,0.0,320283.85344449687,99.99999565508699,1.0004068205169842e-05,8,sleep,2.125,0
320000,nan,3.22363236058984,1.006492311717011e-05,3.223721981048584,8.904236793518066,3.22363236058984,0.0,320283.85344449687,99.99999565508699,1.0004068205169842e-05,8,sleep,2.1719999999913853,0
320000,nan,3.22363236058984,1.006492311717011e-05,3.223721981048584,8.904236793518066,3.22363236058984,0.0,320283.85344449687,99.99999565508699,1.0004068205169842e-05,8,sleep,2.2189999999973224,0
320000,nan,3.22363236058984,1.006492311717011e-05,3.223721981048584,8.904236793518066,3.22363236058984,0.0,320283.85344449687,99.99999565508699,1.0004068205169842e-05,8,sleep,2.2659999999887077,0
320000,nan,3.22363236058984,1.006492311717011e-05,3.223721981048584,8.904236793518066,3.22363236058984,0.0,320283.85344449687,99.99999565508699,1.0004068205169842e-05,8,sleep,2.312999999994645,0
320000,nan,3.22363236058984,1.006492311717011e-05,3.223721981048584,8.904236793518066,3.22363236058984,0.0,320283.85344449687,99.99999565508699,1.0004068205169842e-05,8,sleep,2.375,0
320000,nan,3.22363236058984,1.006492311717011e-05,3.223721981048584,8.904236793518066,3.22363236058984,0.0,320283.85344449687,99.99999565508699,1.0004068205169842e-05,8,sleep,2.4219999999913853,0
320000,nan,3.22363236058984,1.006492311717011e-05,3.223721981048584,8.904236793518066,3.22363236058984,0.0,320283.85344449687,99.99999565508699,1.0004068205169842e-05,8,sleep,2.4689999999973224,0
320000,nan,3.22363236058984,1.006492311717011e-05,3.223721981048584,8.904236793518066,3.22363236058984,0.0,320283.85344449687,99.99999565508699,1.0004068205169842e-05,8,sleep,2.5159999999887077,0
320000,nan,3.22363236058984,1.006492311717011e-05,3.223721981048584,8.904236793518066,3.22363236058984,0.0,320283.85344449687,99.99999565508699,1.0004068205169842e-05,8,sleep,2.562999999994645,0
320000,nan,3.2236323147612427,1.0070069947687443e-05,3.223721981048584,8.904236793518066,3.2236323147612427,0.0,320120.1512509393,99.99999504764553,1.1402689031237543e-05,9,sleep,2.625,0
320000,nan,3.2236323147612427,1.0070069947687443e-05,3.223721981048584,8.904236793518066,3.2236323147612427,0.0,320120.1512509393,99.99999504764553,1.1402689031237543e-05,9,sleep,2.6719999999913853,0
320000,nan,3.2236323147612427,1.0070069947687443e-05,3.223721981048584,8.904236793518066,3.2236323147612427,0.0,320120.1512509393,99.99999504764553,1.1402689031237543e-05,9,sleep,2.7189999999973224,0
320000,nan,3.2236323147612427,1.0070069947687443e-05,3.223721981048584,8.904236793518066,3.2236323147612427,0.0,320120.1512509393,99.99999504764553,1.1402689031237543e-05,9,sleep,2.7659999999887077,0
320000,nan,3.2236323147612427,1.0070069947687443e-05,3.223721981048584,8.904236793518066,3.2236323147612427,0.0,320120.1512509393,99.99999504764553,1.1402689031237543e-05,9,sleep,2.812999999994645,0
320000,nan,3.2236323147612427,1.0070069947687443e-05,3.223721981048584,8.904236793518066,3.2236323147612427,0.0,320120.1512509393,99.99999504764553,1.1402689031237543e-05,9,sleep,2.875,0
320000,nan,3.2236323147612427,1.0070069947687443e-05,3.223721981048584,8.904236793518066,3.2236323147612427,0.0,320120.1512509393,99.99999504764553,1.1402689031237543e-05,9,sleep,2.9219999999913853,0
320000,nan,3.2236323147612427,1.0070069947687443e-05,3.223721981048584,8.904236793518066,3.2236323147612427,0.0,320120.1512509393,99.99999504764553,1.1402689031237543e-05,9,sleep,2.9689999999973224,0
320000,nan,3.2236323147612427,1.0070069947687443e-05,3.223721981048584,8.904236793518066,3.2236323147612427,0.0,320120.1512509393,99.99999504764553,1.1402689031237543e-05,9,sleep,3.0159999999887077,0
320000,nan,3.2236323147612427,1.0070069947687443e-05,3.223721981048584,8.904236793518066,3.2236323147612427,0.0,320120.1512509393,99.99999504764553,1.1402689031237543e-05,9,sleep,3.062999999994645,0
320000,nan,3.2236323725835057,1.0063576155516785e-05,3.223721981048584,8.904236793518066,3.2236323725835057,0.0,320326.7231019395,99.99999442117019,1.2845134946870728e-05,10,sleep,3.125,0
320000,nan,3.2236323725835057,1.0063576155516785e-05,3.223721981048584,8.904236793518066,3.2236323725835057,0.0,320326.7231019395,99.99999442117019,1.2845134946870728e-05,10,sleep,3.1719999999913853,0
320000,nan,3.2236323725835057,1.0063576155516785e-05,3.223721981048584,8.904236793518066,3.2236323725835057,0.0,320326.7231019395,99.99999442117019,1.2845134946870728e-05,10,sleep,3.2189999999973224,0
320000,nan,3.2236323725835057,1.0063576155516785e-05,3.223721981048584,8.904236793518066,3.2236323725835057,0.0,320326.7231019395,99.99999442117019,1.2845134946870728e-05,10,sleep,3.2659999999887077,0
320000,nan,3.2236323725835057,1.0063576155516785e-05,3.223721981048584,8.904236793518066,3.2236323725835057,0.0,320326.7231019395,99.99999442117019,1.2845134946870728e-05,10,sleep,3.312999999994645,0
320000,nan,3.2236323725835057,1.0063576155516785e-05,3.223721981048584,8.904236793518066,3.2236323725835057,0.0,320326.7231019395,99.99999442117019,1.2845134946870728e-05,10,sleep,3.375,0
320000,nan,3.2236323725835057,1.0063576155516785e-05,3.223721981048584,8.904236793518066,3.2236323725835057,0.0,320326.7231019395,99.99999442117019,1.2845134946870728e-05,10,sleep,3.4219999999913853,0
320000,nan,3.2236323725835057,1.0063576155516785e-05,3.223721981048584,8.904236793518066,3.2236323725835057,0.0,320326.7231019395,99.99999442117019,1.2845134946870728e-05,10,sleep,3.4689999999973224,0
320000,nan,3.2236323725835057,1.0063576155516785e-05,3.223721981048584,8.904236793518066,3.2236323725835057,0.0,320326.7231019395,99.99999442117019,1.2845134946870728e-05,10,sleep,3.5159999999887077,0
320000,nan,3.2236323725835057,1.0063576155516785e-05,3.223721981048584,8.904236793518066,3.2236323725835057,0.0,320326.7231019395,99.99999442117019,1.2845134946870728e-05,10,sleep,3.562999999994645,0
320000,nan,3.2236323725835057,1.0063576155516785e-05,3.223721981048584,8.904236793518066,3.2236323725835057,0.0,320326.7231019395,99.99999442117019,1.2845134946870728e-05,10,sleep,3.625,0
320000,nan,3.2236324058191594,1.0059843589260709e-05,3.223721981048584,8.904236793518066,3.2236324058191594,0.0,320445.5792195932,99.99999379614086,1.4284251460332787e-05,11,sleep,3.6719999999913853,0
320000,nan,3.2236324058191594,1.0059843589260709e-05,3.223721981048584,8.904236793518066,3.2236324058191594,0.0,320445.5792195932,99.99999379614086,1.4284251460332787e-05,11,sleep,3.7189999999973224,0
320000,nan,3.2236324058191594,1.0059843589260709e-05,3.223721981048584,8.904236793518066,3.2236324058191594,0.0,320445.5792195932,99.99999379614086,1.4284251460332787e-05,11,sleep,3.7659999999887077,0
320000,nan,3.2236324058191594,1.0059843589260709e-05,3.223721981048584,8.904236793518066,3.2236324058191594,0.0,320445.5792195932,99.99999379614086,1.4284251460332787e-05,11,sleep,3.812999999994645,0
320000,nan,3.2236324058191594,1.0059843589260709e-05,3.223721981048584,8.904236793518066,3.2236324058191594,0.0,320445.5792195932,99.99999379614086,1.4284251460332787e-05,11,sleep,3.875,0
320000,nan,3.2236324058191594,1.0059843589260709e-05,3.223721981048584,8.904236793518066,3.2236324058191594,0.0,320445.5792195932,99.99999379614086,1.4284251460332787e-05,11,sleep,3.9219999999913853,0
320000,nan,3.2236324058191594,1.0059843589260709e-05,3.223721981048584,8.904236793518066,3.2236324058191594,0.0,320445.5792195932,99.99999379614086,1.4284251460332787e-05,11,sleep,3.9689999999973224,0
320000,nan,3.2236324058191594,1.0059843589260709e-05,3.223721981048584,8.904236793518066,3.2236324058191594,0.0,320445.5792195932,99.99999379614086,1.4284251460332787e-05,11,sleep,4.015999999988708,0
320000,nan,3.2236324058191594,1.0059843589260709e-05,3.223721981048584,8.904236793518066,3.2236324058191594,0.0,320445.5792195932,99.99999379614086,1.4284251460332787e-05,11,sleep,4.062999999994645,0
320000,nan,3.2236324058191594,1.0059843589260709e-05,3.223721981048584,8.904236793518066,3.2236324058191594,0.0,320445.5792195932,99.99999379614086,1.4284251460332787e-05,11,sleep,4.125,0
320000,nan,3.2236322112480535,1.0081695108965505e-05,3.223721981048584,8.904236793518066,3.2236322112480535,0.0,319751.01175012963,99.99999316853759,1.5729294425960305e-05,12,sleep,4.171999999991385,0
320000,nan,3.2236322112480535,1.0081695108965505e-05,3.223721981048584,8.904236793518066,3.2236322112480535,0.0,319751.01175012963,99.99999316853759,1.5729294425960305e-05,12,sleep,4.2189999999973224,0
320000,nan,3.2236322112480535,1.0081695108965505e-05,3.223721981048584,8.904236793518066,3.2236322112480535,0.0,319751.01175012963,99.99999316853759,1.5729294425960305e-05,12,sleep,4.265999999988708,0
320000,nan,3.2236322112480535,1.0081695108965505e-05,3.223721981048584,8.904236793518066,3.2236322112480535,0.0,319751.01175012963,99.99999316853759,1.5729294425960305e-05,12,sleep,4.312999999994645,0
320000,nan,3.2236322112480535,1.0081695108965505e-05,3.223721981048584,8.904236793518066,3.2236322112480535,0.0,319751.01175012963,99.99999316853759,1.5729294425960305e-05,12,sleep,4.375,0
320000,nan,3.2236322112480535,1.0081695108965505e-05,3.223721981048584,8.904236793518066,3.2236322112480535,0.0,319751.01175012963,99.99999316853759,1.5729294425960305e-05,12,sleep,4.421999999991385,0
320000,nan,3.2236322112480535,1.0081695108965505e-05,3.223721981048584,8.904236793518066,3.2236322112480535,0.0,319751.01175012963,99.99999316853759,1.5729294425960305e-05,12,sleep,4.4689999999973224,0
320000,nan,3.2236322112480535,1.0081695108965505e-05,3.223721981048584,8.904236793518066,3.2236322112480535,0.0,319751.01175012963,99.99999316853759,1.5729294425960305e-05,12,sleep,4.515999999988708,0
320000,nan,3.2236322112480535,1.0081695108965505e-05,3.223721981048584,8.904236793518066,3.2236322112480535,0.0,319751.01175012963,99.99999316853759,1.5729294425960305e-05,12,sleep,4.562999999994645,0
320000,nan,3.2236322112480535,1.0081695108965505e-05,3.223721981048584,8.904236793518066,3.2236322112480535,0.0,319751.01175012963,99.99999316853759,1.5729294425960305e-05,12,sleep,4.625,0
320000,nan,3.223632293972762,1.0072404620586894e-05,3.223721981048584,8.904236793518066,3.223632293972762,0.0,320045.9488476078,99.99999256095529,1.712823951215293e-05,13,sleep,4.671999999991385,0
320000,nan,3.223632293972762,1.0072404620586894e-05,3.223721981048584,8.904236793518066,3.223632293972762,0.0,320045.9488476078,99.99999256095529,1.712823951215293e-05,13,sleep,4.7189999999973224,0
320000,nan,3.223632293972762,1.0072404620586894e-05,3.223721981048584,8.904236793518066,3.223632293972762,0.0,320045.9488476078,99.99999256095529,1.712823951215293e-05,13,sleep,4.765999999988708,0
320000,nan,3.223632293972762,1.0072404620586894e-05,3.223721981048584,8.904236793518066,3.223632293972762,0.0,320045.9488476078,99.99999256095529,1.712823951215293e-05,13,sleep,4.812999999994645,0
320000,nan,3.223632293972762,1.0072404620586894e-05,3.223721981048584,8.904236793518066,3.223632293972762,0.0,320045.9488476078,99.99999256095529,1.712823951215293e-05,13,sleep,4.875,0
320000,nan,3.223632293972762,1.0072404620586894e-05,3.223721981048584,8.904236793518066,3.223632293972762,0.0,320045.9488476078,99.99999256095529,1.712823951215293e-05,13,sleep,4.921999999991385,0
320000,nan,3.223632293972762,1.0072404620586894e-05,3.223721981048584,8.904236793518066,3.223632293972762,0.0,320045.9488476078,99.99999256095529,1.712823951215293e-05,13,sleep,4.9689999999973224,0
320000,nan,3.223632293972762,1.0072404620586894e-05,3.223721981048584,8.904236793518066,3.223632293972762,0.0,320045.9488476078,99.99999256095529,1.712823951215293e-05,13,sleep,5.015999999988708,0
320000,nan,3.223632293972762,1.0072404620586894e-05,3.223721981048584,8.904236793518066,3.223632293972762,0.0,320045.9488476078,99.99999256095529,1.712823951215293e-05,13,sleep,5.062999999994645,0
320000,nan,3.223632293972762,1.0072404620586894e-05,3.223721981048584,8.904236793518066,3.223632293972762,0.0,320045.9488476078,99.99999256095529,1.712823951215293e-05,13,sleep,5.125,0
320000,nan,3.2236323630517405,1.0064646630780771e-05,3.223721981048584,8.904236793518066,3.2236323630517405,0.0,320292.652222174,99.99999193441332,1.857083886253327e-05,14,sleep,5.171999999991385,0
320000,nan,3.2236323630517405,1.0064646630780771e-05,3.223721981048584,8.904236793518066,3.2236323630517405,0.0,320292.652222174,99.99999193441332,1.857083886253327e-05,14,sleep,5.2189999999973224,0
320000,nan,3.2236323630517405,1.0064646630780771e-05,3.223721981048584,8.904236793518066,3.2236323630517405,0.0,320292.652222174,99.99999193441332,1.857083886253327e-05,14,sleep,5.265999999988708,0
320000,nan,3.2236323630517405,1.0064646630780771e-05,3.223721981048584,8.904236793518066,3.2236323630517405,0.0,320292.652222174,99.99999193441332,1.857083886253327e-05,14,sleep,5.312999999994645,0
3200,nan,3.2236324980189446,1.0049488992081024e-05,3.223721981048584,8.904236793518066,3.2236324980189446,0.0,320775.7628829844,99.99999131002733,2.0008474093343236e-05,15,wake,5.702999999994063,0
3200,nan,3.2236324980189446,1.0049488992081024e-05,3.223721981048584,8.904236793518066,3.2236324980189446,0.0,320775.7628829844,99.99999131002733,2.0008474093343236e-05,15,wake,5.765999999988708,0
3200,nan,3.2236324980189446,1.0049488992081024e-05,3.223721981048584,8.904236793518066,3.2236324980189446,0.0,320775.7628829844,99.99999131002733,2.0008474093343236e-05,15,wake,5.812999999994645,0
3200,nan,3.2236324980189446,1.0049488992081024e-05,3.223721981048584,8.904236793518066,3.2236324980189446,0.0,320775.7628829844,99.99999131002733,2.0008474093343236e-05,15,wake,5.85899999999674,0
3200,nan,3.2236324980189446,1.0049488992081024e-05,3.223721981048584,8.904236793518066,3.2236324980189446,0.0,320775.7628829844,99.99999131002733,2.0008474093343236e-05,15,wake,5.905999999988126,0
3200,nan,3.2236324980189446,1.0049488992081024e-05,3.223721981048584,8.904236793518066,3.2236324980189446,0.0,320775.7628829844,99.99999131002733,2.0008474093343236e-05,15,wake,5.9689999999973224,0
3200,nan,3.2236324980189446,1.0049488992081024e-05,3.223721981048584,8.904236793518066,3.2236324980189446,0.0,320775.7628829844,99.99999131002733,2.0008474093343236e-05,15,wake,6.015999999988708,0
3200,nan,3.2236324980189446,1.0049488992081024e-05,3.223721981048584,8.904236793518066,3.2236324980189446,0.0,320775.7628829844,99.99999131002733,2.0008474093343236e-05,15,wake,6.062999999994645,0
3200,nan,3.2236324980189446,1.0049488992081024e-05,3.223721981048584,8.904236793518066,3.2236324980189446,0.0,320775.7628829844,99.99999131002733,2.0008474093343236e-05,15,wake,6.10899999999674,0
3200,nan,3.2236324980189446,1.0049488992081024e-05,3.223721981048584,8.904236793518066,3.2236324980189446,0.0,320775.7628829844,99.99999131002733,2.0008474093343236e-05,15,wake,6.155999999988126,0
3200,nan,3.214750711729585,0.0010075281606987119,3.223721981048584,8.904236793518066,3.214750711729585,0.0,3190.730380677582,99.99992858962491,0.00016442084379440422,16,wake,6.2189999999973224,0
3200,nan,3.214750711729585,0.0010075281606987119,3.223721981048584,8.904236793518066,3.214750711729585,0.0,3190.730380677582,99.99992858962491,0.00016442084379440422,16,wake,6.265999999988708,0
320000,nan,3.214750711729585,0.0010075281606987119,3.223721981048584,8.904236793518066,3.214750711729585,0.0,3190.730380677582,99.99992858962491,0.00016442084379440422,16,sleep,6.671999999991385,0
320000,nan,3.2147574319399093,0.0010067734401673079,3.223721981048584,8.904236793518066,3.2147574319399093,0.0,3193.128963956055,99.99986591620517,0.0003087250368859633,17,sleep,6.73399999999674,0
320000,nan,3.2147574319399093,0.0010067734401673079,3.223721981048584,8.904236793518066,3.2147574319399093,0.0,3193.128963956055,99.99986591620517,0.0003087250368859633,17,sleep,6.780999999988126,0
320000,nan,3.2147574319399093,0.0010067734401673079,3.223721981048584,8.904236793518066,3.2147574319399093,0.0,3193.128963956055,99.99986591620517,0.0003087250368859633,17,sleep,6.827999999994063,0
320000,nan,3.2147574319399093,0.0010067734401673079,3.223721981048584,8.904236793518066,3.2147574319399093,0.0,3193.128963956055,99.99986591620517,0.0003087250368859633,17,sleep,6.875,0
320000,nan,3.2147574319399093,0.0010067734401673079,3.223721981048584,8.904236793518066,3.2147574319399093,0.0,3193.128963956055,99.99986591620517,0.0003087250368859633,17,sleep,6.937999999994645,0
320000,nan,3.2147574319399093,0.0010067734401673079,3.223721981048584,8.904236793518066,3.2147574319399093,0.0,3193.128963956055,99.99986591620517,0.0003087250368859633,17,sleep,6.98399999999674,0
320000,nan,3.2147574319399093,0.0010067734401673079,3.223721981048584,8.904236793518066,3.2147574319399093,0.0,3193.128963956055,99.99986591620517,0.0003087250368859633,17,sleep,7.030999999988126,0
320000,nan,3.2147574319399093,0.0010067734401673079,3.223721981048584,8.904236793518066,3.2147574319399093,0.0,3193.128963956055,99.99986591620517,0.0003087250368859633,17,sleep,7.077999999994063,0
320000,nan,3.2147574319399093,0.0010067734401673079,3.223721981048584,8.904236793518066,3.2147574319399093,0.0,3193.128963956055,99.99986591620517,0.0003087250368859633,17,sleep,7.125,0
320000,nan,3.2147574319399093,0.0010067734401673079,3.223721981048584,8.904236793518066,3.2147574319399093,0.0,3193.128963956055,99.99986591620517,0.0003087250368859633,17,sleep,7.187999999994645,0
320000,nan,3.2236325201922438,1.004699879558757e-05,3.223721981048584,8.904236793518066,3.2236325201922438,0.0,320855.2708902479,99.9998652919739,0.00031016231588033047,18,sleep,7.23399999999674,0
320000,nan,3.2236325201922438,1.004699879558757e-05,3.223721981048584,8.904236793518066,3.2236325201922438,0.0,320855.2708902479,99.9998652919739,0.00031016231588033047,18,sleep,7.280999999988126,0
320000,nan,3.2236325201922438,1.004699879558757e-05,3.223721981048584,8.904236793518066,3.2236325201922438,0.0,320855.2708902479,99.9998652919739,0.00031016231588033047,18,sleep,7.327999999994063,0
320000,nan,3.2236325201922438,1.004699879558757e-05,3.223721981048584,8.904236793518066,3.2236325201922438,0.0,320855.2708902479,99.9998652919739,0.00031016231588033047,18,sleep,7.375,0
320000,nan,3.2236325201922438,1.004699879558757e-05,3.223721981048584,8.904236793518066,3.2236325201922438,0.0,320855.2708902479,99.9998652919739,0.00031016231588033047,18,sleep,7.437999999994645,0
320000,nan,3.2236325201922438,1.004699879558757e-05,3.223721981048584,8.904236793518066,3.2236325201922438,0.0,320855.2708902479,99.9998652919739,0.00031016231588033047,18,sleep,7.48399999999674,0
320000,nan,3.2236325201922438,1.004699879558757e-05,3.223721981048584,8.904236793518066,3.2236325201922438,0.0,320855.2708902479,99.9998652919739,0.00031016231588033047,18,sleep,7.530999999988126,0
320000,nan,3.2236325201922438,1.004699879558757e-05,3.223721981048584,8.904236793518066,3.2236325201922438,0.0,320855.2708902479,99.9998652919739,0.00031016231588033047,18,sleep,7.577999999994063,0
320000,nan,3.2236325201922438,1.004699879558757e-05,3.223721981048584,8.904236793518066,3.2236325201922438,0.0,320855.2708902479,99.9998652919739,0.00031016231588033047,18,sleep,7.625,0
320000,nan,3.2236325201922438,1.004699879558757e-05,3.223721981048584,8.904236793518066,3.2236325201922438,0.0,320855.2708902479,99.9998652919739,0.00031016231588033047,18,sleep,7.687999999994645,0
320000,nan,3.2236325861938466,1.003958641376812e-05,3.223721981048584,8.904236793518066,3.2236325861938466,0.0,321092.16986996704,99.99986468637125,0.0003115567028822427,19,sleep,7.73399999999674,0
320000,nan,3.2236325861938466,1.003958641376812e-05,3.223721981048584,8.904236793518066,3.2236325861938466,0.0,321092.16986996704,99.99986468637125,0.0003115567028822427,19,sleep,7.780999999988126,0
320000,nan,3.2236325861938466,1.003958641376812e-05,3.223721981048584,8.904236793518066,3.2236325861938466,0.0,321092.16986996704,99.99986468637125,0.0003115567028822427,19,sleep,7.827999999994063,0
320000,nan,3.2236325861938466,1.003958641376812e-05,3.223721981048584,8.904236793518066,3.2236325861938466,0.0,321092.16986996704,99.99986468637125,0.0003115567028822427,19,sleep,7.875,0
320000,nan,3.2236325861938466,1.003958641376812e-05,3.223721981048584,8.904236793518066,3.2236325861938466,0.0,321092.16986996704,99.99986468637125,0.0003115567028822427,19,sleep,7.937999999994645,0
320000,nan,3.2236325861938466,1.003958641376812e-05,3.223721981048584,8.904236793518066,3.2236325861938466,0.0,321092.16986996704,99.99986468637125,0.0003115567028822427,19,sleep,7.98399999999674,0
320000,nan,3.2236325861938466,1.003958641376812e-05,3.223721981048584,8.904236793518066,3.2236325861938466,0.0,321092.16986996704,99.99986468637125,0.0003115567028822427,19,sleep,8.030999999988126,0
320000,nan,3.2236325861938466,1.003958641376812e-05,3.223721981048584,8.904236793518066,3.2236325861938466,0.0,321092.16986996704,99.99986468637125,0.0003115567028822427,19,sleep,8.077999999994063,0
320000,nan,3.2236325861938466,1.003958641376812e-05,3.223721981048584,8.904236793518066,3.2236325861938466,0.0,321092.16986996704,99.99986468637125,0.0003115567028822427,19,sleep,8.125,0
100,nan,3.2236323307716925,1.0068271876662038e-05,3.223721981048584,8.904236793518066,3.2236323307716925,0.0,320177.3224106094,99.9998640596036,0.00031299982185124006,20,tx,8.515999999988708,0
100,nan,3.2236323307716925,1.0068271876662038e-05,3.223721981048584,8.904236793518066,3.2236323307716925,0.0,320177.3224106094,99.9998640596036,0.00031299982185124006,20,tx,8.577999999994063,0
100,nan,3.2236323307716925,1.0068271876662038e-05,3.223721981048584,8.904236793518066,3.2236323307716925,0.0,320177.3224106094,99.9998640596036,0.00031299982185124006,20,tx,8.625,0
100,nan,3.2236323307716925,1.0068271876662038e-05,3.223721981048584,8.904236793518066,3.2236323307716925,0.0,320177.3224106094,99.9998640596036,0.00031299982185124006,20,tx,8.671999999991385,0
100,nan,3.2236323307716925,1.0068271876662038e-05,3.223721981048584,8.904236793518066,3.2236323307716925,0.0,320177.3224106094,99.9998640596036,0.00031299982185124006,20,tx,8.718999999997322,0
100,nan,3.219567571748608,0.0004665654560085386,3.223721981048584,8.904236793518066,3.219567571748608,0.0,6900.56996352016,99.99983507137009,0.00037974460236349725,21,tx,8.780999999988126,0
100,nan,3.219567571748608,0.0004665654560085386,3.223721981048584,8.904236793518066,3.219567571748608,0.0,6900.56996352016,99.99983507137009,0.00037974460236349725,21,tx,8.827999999994063,0
100,nan,3.219567571748608,0.0004665654560085386,3.223721981048584,8.904236793518066,3.219567571748608,0.0,6900.56996352016,99.99983507137009,0.00037974460236349725,21,tx,8.875,0
320000,nan,2.9366011685954225,0.0321621410548687,3.2232286742816942,8.911953504503462,2.9366011685954225,0.0,91.30614667678913,99.99783292144687,0.0049896514869237985,22,sleep,9.280999999988126,0
320000,nan,2.9366011685954225,0.0321621410548687,3.2232286742816942,8.911953504503462,2.9366011685954225,0.0,91.30614667678913,99.99783292144687,0.0049896514869237985,22,sleep,9.343999999997322,0
320000,nan,2.9366011685954225,0.0321621410548687,3.2232286742816942,8.911953504503462,2.9366011685954225,0.0,91.30614667678913,99.99783292144687,0.0049896514869237985,22,sleep,9.390999999988708,0
320000,nan,2.9366011685954225,0.0321621410548687,3.2232286742816942,8.911953504503462,2.9366011685954225,0.0,91.30614667678913,99.99783292144687,0.0049896514869237985,22,sleep,9.437999999994645,0
320000,nan,2.9366011685954225,0.0321621410548687,3.2232286742816942,8.911953504503462,2.9366011685954225,0.0,91.30614667678913,99.99783292144687,0.0049896514869237985,22,sleep,9.48399999999674,0
320000,nan,2.9366011685954225,0.0321621410548687,3.2232286742816942,8.911953504503462,2.9366011685954225,0.0,91.30614667678913,99.99783292144687,0.0049896514869237985,22,sleep,9.546999999991385,0
320000,nan,2.9366011685954225,0.0321621410548687,3.2232286742816942,8.911953504503462,2.9366011685954225,0.0,91.30614667678913,99.99783292144687,0.0049896514869237985,22,sleep,9.593999999997322,0
320000,nan,2.9366011685954225,0.0321621410548687,3.2232286742816942,8.911953504503462,2.9366011685954225,0.0,91.30614667678913,99.99783292144687,0.0049896514869237985,22,sleep,9.640999999988708,0
320000,nan,2.9366011685954225,0.0321621410548687,3.2232286742816942,8.911953504503462,2.9366011685954225,0.0,91.30614667678913,99.99783292144687,0.0049896514869237985,22,sleep,9.687999999994645,0
320000,nan,2.9366011685954225,0.0321621410548687,3.2232286742816942,8.911953504503462,2.9366011685954225,0.0,91.30614667678913,99.99783292144687,0.0049896514869237985,22,sleep,9.73399999999674,0
320000,nan,3.2231478628090793,8.98072812560713e-06,3.223227898749521,8.91196563601684,3.2231478628090793,0.0,358896.05138126627,99.99783236238073,0.004990938724621774,23,sleep,9.796999999991385,0
320000,nan,3.2231478628090793,8.98072812560713e-06,3.223227898749521,8.91196563601684,3.2231478628090793,0.0,358896.05138126627,99.99783236238073,0.004990938724621774,23,sleep,9.843999999997322,0
320000,nan,3.2231478628090793,8.98072812560713e-06,3.223227898749521,8.91196563601684,3.2231478628090793,0.0,358896.05138126627,99.99783236238073,0.004990938724621774,23,sleep,9.890999999988708,0
320000,nan,3.2231478628090793,8.98072812560713e-06,3.223227898749521,8.91196563601684,3.2231478628090793,0.0,358896.05138126627,99.99783236238073,0.004990938724621774,23,sleep,9.937999999994645,0
320000,nan,3.2231478628090793,8.98072812560713e-06,3.223227898749521,8.91196563601684,3.2231478628090793,0.0,358896.05138126627,99.99783236238073,0.004990938724621774,23,sleep,9.98399999999674,0
320000,nan,3.2231478628090793,8.98072812560713e-06,3.223227898749521,8.91196563601684,3.2231478628090793,0.0,358896.05138126627,99.99783236238073,0.004990938724621774,23,sleep,10.046999999991385,0
320000,nan,3.2231478628090793,8.98072812560713e-06,3.223227898749521,8.91196563601684,3.2231478628090793,0.0,358896.05138126627,99.99783236238073,0.004990938724621774,23,sleep,10.093999999997322,0
320000,nan,3.2231478628090793,8.98072812560713e-06,3.223227898749521,8.91196563601684,3.2231478628090793,0.0,358896.05138126627,99.99783236238073,0.004990938724621774,23,sleep,10.140999999988708,0
320000,nan,3.2231478628090793,8.98072812560713e-06,3.223227898749521,8.91196563601684,3.2231478628090793,0.0,358896.05138126627,99.99783236238073,0.004990938724621774,23,sleep,10.187999999994645,0
320000,nan,3.2231478628090793,8.98072812560713e-06,3.223227898749521,8.91196563601684,3.2231478628090793,0.0,358896.05138126627,99.99783236238073,0.004990938724621774,23,sleep,10.23399999999674,0
320000,nan,3.223140272101157,9.738278095028363e-06,3.2232270594287513,8.911978765364008,3.223140272101157,0.0,330976.4047246352,99.99783175733063,0.004992331839404811,24,sleep,10.296999999991385,0
320000,nan,3.223140272101157,9.738278095028363e-06,3.2232270594287513,8.911978765364008,3.223140272101157,0.0,330976.4047246352,99.99783175733063,0.004992331839404811,24,sleep,10.343999999997322,0
320000,nan,3.223140272101157,9.738278095028363e-06,3.2232270594287513,8.911978765364008,3.223140272101157,0.0,330976.4047246352,99.99783175733063,0.004992331839404811,24,sleep,10.390999999988708,0
320000,nan,3.223140272101157,9.738278095028363e-06,3.2232270594287513,8.911978765364008,3.223140272101157,0.0,330976.4047246352,99.99783175733063,0.004992331839404811,24,sleep,10.437999999994645,0
320000,nan,3.223140272101157,9.738278095028363e-06,3.2232270594287513,8.911978765364008,3.223140272101157,0.0,330976.4047246352,99.99783175733063,0.004992331839404811,24,sleep,10.48399999999674,0
320000,nan,3.223140272101157,9.738278095028363e-06,3.2232270594287513,8.911978765364008,3.223140272101157,0.0,330976.4047246352,99.99783175733063,0.004992331839404811,24,sleep,10.546999999991385,0
320000,nan,3.223140272101157,9.738278095028363e-06,3.2232270594287513,8.911978765364008,3.223140272101157,0.0,330976.4047246352,99.99783175733063,0.004992331839404811,24,sleep,10.593999999997322,0
320000,nan,3.223140272101157,9.738278095028363e-06,3.2232270594287513,8.911978765364008,3.223140272101157,0.0,330976.4047246352,99.99783175733063,0.004992331839404811,24,sleep,10.640999999988708,0
320000,nan,3.223140272101157,9.738278095028363e-06,3.2232270594287513,8.911978765364008,3.223140272101157,0.0,330976.4047246352,99.99783175733063,0.004992331839404811,24,sleep,10.687999999994645,0
320000,nan,3.223140272101157,9.738278095028363e-06,3.2232270594287513,8.911978765364008,3.223140272101157,0.0,330976.4047246352,99.99783175733063,0.004992331839404811,24,sleep,10.73399999999674,0
320000,nan,3.223140272101157,9.738278095028363e-06,3.2232270594287513,8.911978765364008,3.223140272101157,0.0,330976.4047246352,99.99783175733063,0.004992331839404811,24,sleep,10.796999999991385,0
320000,nan,3.2231365121624704,1.0065650712931529e-05,3.2232262171605033,8.911991940818064,3.2231365121624704,0.0,320211.44028191315,99.99783115015573,0.004993729846448274,25,sleep,10.843999999997322,0
320000,nan,3.2231365121624704,1.0065650712931529e-05,3.2232262171605033,8.911991940818064,3.2231365121624704,0.0,320211.44028191315,99.99783115015573,0.004993729846448274,25,sleep,10.890999999988708,0
320000,nan,3.2231365121624704,1.0065650712931529e-05,3.2232262171605033,8.911991940818064,3.2231365121624704,0.0,320211.44028191315,99.99783115015573,0.004993729846448274,25,sleep,10.937999999994645,0
320000,nan,3.2231365121624704,1.0065650712931529e-05,3.2232262171605033,8.911991940818064,3.2231365121624704,0.0,320211.44028191315,99.99783115015573,0.004993729846448274,25,sleep,10.98399999999674,0
320000,nan,3.2231365121624704,1.0065650712931529e-05,3.2232262171605033,8.911991940818064,3.2231365121624704,0.0,320211.44028191315,99.99783115015573,0.004993729846448274,25,sleep,11.046999999991385,0
320000,nan,3.2231365121624704,1.0065650712931529e-05,3.2232262171605033,8.911991940818064,3.2231365121624704,0.0,320211.44028191315,99.99783115015573,0.004993729846448274,25,sleep,11.093999999997322,0
320000,nan,3.2231365121624704,1.0065650712931529e-05,3.2232262171605033,8.911991940818064,3.2231365121624704,0.0,320211.44028191315,99.99783115015573,0.004993729846448274,25,sleep,11.140999999988708,0
320000,nan,3.2231365121624704,1.0065650712931529e-05,3.2232262171605033,8.911991940818064,3.2231365121624704,0.0,320211.44028191315,99.99783115015573,0.004993729846448274,25,sleep,11.187999999994645,0
320000,nan,3.2231365121624704,1.0065650712931529e-05,3.2232262171605033,8.911991940818064,3.2231365121624704,0.0,320211.44028191315,99.99783115015573,0.004993729846448274,25,sleep,11.23399999999674,0
320000,nan,3.2231365121624704,1.0065650712931529e-05,3.2232262171605033,8.911991940818064,3.2231365121624704,0.0,320211.44028191315,99.99783115015573,0.004993729846448274,25,sleep,11.296999999991385,0
320000,nan,3.223135527525321,1.0078461855300702e-05,3.223225346833363,8.912005555192435,3.223135527525321,0.0,319804.3088122751,99.99783052275374,0.004995174425980876,26,sleep,11.343999999997322,0
320000,nan,3.223135527525321,1.0078461855300702e-05,3.223225346833363,8.912005555192435,3.223135527525321,0.0,319804.3088122751,99.99783052275374,0.004995174425980876,26,sleep,11.390999999988708,0
320000,nan,3.223135527525321,1.0078461855300702e-05,3.223225346833363,8.912005555192435,3.223135527525321,0.0,319804.3088122751,99.99783052275374,0.004995174425980876,26,sleep,11.437999999994645,0
320000,nan,3.223135527525321,1.0078461855300702e-05,3.223225346833363,8.912005555192435,3.223135527525321,0.0,319804.3088122751,99.99783052275374,0.004995174425980876,26,sleep,11.48399999999674,0
320000,nan,3.223135527525321,1.0078461855300702e-05,3.223225346833363,8.912005555192435,3.223135527525321,0.0,319804.3088122751,99.99783052275374,0.004995174425980876,26,sleep,11.546999999991385,0
320000,nan,3.223135527525321,1.0078461855300702e-05,3.223225346833363,8.912005555192435,3.223135527525321,0.0,319804.3088122751,99.99783052275374,0.004995174425980876,26,sleep,11.593999999997322,0
320000,nan,3.223135527525321,1.0078461855300702e-05,3.223225346833363,8.912005555192435,3.223135527525321,0.0,319804.3088122751,99.99783052275374,0.004995174425980876,26,sleep,11.640999999988708,0
320000,nan,3.223135527525321,1.0078461855300702e-05,3.223225346833363,8.912005555192435,3.223135527525321,0.0,319804.3088122751,99.99783052275374,0.004995174425980876,26,sleep,11.687999999994645,0
320000,nan,3.223135527525321,1.0078461855300702e-05,3.223225346833363,8.912005555192435,3.223135527525321,0.0,319804.3088122751,99.99783052275374,0.004995174425980876,26,sleep,11.73399999999674,0
320000,nan,3.223135527525321,1.0078461855300702e-05,3.223225346833363,8.912005555192435,3.223135527525321,0.0,319804.3088122751,99.99783052275374,0.004995174425980876,26,sleep,11.796999999991385,0
320000,nan,3.2231348500311774,1.0057016879727598e-05,3.223224478358107,8.912019140598105,3.2231348500311774,0.0,320486.17284596607,99.99782989668672,0.004996615931733646,27,sleep,11.843999999997322,0
320000,nan,3.2231348500311774,1.0057016879727598e-05,3.223224478358107,8.912019140598105,3.2231348500311774,0.0,320486.17284596607,99.99782989668672,0.004996615931733646,27,sleep,11.890999999988708,0
320000,nan,3.2231348500311774,1.0057016879727598e-05,3.223224478358107,8.912019140598105,3.2231348500311774,0.0,320486.17284596607,99.99782989668672,0.004996615931733646,27,sleep,11.937999999994645,0
320000,nan,3.2231348500311774,1.0057016879727598e-05,3.223224478358107,8.912019140598105,3.2231348500311774,0.0,320486.17284596607,99.99782989668672,0.004996615931733646,27,sleep,11.98399999999674,0
320000,nan,3.2231348500311774,1.0057016879727598e-05,3.223224478358107,8.912019140598105,3.2231348500311774,0.0,320486.17284596607,99.99782989668672,0.004996615931733646,27,sleep,12.046999999991385,0
320000,nan,3.2231348500311774,1.0057016879727598e-05,3.223224478358107,8.912019140598105,3.2231348500311774,0.0,320486.17284596607,99.99782989668672,0.004996615931733646,27,sleep,12.093999999997322,0
320000,nan,3.2231348500311774,1.0057016879727598e-05,3.223224478358107,8.912019140598105,3.2231348500311774,0.0,320486.17284596607,99.99782989668672,0.004996615931733646,27,sleep,12.140999999988708,0
320000,nan,3.2231348500311774,1.0057016879727598e-05,3.223224478358107,8.912019140598105,3.2231348500311774,0.0,320486.17284596607,99.99782989668672,0.004996615931733646,27,sleep,12.187999999994645,0
320000,nan,3.2231348500311774,1.0057016879727598e-05,3.223224478358107,8.912019140598105,3.2231348500311774,0.0,320486.17284596607,99.99782989668672,0.004996615931733646,27,sleep,12.23399999999674,0
320000,nan,3.2231348500311774,1.0057016879727598e-05,3.223224478358107,8.912019140598105,3.2231348500311774,0.0,320486.17284596607,99.99782989668672,0.004996615931733646,27,sleep,12.296999999991385,0
320000,nan,3.2231348500311774,1.0057016879727598e-05,3.223224478358107,8.912019140598105,3.2231348500311774,0.0,320486.17284596607,99.99782989668672,0.004996615931733646,27,sleep,12.343999999997322,0
320000,nan,3.2231339208890506,1.0063930858450476e-05,3.223223610970042,8.91203270899704,3.2231339208890506,0.0,320265.9046671263,99.99782927140345,0.004998055632953673,28,sleep,12.390999999988708,0
320000,nan,3.2231339208890506,1.0063930858450476e-05,3.223223610970042,8.91203270899704,3.2231339208890506,0.0,320265.9046671263,99.99782927140345,0.004998055632953673,28,sleep,12.437999999994645,0
320000,nan,3.2231339208890506,1.0063930858450476e-05,3.223223610970042,8.91203270899704,3.2231339208890506,0.0,320265.9046671263,99.99782927140345,0.004998055632953673,28,sleep,12.48399999999674,0
320000,nan,3.2231339208890506,1.0063930858450476e-05,3.223223610970042,8.91203270899704,3.2231339208890506,0.0,320265.9046671263,99.99782927140345,0.004998055632953673,28,sleep,12.546999999991385,0
320000,nan,3.2231339208890506,1.0063930858450476e-05,3.223223610970042,8.91203270899704,3.2231339208890506,0.0,320265.9046671263,99.99782927140345,0.004998055632953673,28,sleep,12.593999999997322,0
320000,nan,3.2231339208890506,1.0063930858450476e-05,3.223223610970042,8.91203270899704,3.2231339208890506,0.0,320265.9046671263,99.99782927140345,0.004998055632953673,28,sleep,12.640999999988708,0
320000,nan,3.2231339208890506,1.0063930858450476e-05,3.223223610970042,8.91203270899704,3.2231339208890506,0.0,320265.9046671263,99.99782927140345,0.004998055632953673,28,sleep,12.687999999994645,0
320000,nan,3.2231339208890506,1.0063930858450476e-05,3.223223610970042,8.91203270899704,3.2231339208890506,0.0,320265.9046671263,99.99782927140345,0.004998055632953673,28,sleep,12.73399999999674,0
320000,nan,3.2231339208890506,1.0063930858450476e-05,3.223223610970042,8.91203270899704,3.2231339208890506,0.0,320265.9046671263,99.99782927140345,0.004998055632953673,28,sleep,12.796999999991385,0
320000,nan,3.2231339208890506,1.0063930858450476e-05,3.223223610970042,8.91203270899704,3.2231339208890506,0.0,320265.9046671263,99.99782927140345,0.004998055632953673,28,sleep,12.843999999997322,0
320000,nan,3.2231331622459063,1.0051643585029524e-05,3.223222742958798,8.912046287144257,3.2231331622459063,0.0,320657.3268322306,99.99782864567092,0.004999496368534203,29,sleep,12.890999999988708,0
320000,nan,3.2231331622459063,1.0051643585029524e-05,3.223222742958798,8.912046287144257,3.2231331622459063,0.0,320657.3268322306,99.99782864567092,0.004999496368534203,29,sleep,12.937999999994645,0
320000,nan,3.2231331622459063,1.0051643585029524e-05,3.223222742958798,8.912046287144257,3.2231331622459063,0.0,320657.3268322306,99.99782864567092,0.004999496368534203,29,sleep,12.98399999999674,0
320000,nan,3.2231331622459063,1.0051643585029524e-05,3.223222742958798,8.912046287144257,3.2231331622459063,0.0,320657.3268322306,99.99782864567092,0.004999496368534203,29,sleep,13.046999999991385,0
320000,nan,3.2231331622459063,1.0051643585029524e-05,3.223222742958798,8.912046287144257,3.2231331622459063,0.0,320657.3268322306,99.99782864567092,0.004999496368534203,29,sleep,13.093999999997322,0
320000,nan,3.2231331622459063,1.0051643585029524e-05,3.223222742958798,8.912046287144257,3.2231331622459063,0.0,320657.3268322306,99.99782864567092,0.004999496368534203,29,sleep,13.140999999988708,0
320000,nan,3.2231331622459063,1.0051643585029524e-05,3.223222742958798,8.912046287144257,3.2231331622459063,0.0,320657.3268322306,99.99782864567092,0.004999496368534203,29,sleep,13.187999999994645,0
320000,nan,3.2231331622459063,1.0051643585029524e-05,3.223222742958798,8.912046287144257,3.2231331622459063,0.0,320657.3268322306,99.99782864567092,0.004999496368534203,29,sleep,13.23399999999674,0
320000,nan,3.2231331622459063,1.0051643585029524e-05,3.223222742958798,8.912046287144257,3.2231331622459063,0.0,320657.3268322306,99.99782864567092,0.004999496368534203,29,sleep,13.296999999991385,0
320000,nan,3.2231331622459063,1.0051643585029524e-05,3.223222742958798,8.912046287144257,3.2231331622459063,0.0,320657.3268322306,99.99782864567092,0.004999496368534203,29,sleep,13.343999999997322,0
320000,nan,3.223132226888811,1.0059299711429048e-05,3.223221875969881,8.912059849299384,3.223132226888811,0.0,320413.1817671953,99.9978280206754,0.00500093540724292,30,sleep,13.390999999988708,0
320000,nan,3.223132226888811,1.0059299711429048e-05,3.223221875969881,8.912059849299384,3.223132226888811,0.0,320413.1817671953,99.9978280206754,0.00500093540724292,30,sleep,13.437999999994645,0
320000,nan,3.223132226888811,1.0059299711429048e-05,3.223221875969881,8.912059849299384,3.223132226888811,0.0,320413.1817671953,99.9978280206754,0.00500093540724292,30,sleep,13.48399999999674,0
320000,nan,3.223132226888811,1.0059299711429048e-05,3.223221875969881,8.912059849299384,3.223132226888811,0.0,320413.1817671953,99.9978280206754,0.00500093540724292,30,sleep,13.546999999991385,0
320000,nan,3.223132226888811,1.0059299711429048e-05,3.223221875969881,8.912059849299384,3.223132226888811,0.0,320413.1817671953,99.9978280206754,0.00500093540724292,30,sleep,13.593999999997322,0
320000,nan,3.223132226888811,1.0059299711429048e-05,3.223221875969881,8.912059849299384,3.223132226888811,0.0,320413.1817671953,99.9978280206754,0.00500093540724292,30,sleep,13.640999999988708,0
320000,nan,3.223132226888811,1.0059299711429048e-05,3.223221875969881,8.912059849299384,3.223132226888811,0.0,320413.1817671953,99.9978280206754,0.00500093540724292,30,sleep,13.687999999994645,0
320000,nan,3.223132226888811,1.0059299711429048e-05,3.223221875969881,8.912059849299384,3.223132226888811,0.0,320413.1817671953,99.9978280206754,0.00500093540724292,30,sleep,13.73399999999674,0
320000,nan,3.223132226888811,1.0059299711429048e-05,3.223221875969881,8.912059849299384,3.223132226888811,0.0,320413.1817671953,99.9978280206754,0.00500093540724292,30,sleep,13.796999999991385,0
320000,nan,3.223132226888811,1.0059299711429048e-05,3.223221875969881,8.912059849299384,3.223132226888811,0.0,320413.1817671953,99.9978280206754,0.00500093540724292,30,sleep,13.843999999997322,0
320000,nan,3.2231314182859294,1.005560170597164e-05,3.2232210345425085,8.912073011599771,3.2231314182859294,0.0,320530.9351475043,99.99782741410668,0.005002332018590972,31,sleep,13.890999999988708,0
320000,nan,3.2231314182859294,1.005560170597164e-05,3.2232210345425085,8.912073011599771,3.2231314182859294,0.0,320530.9351475043,99.99782741410668,0.005002332018590972,31,sleep,13.937999999994645,0
320000,nan,3.2231314182859294,1.005560170597164e-05,3.2232210345425085,8.912073011599771,3.2231314182859294,0.0,320530.9351475043,99.99782741410668,0.005002332018590972,31,sleep,13.98399999999674,0
320000,nan,3.2231314182859294,1.005560170597164e-05,3.2232210345425085,8.912073011599771,3.2231314182859294,0.0,320530.9351475043,99.99782741410668,0.005002332018590972,31,sleep,14.046999999991385,0
320000,nan,3.2231314182859294,1.005560170597164e-05,3.2232210345425085,8.912073011599771,3.2231314182859294,0.0,320530.9351475043,99.99782741410668,0.005002332018590972,31,sleep,14.093999999997322,0
320000,nan,3.2231314182859294,1.005560170597164e-05,3.2232210345425085,8.912073011599771,3.2231314182859294,0.0,320530.9351475043,99.99782741410668,0.005002332018590972,31,sleep,14.140999999988708,0
320000,nan,3.2231314182859294,1.005560170597164e-05,3.2232210345425085,8.912073011599771,3.2231314182859294,0.0,320530.9351475043,99.99782741410668,0.005002332018590972,31,sleep,14.187999999994645,0
320000,nan,3.2231314182859294,1.005560170597164e-05,3.2232210345425085,8.912073011599771,3.2231314182859294,0.0,320530.9351475043,99.99782741410668,0.005002332018590972,31,sleep,14.23399999999674,0
320000,nan,3.223130677197357,1.004144360194914e-05,3.2232201674120855,8.912086575968459,3.223130677197357,0.0,320982.7993827219,99.99782678900912,0.005003771292173927,32,sleep,14.640999999988708,1
320000,nan,3.223130677197357,1.004144360194914e-05,3.2232201674120855,8.912086575968459,3.223130677197357,0.0,320982.7993827219,99.99782678900912,0.005003771292173927,32,sleep,14.702999999994063,1
320000,nan,3.223130677197357,1.004144360194914e-05,3.2232201674120855,8.912086575968459,3.223130677197357,0.0,320982.7993827219,99.99782678900912,0.005003771292173927,32,sleep,14.75,1
320000,nan,3.223130677197357,1.004144360194914e-05,3.2232201674120855,8.912086575968459,3.223130677197357,0.0,320982.7993827219,99.99782678900912,0.005003771292173927,32,sleep,14.796999999991385,1
320000,nan,3.223130677197357,1.004144360194914e-05,3.2232201674120855,8.912086575968459,3.223130677197357,0.0,320982.7993827219,99.99782678900912,0.005003771292173927,32,sleep,14.843999999997322,1
320000,nan,3.223130677197357,1.004144360194914e-05,3.2232201674120855,8.912086575968459,3.223130677197357,0.0,320982.7993827219,99.99782678900912,0.005003771292173927,32,sleep,14.905999999988126,1
320000,nan,3.2231295894521574,1.0065945389214903e-05,3.2232192981658065,8.912100173435105,3.2231295894521574,0.0,320201.37849203515,99.99782616238629,0.005005214077679683,33,sleep,14.952999999994063,1
320000,nan,3.2231295894521574,1.0065945389214903e-05,3.2232192981658065,8.912100173435105,3.2231295894521574,0.0,320201.37849203515,99.99782616238629,0.005005214077679683,33,sleep,15.0,1
320000,nan,3.2231295894521574,1.0065945389214903e-05,3.2232192981658065,8.912100173435105,3.2231295894521574,0.0,320201.37849203515,99.99782616238629,0.005005214077679683,33,sleep,15.046999999991385,1
320000,nan,3.2231295894521574,1.0065945389214903e-05,3.2232192981658065,8.912100173435105,3.2231295894521574,0.0,320201.37849203515,99.99782616238629,0.005005214077679683,33,sleep,15.093999999997322,1
320000,nan,3.2231295894521574,1.0065945389214903e-05,3.2232192981658065,8.912100173435105,3.2231295894521574,0.0,320201.37849203515,99.99782616238629,0.005005214077679683,33,sleep,15.155999999988126,1
320000,nan,3.2231295894521574,1.0065945389214903e-05,3.2232192981658065,8.912100173435105,3.2231295894521574,0.0,320201.37849203515,99.99782616238629,0.005005214077679683,33,sleep,15.202999999994063,1
320000,nan,3.2231295894521574,1.0065945389214903e-05,3.2232192981658065,8.912100173435105,3.2231295894521574,0.0,320201.37849203515,99.99782616238629,0.005005214077679683,33,sleep,15.25,1
320000,nan,3.2231295894521574,1.0065945389214903e-05,3.2232192981658065,8.912100173435105,3.2231295894521574,0.0,320201.37849203515,99.99782616238629,0.005005214077679683,33,sleep,15.296999999991385,1
320000,nan,3.2231295894521574,1.0065945389214903e-05,3.2232192981658065,8.912100173435105,3.2231295894521574,0.0,320201.37849203515,99.99782616238629,0.005005214077679683,33,sleep,15.343999999997322,1
320000,nan,3.2231295894521574,1.0065945389214903e-05,3.2232192981658065,8.912100173435105,3.2231295894521574,0.0,320201.37849203515,99.99782616238629,0.005005214077679683,33,sleep,15.405999999988126,1
320000,nan,3.2231289062112287,1.0045446288131643e-05,3.223218432370886,8.912113716912762,3.2231289062112287,0.0,320854.72499307944,99.99782553825149,0.005006651134579233,34,sleep,15.452999999994063,1
320000,nan,3.2231289062112287,1.0045446288131643e-05,3.223218432370886,8.912113716912762,3.2231289062112287,0.0,320854.72499307944,99.99782553825149,0.005006651134579233,34,sleep,15.5,1
320000,nan,3.2231289062112287,1.0045446288131643e-05,3.223218432370886,8.912113716912762,3.2231289062112287,0.0,320854.72499307944,99.99782553825149,0.005006651134579233,34,sleep,15.546999999991385,1
320000,nan,3.2231289062112287,1.0045446288131643e-05,3.223218432370886,8.912113716912762,3.2231289062112287,0.0,320854.72499307944,99.99782553825149,0.005006651134579233,34,sleep,15.593999999997322,1
320000,nan,3.2231289062112287,1.0045446288131643e-05,3.223218432370886,8.912113716912762,3.2231289062112287,0.0,320854.72499307944,99.99782553825149,0.005006651134579233,34,sleep,15.655999999988126,1
320000,nan,3.2231289062112287,1.0045446288131643e-05,3.223218432370886,8.912113716912762,3.2231289062112287,0.0,320854.72499307944,99.99782553825149,0.005006651134579233,34,sleep,15.702999999994063,1
320000,nan,3.2231289062112287,1.0045446288131643e-05,3.223218432370886,8.912113716912762,3.2231289062112287,0.0,320854.72499307944,99.99782553825149,0.005006651134579233,34,sleep,15.75,1
320000,nan,3.2231289062112287,1.0045446288131643e-05,3.223218432370886,8.912113716912762,3.2231289062112287,0.0,320854.72499307944,99.99782553825149,0.005006651134579233,34,sleep,15.796999999991385,1
320000,nan,3.2231289062112287,1.0045446288131643e-05,3.223218432370886,8.912113716912762,3.2231289062112287,0.0,320854.72499307944,99.99782553825149,0.005006651134579233,34,sleep,15.843999999997322,1
320000,nan,3.2231289062112287,1.0045446288131643e-05,3.223218432370886,8.912113716912762,3.2231289062112287,0.0,320854.72499307944,99.99782553825149,0.005006651134579233,34,sleep,15.905999999988126,1
320000,nan,3.2231278830930497,1.006272759696003e-05,3.22321756340248,8.91212731003269,3.2231278830930497,0.0,320303.6007917737,99.99782491182897,0.00500809345886814,35,sleep,15.952999999994063,1
320000,nan,3.2231278830930497,1.006272759696003e-05,3.22321756340248,8.91212731003269,3.2231278830930497,0.0,320303.6007917737,99.99782491182897,0.00500809345886814,35,sleep,16.0,1
320000,nan,3.2231278830930497,1.006272759696003e-05,3.22321756340248,8.91212731003269,3.2231278830930497,0.0,320303.6007917737,99.99782491182897,0.00500809345886814,35,sleep,16.046999999991385,1
320000,nan,3.2231278830930497,1.006272759696003e-05,3.22321756340248,8.91212731003269,3.2231278830930497,0.0,320303.6007917737,99.99782491182897,0.00500809345886814,35,sleep,16.093999999997322,1
320000,nan,3.2231278830930497,1.006272759696003e-05,3.22321756340248,8.91212731003269,3.2231278830930497,0.0,320303.6007917737,99.99782491182897,0.00500809345886814,35,sleep,16.155999999988126,1
320000,nan,3.2231278830930497,1.006272759696003e-05,3.22321756340248,8.91212731003269,3.2231278830930497,0.0,320303.6007917737,99.99782491182897,0.00500809345886814,35,sleep,16.202999999994063,1
320000,nan,3.2231278830930497,1.006272759696003e-05,3.22321756340248,8.91212731003269,3.2231278830930497,0.0,320303.6007917737,99.99782491182897,0.00500809345886814,35,sleep,16.25,1
320000,nan,3.2231278830930497,1.006272759696003e-05,3.22321756340248,8.91212731003269,3.2231278830930497,0.0,320303.6007917737,99.99782491182897,0.00500809345886814,35,sleep,16.296999999991385,1
320000,nan,3.2231278830930497,1.006272759696003e-05,3.22321756340248,8.91212731003269,3.2231278830930497,0.0,320303.6007917737,99.99782491182897,0.00500809345886814,35,sleep,16.343999999997322,1
320000,nan,3.2231278830930497,1.006272759696003e-05,3.22321756340248,8.91212731003269,3.2231278830930497,0.0,320303.6007917737,99.99782491182897,0.00500809345886814,35,sleep,16.405999999988126,1
320000,nan,3.2231278830930497,1.006272759696003e-05,3.22321756340248,8.91212731003269,3.2231278830930497,0.0,320303.6007917737,99.99782491182897,0.00500809345886814,35,sleep,16.452999999994063,1
320000,nan,3.2231270595569113,1.0057663530460559e-05,3.2232166948713825,8.91214089631188,3.2231270595569113,0.0,320464.7928214515,99.9978242857217,0.0050095350573075145,36,sleep,16.5,1
320000,nan,3.2231270595569113,1.0057663530460559e-05,3.2232166948713825,8.91214089631188,3.2231270595569113,0.0,320464.7928214515,99.9978242857217,0.0050095350573075145,36,sleep,16.546999999991385,1
320000,nan,3.2231270595569113,1.0057663530460559e-05,3.2232166948713825,8.91214089631188,3.2231270595569113,0.0,320464.7928214515,99.9978242857217,0.0050095350573075145,36,sleep,16.593999999997322,1
320000,nan,3.2231270595569113,1.0057663530460559e-05,3.2232166948713825,8.91214089631188,3.2231270595569113,0.0,320464.7928214515,99.9978242857217,0.0050095350573075145,36,sleep,16.655999999988126,1
320000,nan,3.2231270595569113,1.0057663530460559e-05,3.2232166948713825,8.91214089631188,3.2231270595569113,0.0,320464.7928214515,99.9978242857217,0.0050095350573075145,36,sleep,16.702999999994063,1
320000,nan,3.2231270595569113,1.0057663530460559e-05,3.2232166948713825,8.91214089631188,3.2231270595569113,0.0,320464.7928214515,99.9978242857217,0.0050095350573075145,36,sleep,16.75,1
320000,nan,3.2231270595569113,1.0057663530460559e-05,3.2232166948713825,8.91214089631188,3.2231270595569113,0.0,320464.7928214515,99.9978242857217,0.0050095350573075145,36,sleep,16.796999999991385,1
320000,nan,3.2231270595569113,1.0057663530460559e-05,3.2232166948713825,8.91214089631188,3.2231270595569113,0.0,320464.7928214515,99.9978242857217,0.0050095350573075145,36,sleep,16.843999999997322,1
320000,nan,3.2231270595569113,1.0057663530460559e-05,3.2232166948713825,8.91214089631188,3.2231270595569113,0.0,320464.7928214515,99.9978242857217,0.0050095350573075145,36,sleep,16.905999999988126,1
320000,nan,3.2231270595569113,1.0057663530460559e-05,3.2232166948713825,8.91214089631188,3.2231270595569113,0.0,320464.7928214515,99.9978242857217,0.0050095350573075145,36,sleep,16.952999999994063,1
320000,nan,3.223126141414717,1.0063348781841341e-05,3.223215827533485,8.912154463926047,3.223126141414717,0.0,320283.6561951066,99.9978236604746,0.005010974675258248,37,sleep,17.0,1
320000,nan,3.223126141414717,1.0063348781841341e-05,3.223215827533485,8.912154463926047,3.223126141414717,0.0,320283.6561951066,99.9978236604746,0.005010974675258248,37,sleep,17.046999999991385,1
320000,nan,3.223126141414717,1.0063348781841341e-05,3.223215827533485,8.912154463926047,3.223126141414717,0.0,320283.6561951066,99.9978236604746,0.005010974675258248,37,sleep,17.093999999997322,1
320000,nan,3.223126141414717,1.0063348781841341e-05,3.223215827533485,8.912154463926047,3.223126141414717,0.0,320283.6561951066,99.9978236604746,0.005010974675258248,37,sleep,17.155999999988126,1
320000,nan,3.223126141414717,1.0063348781841341e-05,3.223215827533485,8.912154463926047,3.223126141414717,0.0,320283.6561951066,99.9978236604746,0.005010974675258248,37,sleep,17.202999999994063,1
320000,nan,3.223126141414717,1.0063348781841341e-05,3.223215827533485,8.912154463926047,3.223126141414717,0.0,320283.6561951066,99.9978236604746,0.005010974675258248,37,sleep,17.25,1
320000,nan,3.223126141414717,1.0063348781841341e-05,3.223215827533485,8.912154463926047,3.223126141414717,0.0,320283.6561951066,99.9978236604746,0.005010974675258248,37,sleep,17.296999999991385,1
320000,nan,3.223126141414717,1.0063348781841341e-05,3.223215827533485,8.912154463926047,3.223126141414717,0.0,320283.6561951066,99.9978236604746,0.005010974675258248,37,sleep,17.343999999997322,1
320000,nan,3.223126141414717,1.0063348781841341e-05,3.223215827533485,8.912154463926047,3.223126141414717,0.0,320283.6561951066,99.9978236604746,0.005010974675258248,37,sleep,17.405999999988126,1
320000,nan,3.223126141414717,1.0063348781841341e-05,3.223215827533485,8.912154463926047,3.223126141414717,0.0,320283.6561951066,99.9978236604746,0.005010974675258248,37,sleep,17.452999999994063,1
320000,nan,3.2231252205895085,1.0069090421893634e-05,3.2232149580156166,8.912168065641126,3.2231252205895085,0.0,320100.9312202953,99.99782303365598,0.005012417911552062,38,sleep,17.5,1
320000,nan,3.2231252205895085,1.0069090421893634e-05,3.2232149580156166,8.912168065641126,3.2231252205895085,0.0,320100.9312202953,99.99782303365598,0.005012417911552062,38,sleep,17.546999999991385,1
320000,nan,3.2231252205895085,1.0069090421893634e-05,3.2232149580156166,8.912168065641126,3.2231252205895085,0.0,320100.9312202953,99.99782303365598,0.005012417911552062,38,sleep,17.593999999997322,1
320000,nan,3.2231252205895085,1.0069090421893634e-05,3.2232149580156166,8.912168065641126,3.2231252205895085,0.0,320100.9312202953,99.99782303365598,0.005012417911552062,38,sleep,17.655999999988126,1
320000,nan,3.2231252205895085,1.0069090421893634e-05,3.2232149580156166,8.912168065641126,3.2231252205895085,0.0,320100.9312202953,99.99782303365598,0.005012417911552062,38,sleep,17.702999999994063,1
320000,nan,3.2231252205895085,1.0069090421893634e-05,3.2232149580156166,8.912168065641126,3.2231252205895085,0.0,320100.9312202953,99.99782303365598,0.005012417911552062,38,sleep,17.75,1
320000,nan,3.2231252205895085,1.0069090421893634e-05,3.2232149580156166,8.912168065641126,3.2231252205895085,0.0,320100.9312202953,99.99782303365598,0.005012417911552062,38,sleep,17.796999999991385,1
320000,nan,3.2231252205895085,1.0069090421893634e-05,3.2232149580156166,8.912168065641126,3.2231252205895085,0.0,320100.9312202953,99.99782303365598,0.005012417911552062,38,sleep,17.843999999997322,1
320000,nan,3.2231252205895085,1.0069090421893634e-05,3.2232149580156166,8.912168065641126,3.2231252205895085,0.0,320100.9312202953,99.99782303365598,0.005012417911552062,38,sleep,17.905999999988126,1
320000,nan,3.2231252205895085,1.0069090421893634e-05,3.2232149580156166,8.912168065641126,3.2231252205895085,0.0,320100.9312202953,99.99782303365598,0.005012417911552062,38,sleep,17.952999999994063,1
320000,nan,3.223124537992005,1.0051294339064043e-05,3.2232141169486734,8.912181222303376,3.223124537992005,0.0,320667.6104852916,99.99782242734709,0.00501381392465471,39,sleep,18.0,1
320000,nan,3.223124537992005,1.0051294339064043e-05,3.2232141169486734,8.912181222303376,3.223124537992005,0.0,320667.6104852916,99.99782242734709,0.00501381392465471,39,sleep,18.046999999991385,1
320000,nan,3.223124537992005,1.0051294339064043e-05,3.2232141169486734,8.912181222303376,3.223124537992005,0.0,320667.6104852916,99.99782242734709,0.00501381392465471,39,sleep,18.093999999997322,1
320000,nan,3.223124537992005,1.0051294339064043e-05,3.2232141169486734,8.912181222303376,3.223124537992005,0.0,320667.6104852916,99.99782242734709,0.00501381392465471,39,sleep,18.155999999988126,1
320000,nan,3.223124537992005,1.0051294339064043e-05,3.2232141169486734,8.912181222303376,3.223124537992005,0.0,320667.6104852916,99.99782242734709,0.00501381392465471,39,sleep,18.202999999994063,1
320000,nan,3.223124537992005,1.0051294339064043e-05,3.2232141169486734,8.912181222303376,3.223124537992005,0.0,320667.6104852916,99.99782242734709,0.00501381392465471,39,sleep,18.25,1
320000,nan,3.223124537992005,1.0051294339064043e-05,3.2232141169486734,8.912181222303376,3.223124537992005,0.0,320667.6104852916,99.99782242734709,0.00501381392465471,39,sleep,18.296999999991385,1
320000,nan,3.223124537992005,1.0051294339064043e-05,3.2232141169486734,8.912181222303376,3.223124537992005,0.0,320667.6104852916,99.99782242734709,0.00501381392465471,39,sleep,18.343999999997322,1
320000,nan,3.223124537992005,1.0051294339064043e-05,3.2232141169486734,8.912181222303376,3.223124537992005,0.0,320667.6104852916,99.99782242734709,0.00501381392465471,39,sleep,18.405999999988126,1
320000,nan,3.223124537992005,1.0051294339064043e-05,3.2232141169486734,8.912181222303376,3.223124537992005,0.0,320667.6104852916,99.99782242734709,0.00501381392465471,39,sleep,18.452999999994063,1
320000,nan,3.223124537992005,1.0051294339064043e-05,3.2232141169486734,8.912181222303376,3.223124537992005,0.0,320667.6104852916,99.99782242734709,0.00501381392465471,39,sleep,18.5,1
320000,nan,3.22312354514688,1.0065342394227628e-05,3.2232132494389516,8.912194792605371,3.22312354514688,0.0,320219.96062402293,99.9978218019761,0.0050152538278027715,40,sleep,18.546999999991385,1
320000,nan,3.22312354514688,1.0065342394227628e-05,3.2232132494389516,8.912194792605371,3.22312354514688,0.0,320219.96062402293,99.9978218019761,0.0050152538278027715,40,sleep,18.593999999997322,1
320000,nan,3.22312354514688,1.0065342394227628e-05,3.2232132494389516,8.912194792605371,3.22312354514688,0.0,320219.96062402293,99.9978218019761,0.0050152538278027715,40,sleep,18.655999999988126,1
320000,nan,3.22312354514688,1.0065342394227628e-05,3.2232132494389516,8.912194792605371,3.22312354514688,0.0,320219.96062402293,99.9978218019761,0.0050152538278027715,40,sleep,18.702999999994063,1
320000,nan,3.22312354514688,1.0065342394227628e-05,3.2232132494389516,8.912194792605371,3.22312354514688,0.0,320219.96062402293,99.9978218019761,0.0050152538278027715,40,sleep,18.75,1
320000,nan,3.22312354514688,1.0065342394227628e-05,3.2232132494389516,8.912194792605371,3.22312354514688,0.0,320219.96062402293,99.9978218019761,0.0050152538278027715,40,sleep,18.796999999991385,1
320000,nan,3.22312354514688,1.0065342394227628e-05,3.2232132494389516,8.912194792605371,3.22312354514688,0.0,320219.96062402293,99.9978218019761,0.0050152538278027715,40,sleep,18.843999999997322,1
320000,nan,3.22312354514688,1.0065342394227628e-05,3.2232132494389516,8.912194792605371,3.22312354514688,0.0,320219.96062402293,99.9978218019761,0.0050152538278027715,40,sleep,18.905999999988126,1
320000,nan,3.22312354514688,1.0065342394227628e-05,3.2232132494389516,8.912194792605371,3.22312354514688,0.0,320219.96062402293,99.9978218019761,0.0050152538278027715,40,sleep,18.952999999994063,1
320000,nan,3.22312354514688,1.0065342394227628e-05,3.2232132494389516,8.912194792605371,3.22312354514688,0.0,320219.96062402293,99.9978218019761,0.0050152538278027715,40,sleep,19.0,1
320000,nan,3.223122799764894,1.0051568096969277e-05,3.2232123814342257,8.912208370650617,3.223122799764894,0.0,320658.7040619783,99.9978211762483,0.005016694552563346,41,sleep,19.046999999991385,1
320000,nan,3.223122799764894,1.0051568096969277e-05,3.2232123814342257,8.912208370650617,3.223122799764894,0.0,320658.7040619783,99.9978211762483,0.005016694552563346,41,sleep,19.093999999997322,1
320000,nan,3.223122799764894,1.0051568096969277e-05,3.2232123814342257,8.912208370650617,3.223122799764894,0.0,320658.7040619783,99.9978211762483,0.005016694552563346,41,sleep,19.155999999988126,1
320000,nan,3.223122799764894,1.0051568096969277e-05,3.2232123814342257,8.912208370650617,3.223122799764894,0.0,320658.7040619783,99.9978211762483,0.005016694552563346,41,sleep,19.202999999994063,1
320000,nan,3.223122799764894,1.0051568096969277e-05,3.2232123814342257,8.912208370650617,3.223122799764894,0.0,320658.7040619783,99.9978211762483,0.005016694552563346,41,sleep,19.25,1
320000,nan,3.223122799764894,1.0051568096969277e-05,3.2232123814342257,8.912208370650617,3.223122799764894,0.0,320658.7040619783,99.9978211762483,0.005016694552563346,41,sleep,19.296999999991385,1
320000,nan,3.223122799764894,1.0051568096969277e-05,3.2232123814342257,8.912208370650617,3.223122799764894,0.0,320658.7040619783,99.9978211762483,0.005016694552563346,41,sleep,19.343999999997322,1
320000,nan,3.223122799764894,1.0051568096969277e-05,3.2232123814342257,8.912208370650617,3.223122799764894,0.0,320658.7040619783,99.9978211762483,0.005016694552563346,41,sleep,19.405999999988126,1
320000,nan,3.223122799764894,1.0051568096969277e-05,3.2232123814342257,8.912208370650617,3.223122799764894,0.0,320658.7040619783,99.9978211762483,0.005016694552563346,41,sleep,19.452999999994063,1
320000,nan,3.223122799764894,1.0051568096969277e-05,3.2232123814342257,8.912208370650617,3.223122799764894,0.0,320658.7040619783,99.9978211762483,0.005016694552563346,41,sleep,19.5,1
320000,nan,3.2231217201283515,1.0075071259052493e-05,3.223211511399881,8.912221980444839,3.2231217201283515,0.0,319910.5631369469,99.99782054905737,0.005018138646110446,42,sleep,19.546999999991385,1
320000,nan,3.2231217201283515,1.0075071259052493e-05,3.223211511399881,8.912221980444839,3.2231217201283515,0.0,319910.5631369469,99.99782054905737,0.005018138646110446,42,sleep,19.593999999997322,1
3200,nan,3.2231217201283515,1.0075071259052493e-05,3.223211511399881,8.912221980444839,3.2231217201283515,0.0,319910.5631369469,99.99782054905737,0.005018138646110446,42,wake,19.98399999999674,1
3200,nan,3.2231209868107173,1.0060050044558011e-05,3.223210644346295,8.91223554361158,3.2231209868107173,0.0,320388.16631476564,99.9978199240152,0.0050195777921584845,43,wake,20.046999999991385,1
3200,nan,3.2231209868107173,1.0060050044558011e-05,3.223210644346295,8.91223554361158,3.2231209868107173,0.0,320388.16631476564,99.9978199240152,0.0050195777921584845,43,wake,20.093999999997322,1
3200,nan,3.2231209868107173,1.0060050044558011e-05,3.223210644346295,8.91223554361158,3.2231209868107173,0.0,320388.16631476564,99.9978199240152,0.0050195777921584845,43,wake,20.140999999988708,1
3200,nan,3.2231209868107173,1.0060050044558011e-05,3.223210644346295,8.91223554361158,3.2231209868107173,0.0,320388.16631476564,99.9978199240152,0.0050195777921584845,43,wake,20.187999999994645,1
3200,nan,3.2231209868107173,1.0060050044558011e-05,3.223210644346295,8.91223554361158,3.2231209868107173,0.0,320388.16631476564,99.9978199240152,0.0050195777921584845,43,wake,20.25,1
3200,nan,3.2231209868107173,1.0060050044558011e-05,3.223210644346295,8.91223554361158,3.2231209868107173,0.0,320388.16631476564,99.9978199240152,0.0050195777921584845,43,wake,20.296999999991385,1
3200,nan,3.2231209868107173,1.0060050044558011e-05,3.223210644346295,8.91223554361158,3.2231209868107173,0.0,320388.16631476564,99.9978199240152,0.0050195777921584845,43,wake,20.343999999997322,1
3200,nan,3.2231209868107173,1.0060050044558011e-05,3.223210644346295,8.91223554361158,3.2231209868107173,0.0,320388.16631476564,99.9978199240152,0.0050195777921584845,43,wake,20.390999999988708,1
3200,nan,3.2231209868107173,1.0060050044558011e-05,3.223210644346295,8.91223554361158,3.2231209868107173,0.0,320388.16631476564,99.9978199240152,0.0050195777921584845,43,wake,20.437999999994645,1
3200,nan,3.2231209868107173,1.0060050044558011e-05,3.223210644346295,8.91223554361158,3.2231209868107173,0.0,320388.16631476564,99.9978199240152,0.0050195777921584845,43,wake,20.5,1
3200,nan,3.2231209868107173,1.0060050044558011e-05,3.223210644346295,8.91223554361158,3.2231209868107173,0.0,320388.16631476564,99.9978199240152,0.0050195777921584845,43,wake,20.546999999991385,1
320000,nan,3.2141511670802143,0.0010069183772429824,3.2231263879577368,8.91355355147771,3.2141511670802143,0.0,3192.0672417170495,99.9977591852145,0.005159427566775565,44,sleep,20.952999999994063,1
320000,nan,3.2141511670802143,0.0010069183772429824,3.2231263879577368,8.91355355147771,3.2141511670802143,0.0,3192.0672417170495,99.9977591852145,0.005159427566775565,44,sleep,21.015999999988708,1
320000,nan,3.214755804080235,0.0009299445082433522,3.2230460824551677,8.914809756329252,3.214755804080235,0.0,3456.932941249203,99.9977012945311,0.005292719612957954,45,sleep,21.062999999994645,1
320000,nan,3.214755804080235,0.0009299445082433522,3.2230460824551677,8.914809756329252,3.214755804080235,0.0,3456.932941249203,99.9977012945311,0.005292719612957954,45,sleep,21.10899999999674,1
320000,nan,3.214755804080235,0.0009299445082433522,3.2230460824551677,8.914809756329252,3.214755804080235,0.0,3456.932941249203,99.9977012945311,0.005292719612957954,45,sleep,21.155999999988126,1
320000,nan,3.214755804080235,0.0009299445082433522,3.2230460824551677,8.914809756329252,3.214755804080235,0.0,3456.932941249203,99.9977012945311,0.005292719612957954,45,sleep,21.218999999997322,1
320000,nan,3.214755804080235,0.0009299445082433522,3.2230460824551677,8.914809756329252,3.214755804080235,0.0,3456.932941249203,99.9977012945311,0.005292719612957954,45,sleep,21.265999999988708,1
320000,nan,3.214755804080235,0.0009299445082433522,3.2230460824551677,8.914809756329252,3.214755804080235,0.0,3456.932941249203,99.9977012945311,0.005292719612957954,45,sleep,21.312999999994645,1
320000,nan,3.214755804080235,0.0009299445082433522,3.2230460824551677,8.914809756329252,3.214755804080235,0.0,3456.932941249203,99.9977012945311,0.005292719612957954,45,sleep,21.35899999999674,1
320000,nan,3.214755804080235,0.0009299445082433522,3.2230460824551677,8.914809756329252,3.214755804080235,0.0,3456.932941249203,99.9977012945311,0.005292719612957954,45,sleep,21.405999999988126,1
320000,nan,3.214755804080235,0.0009299445082433522,3.2230460824551677,8.914809756329252,3.214755804080235,0.0,3456.932941249203,99.9977012945311,0.005292719612957954,45,sleep,21.468999999997322,1
320000,nan,3.214755804080235,0.0009299445082433522,3.2230460824551677,8.914809756329252,3.214755804080235,0.0,3456.932941249203,99.9977012945311,0.005292719612957954,45,sleep,21.515999999988708,1
320000,nan,3.214755804080235,0.0009299445082433522,3.2230460824551677,8.914809756329252,3.214755804080235,0.0,3456.932941249203,99.9977012945311,0.005292719612957954,45,sleep,21.562999999994645,1
320000,nan,3.2229556189237867,1.0050187484011985e-05,3.223045214569665,8.914823332509513,3.2229556189237867,0.0,320686.1189456337,99.99770066888922,0.005294160139830671,46,sleep,21.60899999999674,1
320000,nan,3.2229556189237867,1.0050187484011985e-05,3.223045214569665,8.914823332509513,3.2229556189237867,0.0,320686.1189456337,99.99770066888922,0.005294160139830671,46,sleep,21.655999999988126,1
320000,nan,3.2229556189237867,1.0050187484011985e-05,3.223045214569665,8.914823332509513,3.2229556189237867,0.0,320686.1189456337,99.99770066888922,0.005294160139830671,46,sleep,21.718999999997322,1
320000,nan,3.2229556189237867,1.0050187484011985e-05,3.223045214569665,8.914823332509513,3.2229556189237867,0.0,320686.1189456337,99.99770066888922,0.005294160139830671,46,sleep,21.765999999988708,1
320000,nan,3.2229556189237867,1.0050187484011985e-05,3.223045214569665,8.914823332509513,3.2229556189237867,0.0,320686.1189456337,99.99770066888922,0.005294160139830671,46,sleep,21.812999999994645,1
320000,nan,3.2229556189237867,1.0050187484011985e-05,3.223045214569665,8.914823332509513,3.2229556189237867,0.0,320686.1189456337,99.99770066888922,0.005294160139830671,46,sleep,21.85899999999674,1
320000,nan,3.2229556189237867,1.0050187484011985e-05,3.223045214569665,8.914823332509513,3.2229556189237867,0.0,320686.1189456337,99.99770066888922,0.005294160139830671,46,sleep,21.905999999988126,1
320000,nan,3.2229556189237867,1.0050187484011985e-05,3.223045214569665,8.914823332509513,3.2229556189237867,0.0,320686.1189456337,99.99770066888922,0.005294160139830671,46,sleep,21.968999999997322,1
320000,nan,3.2229556189237867,1.0050187484011985e-05,3.223045214569665,8.914823332509513,3.2229556189237867,0.0,320686.1189456337,99.99770066888922,0.005294160139830671,46,sleep,22.015999999988708,1
320000,nan,3.2229556189237867,1.0050187484011985e-05,3.223045214569665,8.914823332509513,3.2229556189237867,0.0,320686.1189456337,99.99770066888922,0.005294160139830671,46,sleep,22.062999999994645,1
320000,nan,3.222954710388345,1.0057680810859893e-05,3.2230443729683182,8.914836497531349,3.222954710388345,0.0,320447.1061468091,99.99770006219508,0.005295557039943291,47,sleep,22.10899999999674,1
320000,nan,3.222954710388345,1.0057680810859893e-05,3.2230443729683182,8.914836497531349,3.222954710388345,0.0,320447.1061468091,99.99770006219508,0.005295557039943291,47,sleep,22.155999999988126,1
320000,nan,3.222954710388345,1.0057680810859893e-05,3.2230443729683182,8.914836497531349,3.222954710388345,0.0,320447.1061468091,99.99770006219508,0.005295557039943291,47,sleep,22.218999999997322,1
320000,nan,3.222954710388345,1.0057680810859893e-05,3.2230443729683182,8.914836497531349,3.222954710388345,0.0,320447.1061468091,99.99770006219508,0.005295557039943291,47,sleep,22.265999999988708,1
320000,nan,3.222954710388345,1.0057680810859893e-05,3.2230443729683182,8.914836497531349,3.222954710388345,0.0,320447.1061468091,99.99770006219508,0.005295557039943291,47,sleep,22.312999999994645,1
320000,nan,3.222954710388345,1.0057680810859893e-05,3.2230443729683182,8.914836497531349,3.222954710388345,0.0,320447.1061468091,99.99770006219508,0.005295557039943291,47,sleep,22.35899999999674,1
320000,nan,3.222954710388345,1.0057680810859893e-05,3.2230443729683182,8.914836497531349,3.222954710388345,0.0,320447.1061468091,99.99770006219508,0.005295557039943291,47,sleep,22.405999999988126,1
100,nan,3.2229538056877916,1.006187085295096e-05,3.2230435057578006,8.914850063152942,3.2229538056877916,0.0,320313.5731703969,99.9976994370398,0.0052969964464680865,48,tx,22.796999999991385,1
100,nan,3.2229538056877916,1.006187085295096e-05,3.2230435057578006,8.914850063152942,3.2229538056877916,0.0,320313.5731703969,99.9976994370398,0.0052969964464680865,48,tx,22.85899999999674,1
100,nan,3.2229538056877916,1.006187085295096e-05,3.2230435057578006,8.914850063152942,3.2229538056877916,0.0,320313.5731703969,99.9976994370398,0.0052969964464680865,48,tx,22.905999999988126,1
100,nan,3.2229538056877916,1.006187085295096e-05,3.2230435057578006,8.914850063152942,3.2229538056877916,0.0,320313.5731703969,99.9976994370398,0.0052969964464680865,48,tx,22.952999999994063,1
100,nan,3.2229538056877916,1.006187085295096e-05,3.2230435057578006,8.914850063152942,3.2229538056877916,0.0,320313.5731703969,99.9976994370398,0.0052969964464680865,48,tx,23.0,1
100,nan,3.2229538056877916,1.006187085295096e-05,3.2230435057578006,8.914850063152942,3.2229538056877916,0.0,320313.5731703969,99.9976994370398,0.0052969964464680865,48,tx,23.062999999994645,1
100,nan,3.2229538056877916,1.006187085295096e-05,3.2230435057578006,8.914850063152942,3.2229538056877916,0.0,320313.5731703969,99.9976994370398,0.0052969964464680865,48,tx,23.10899999999674,1
100,nan,3.0379117141282608,0.02050434984266758,3.221272849439732,8.942548128490968,3.0379117141282608,0.0,148.15937776318364,99.99642300515073,0.008235953257269005,49,tx,23.155999999988126,1
320000,nan,3.0379117141282608,0.02050434984266758,3.221272849439732,8.942548128490968,3.0379117141282608,0.0,148.15937776318364,99.99642300515073,0.008235953257269005,49,sleep,23.546999999991385,1
320000,nan,3.0379117141282608,0.02050434984266758,3.221272849439732,8.942548128490968,3.0379117141282608,0.0,148.15937776318364,99.99642300515073,0.008235953257269005,49,sleep,23.60899999999674,1
320000,nan,2.9500755288189007,0.029903599992394447,3.2186955239294415,8.982864778115696,2.9500755288189007,0.0,98.65285549462975,99.99456506104477,0.012513829367287264,50,sleep,23.655999999988126,1
320000,nan,2.9500755288189007,0.029903599992394447,3.2186955239294415,8.982864778115696,2.9500755288189007,0.0,98.65285549462975,99.99456506104477,0.012513829367287264,50,sleep,23.702999999994063,1
320000,nan,2.9500755288189007,0.029903599992394447,3.2186955239294415,8.982864778115696,2.9500755288189007,0.0,98.65285549462975,99.99456506104477,0.012513829367287264,50,sleep,23.75,1
320000,nan,2.9500755288189007,0.029903599992394447,3.2186955239294415,8.982864778115696,2.9500755288189007,0.0,98.65285549462975,99.99456506104477,0.012513829367287264,50,sleep,23.812999999994645,1
320000,nan,2.9500755288189007,0.029903599992394447,3.2186955239294415,8.982864778115696,2.9500755288189007,0.0,98.65285549462975,99.99456506104477,0.012513829367287264,50,sleep,23.85899999999674,1
320000,nan,2.9500755288189007,0.029903599992394447,3.2186955239294415,8.982864778115696,2.9500755288189007,0.0,98.65285549462975,99.99456506104477,0.012513829367287264,50,sleep,23.905999999988126,1
320000,nan,2.9500755288189007,0.029903599992394447,3.2186955239294415,8.982864778115696,2.9500755288189007,0.0,98.65285549462975,99.99456506104477,0.012513829367287264,50,sleep,23.952999999994063,1
320000,nan,2.9500755288189007,0.029903599992394447,3.2186955239294415,8.982864778115696,2.9500755288189007,0.0,98.65285549462975,99.99456506104477,0.012513829367287264,50,sleep,24.0,1
320000,nan,2.9500755288189007,0.029903599992394447,3.2186955239294415,8.982864778115696,2.9500755288189007,0.0,98.65285549462975,99.99456506104477,0.012513829367287264,50,sleep,24.062999999994645,1
320000,nan,2.9500755288189007,0.029903599992394447,3.2186955239294415,8.982864778115696,2.9500755288189007,0.0,98.65285549462975,99.99456506104477,0.012513829367287264,50,sleep,24.10899999999674,1
320000,nan,3.2186104825233506,9.376913112646434e-06,3.218694714184652,8.98287744481101,3.2186104825233506,0.0,343248.4063633353,99.99456447731541,0.012515173391500085,51,sleep,24.155999999988126,1
320000,nan,3.2186104825233506,9.376913112646434e-06,3.218694714184652,8.98287744481101,3.2186104825233506,0.0,343248.4063633353,99.99456447731541,0.012515173391500085,51,sleep,24.202999999994063,1
320000,nan,3.2186104825233506,9.376913112646434e-06,3.218694714184652,8.98287744481101,3.2186104825233506,0.0,343248.4063633353,99.99456447731541,0.012515173391500085,51,sleep,24.25,1
320000,nan,3.2186104825233506,9.376913112646434e-06,3.218694714184652,8.98287744481101,3.2186104825233506,0.0,343248.4063633353,99.99456447731541,0.012515173391500085,51,sleep,24.312999999994645,1
320000,nan,3.2186104825233506,9.376913112646434e-06,3.218694714184652,8.98287744481101,3.2186104825233506,0.0,343248.4063633353,99.99456447731541,0.012515173391500085,51,sleep,24.35899999999674,1
320000,nan,3.2186104825233506,9.376913112646434e-06,3.218694714184652,8.98287744481101,3.2186104825233506,0.0,343248.4063633353,99.99456447731541,0.012515173391500085,51,sleep,24.405999999988126,1
320000,nan,3.2186104825233506,9.376913112646434e-06,3.218694714184652,8.98287744481101,3.2186104825233506,0.0,343248.4063633353,99.99456447731541,0.012515173391500085,51,sleep,24.452999999994063,1
320000,nan,3.2186104825233506,9.376913112646434e-06,3.218694714184652,8.98287744481101,3.2186104825233506,0.0,343248.4063633353,99.99456447731541,0.012515173391500085,51,sleep,24.5,1
320000,nan,3.2186104825233506,9.376913112646434e-06,3.218694714184652,8.98287744481101,3.2186104825233506,0.0,343248.4063633353,99.99456447731541,0.012515173391500085,51,sleep,24.562999999994645,1
320000,nan,3.2186104825233506,9.376913112646434e-06,3.218694714184652,8.98287744481101,3.2186104825233506,0.0,343248.4063633353,99.99456447731541,0.012515173391500085,51,sleep,24.60899999999674,1
320000,nan,3.2186104825233506,9.376913112646434e-06,3.218694714184652,8.98287744481101,3.2186104825233506,0.0,343248.4063633353,99.99456447731541,0.012515173391500085,51,sleep,24.655999999988126,1
320000,nan,3.218604603125645,9.935893103829585e-06,3.218693856169059,8.98289086659802,3.218604603125645,0.0,323937.12064848,99.99456385878857,0.01251659753617827,52,sleep,24.702999999994063,1
320000,nan,3.218604603125645,9.935893103829585e-06,3.218693856169059,8.98289086659802,3.218604603125645,0.0,323937.12064848,99.99456385878857,0.01251659753617827,52,sleep,24.75,1
320000,nan,3.218604603125645,9.935893103829585e-06,3.218693856169059,8.98289086659802,3.218604603125645,0.0,323937.12064848,99.99456385878857,0.01251659753617827,52,sleep,24.812999999994645,1
320000,nan,3.218604603125645,9.935893103829585e-06,3.218693856169059,8.98289086659802,3.218604603125645,0.0,323937.12064848,99.99456385878857,0.01251659753617827,52,sleep,24.85899999999674,1
320000,nan,3.218604603125645,9.935893103829585e-06,3.218693856169059,8.98289086659802,3.218604603125645,0.0,323937.12064848,99.99456385878857,0.01251659753617827,52,sleep,24.905999999988126,1
320000,nan,3.218604603125645,9.935893103829585e-06,3.218693856169059,8.98289086659802,3.218604603125645,0.0,323937.12064848,99.99456385878857,0.01251659753617827,52,sleep,24.952999999994063,1
320000,nan,3.218604603125645,9.935893103829585e-06,3.218693856169059,8.98289086659802,3.218604603125645,0.0,323937.12064848,99.99456385878857,0.01251659753617827,52,sleep,25.0,1
320000,nan,3.218604603125645,9.935893103829585e-06,3.218693856169059,8.98289086659802,3.218604603125645,0.0,323937.12064848,99.99456385878857,0.01251659753617827,52,sleep,25.062999999994645,1
320000,nan,3.218604603125645,9.935893103829585e-06,3.218693856169059,8.98289086659802,3.218604603125645,0.0,323937.12064848,99.99456385878857,0.01251659753617827,52,sleep,25.10899999999674,1
320000,nan,3.218604603125645,9.935893103829585e-06,3.218693856169059,8.98289086659802,3.218604603125645,0.0,323937.12064848,99.99456385878857,0.01251659753617827,52,sleep,25.155999999988126,1
320000,nan,3.218602715247158,1.0049619049823377e-05,3.218692990014497,8.982904415701478,3.218602715247158,0.0,320271.1166751863,99.99456323439449,0.012518035190014562,53,sleep,25.202999999994063,1
320000,nan,3.218602715247158,1.0049619049823377e-05,3.218692990014497,8.982904415701478,3.218602715247158,0.0,320271.1166751863,99.99456323439449,0.012518035190014562,53,sleep,25.25,1
320000,nan,3.218602715247158,1.0049619049823377e-05,3.218692990014497,8.982904415701478,3.218602715247158,0.0,320271.1166751863,99.99456323439449,0.012518035190014562,53,sleep,25.312999999994645,1
320000,nan,3.218602715247158,1.0049619049823377e-05,3.218692990014497,8.982904415701478,3.218602715247158,0.0,320271.1166751863,99.99456323439449,0.012518035190014562,53,sleep,25.35899999999674,1
320000,nan,3.218602715247158,1.0049619049823377e-05,3.218692990014497,8.982904415701478,3.218602715247158,0.0,320271.1166751863,99.99456323439449,0.012518035190014562,53,sleep,25.405999999988126,1
320000,nan,3.218602715247158,1.0049619049823377e-05,3.218692990014497,8.982904415701478,3.218602715247158,0.0,320271.1166751863,99.99456323439449,0.012518035190014562,53,sleep,25.452999999994063,1
320000,nan,3.218602715247158,1.0049619049823377e-05,3.218692990014497,8.982904415701478,3.218602715247158,0.0,320271.1166751863,99.99456323439449,0.012518035190014562,53,sleep,25.5,1
320000,nan,3.218602715247158,1.0049619049823377e-05,3.218692990014497,8.982904415701478,3.218602715247158,0.0,320271.1166751863,99.99456323439449,0.012518035190014562,53,sleep,25.562999999994645,1
320000,nan,3.218602715247158,1.0049619049823377e-05,3.218692990014497,8.982904415701478,3.218602715247158,0.0,320271.1166751863,99.99456323439449,0.012518035190014562,53,sleep,25.60899999999674,1
320000,nan,3.218602715247158,1.0049619049823377e-05,3.218692990014497,8.982904415701478,3.218602715247158,0.0,320271.1166751863,99.99456323439449,0.012518035190014562,53,sleep,25.655999999988126,1
320000,nan,3.218601937567205,1.004262867354555e-05,3.218692149672675,8.98291756102079,3.218601937567205,0.0,320493.97047266085,99.99456262860834,0.012519429999552554,54,sleep,25.702999999994063,1
320000,nan,3.218601937567205,1.004262867354555e-05,3.218692149672675,8.98291756102079,3.218601937567205,0.0,320493.97047266085,99.99456262860834,0.012519429999552554,54,sleep,25.75,1
320000,nan,3.218601937567205,1.004262867354555e-05,3.218692149672675,8.98291756102079,3.218601937567205,0.0,320493.97047266085,99.99456262860834,0.012519429999552554,54,sleep,25.812999999994645,1
320000,nan,3.218601937567205,1.004262867354555e-05,3.218692149672675,8.98291756102079,3.218601937567205,0.0,320493.97047266085,99.99456262860834,0.012519429999552554,54,sleep,25.85899999999674,1
320000,nan,3.218601937567205,1.004262867354555e-05,3.218692149672675,8.98291756102079,3.218601937567205,0.0,320493.97047266085,99.99456262860834,0.012519429999552554,54,sleep,25.905999999988126,1
320000,nan,3.218601937567205,1.004262867354555e-05,3.218692149672675,8.98291756102079,3.218601937567205,0.0,320493.97047266085,99.99456262860834,0.012519429999552554,54,sleep,25.952999999994063,1
320000,nan,3.218601937567205,1.004262867354555e-05,3.218692149672675,8.98291756102079,3.218601937567205,0.0,320493.97047266085,99.99456262860834,0.012519429999552554,54,sleep,26.0,1
320000,nan,3.218601937567205,1.004262867354555e-05,3.218692149672675,8.98291756102079,3.218601937567205,0.0,320493.97047266085,99.99456262860834,0.012519429999552554,54,sleep,26.062999999994645,1
320000,nan,3.218601937567205,1.004262867354555e-05,3.218692149672675,8.98291756102079,3.218601937567205,0.0,320493.97047266085,99.99456262860834,0.012519429999552554,54,sleep,26.10899999999674,1
320000,nan,3.218601937567205,1.004262867354555e-05,3.218692149672675,8.98291756102079,3.218601937567205,0.0,320493.97047266085,99.99456262860834,0.012519429999552554,54,sleep,26.155999999988126,1
320000,nan,3.2186011121829705,1.0037999345513526e-05,3.218691282839681,8.982931120736842,3.2186011121829705,0.0,320641.6937675455,99.99456200372519,0.012520868779458754,55,sleep,26.202999999994063,1
320000,nan,3.2186011121829705,1.0037999345513526e-05,3.218691282839681,8.982931120736842,3.2186011121829705,0.0,320641.6937675455,99.99456200372519,0.012520868779458754,55,sleep,26.25,1
320000,nan,3.2186011121829705,1.0037999345513526e-05,3.218691282839681,8.982931120736842,3.2186011121829705,0.0,320641.6937675455,99.99456200372519,0.012520868779458754,55,sleep,26.312999999994645,1
320000,nan,3.2186011121829705,1.0037999345513526e-05,3.218691282839681,8.982931120736842,3.2186011121829705,0.0,320641.6937675455,99.99456200372519,0.012520868779458754,55,sleep,26.35899999999674,1
320000,nan,3.2186011121829705,1.0037999345513526e-05,3.218691282839681,8.982931120736842,3.2186011121829705,0.0,320641.6937675455,99.99456200372519,0.012520868779458754,55,sleep,26.405999999988126,1
320000,nan,3.2186011121829705,1.0037999345513526e-05,3.218691282839681,8.982931120736842,3.2186011121829705,0.0,320641.6937675455,99.99456200372519,0.012520868779458754,55,sleep,26.452999999994063,1
320000,nan,3.2186011121829705,1.0037999345513526e-05,3.218691282839681,8.982931120736842,3.2186011121829705,0.0,320641.6937675455,99.99456200372519,0.012520868779458754,55,sleep,26.5,1
320000,nan,3.2186011121829705,1.0037999345513526e-05,3.218691282839681,8.982931120736842,3.2186011121829705,0.0,320641.6937675455,99.99456200372519,0.012520868779458754,55,sleep,26.562999999994645,1
320000,nan,3.2186011121829705,1.0037999345513526e-05,3.218691282839681,8.982931120736842,3.2186011121829705,0.0,320641.6937675455,99.99456200372519,0.012520868779458754,55,sleep,26.60899999999674,1
320000,nan,3.2186011121829705,1.0037999345513526e-05,3.218691282839681,8.982931120736842,3.2186011121829705,0.0,320641.6937675455,99.99456200372519,0.012520868779458754,55,sleep,26.655999999988126,1
320000,nan,3.218600089801058,1.005810554488562e-05,3.2186904412027935,8.982944286314636,3.218600089801058,0.0,320000.62789534585,99.99456139700544,0.01252226573856221,56,sleep,26.702999999994063,1
320000,nan,3.218600089801058,1.005810554488562e-05,3.2186904412027935,8.982944286314636,3.218600089801058,0.0,320000.62789534585,99.99456139700544,0.01252226573856221,56,sleep,26.75,1
320000,nan,3.218600089801058,1.005810554488562e-05,3.2186904412027935,8.982944286314636,3.218600089801058,0.0,320000.62789534585,99.99456139700544,0.01252226573856221,56,sleep,26.812999999994645,1
320000,nan,3.218600089801058,1.005810554488562e-05,3.2186904412027935,8.982944286314636,3.218600089801058,0.0,320000.62789534585,99.99456139700544,0.01252226573856221,56,sleep,26.85899999999674,1
320000,nan,3.218600089801058,1.005810554488562e-05,3.2186904412027935,8.982944286314636,3.218600089801058,0.0,320000.62789534585,99.99456139700544,0.01252226573856221,56,sleep,26.905999999988126,1
320000,nan,3.218600089801058,1.005810554488562e-05,3.2186904412027935,8.982944286314636,3.218600089801058,0.0,320000.62789534585,99.99456139700544,0.01252226573856221,56,sleep,26.952999999994063,1
320000,nan,3.218600089801058,1.005810554488562e-05,3.2186904412027935,8.982944286314636,3.218600089801058,0.0,320000.62789534585,99.99456139700544,0.01252226573856221,56,sleep,27.0,1
320000,nan,3.218600089801058,1.005810554488562e-05,3.2186904412027935,8.982944286314636,3.218600089801058,0.0,320000.62789534585,99.99456139700544,0.01252226573856221,56,sleep,27.062999999994645,1
320000,nan,3.218600089801058,1.005810554488562e-05,3.2186904412027935,8.982944286314636,3.218600089801058,0.0,320000.62789534585,99.99456139700544,0.01252226573856221,56,sleep,27.10899999999674,1
320000,nan,3.218600089801058,1.005810554488562e-05,3.2186904412027935,8.982944286314636,3.218600089801058,0.0,320000.62789534585,99.99456139700544,0.01252226573856221,56,sleep,27.155999999988126,1
320000,nan,3.218600089801058,1.005810554488562e-05,3.2186904412027935,8.982944286314636,3.218600089801058,0.0,320000.62789534585,99.99456139700544,0.01252226573856221,56,sleep,27.202999999994063,1
320000,nan,3.218599206495279,1.0059715350507759e-05,3.218689572494511,8.982957875365505,3.218599206495279,0.0,319949.3319990234,99.99456077077045,0.012523707631095792,57,sleep,27.25,1
320000,nan,3.218599206495279,1.0059715350507759e-05,3.218689572494511,8.982957875365505,3.218599206495279,0.0,319949.3319990234,99.99456077077045,0.012523707631095792,57,sleep,27.312999999994645,1
320000,nan,3.218599206495279,1.0059715350507759e-05,3.218689572494511,8.982957875365505,3.218599206495279,0.0,319949.3319990234,99.99456077077045,0.012523707631095792,57,sleep,27.35899999999674,1
320000,nan,3.218599206495279,1.0059715350507759e-05,3.218689572494511,8.982957875365505,3.218599206495279,0.0,319949.3319990234,99.99456077077045,0.012523707631095792,57,sleep,27.405999999988126,1
320000,nan,3.218599206495279,1.0059715350507759e-05,3.218689572494511,8.982957875365505,3.218599206495279,0.0,319949.3319990234,99.99456077077045,0.012523707631095792,57,sleep,27.452999999994063,1
320000,nan,3.218599206495279,1.0059715350507759e-05,3.218689572494511,8.982957875365505,3.218599206495279,0.0,319949.3319990234,99.99456077077045,0.012523707631095792,57,sleep,27.5,1
320000,nan,3.218599206495279,1.0059715350507759e-05,3.218689572494511,8.982957875365505,3.218599206495279,0.0,319949.3319990234,99.99456077077045,0.012523707631095792,57,sleep,27.562999999994645,1
320000,nan,3.218599206495279,1.0059715350507759e-05,3.218689572494511,8.982957875365505,3.218599206495279,0.0,319949.3319990234,99.99456077077045,0.012523707631095792,57,sleep,27.60899999999674,1
320000,nan,3.218599206495279,1.0059715350507759e-05,3.218689572494511,8.982957875365505,3.218599206495279,0.0,319949.3319990234,99.99456077077045,0.012523707631095792,57,sleep,27.655999999988126,1
320000,nan,3.218599206495279,1.0059715350507759e-05,3.218689572494511,8.982957875365505,3.218599206495279,0.0,319949.3319990234,99.99456077077045,0.012523707631095792,57,sleep,27.702999999994063,1
320000,nan,3.218598386522996,1.0054512131318916e-05,3.218688705918225,8.982971431065916,3.218598386522996,0.0,320114.8245171784,99.99456014607236,0.012525145984914577,58,sleep,27.75,1
320000,nan,3.218598386522996,1.0054512131318916e-05,3.218688705918225,8.982971431065916,3.218598386522996,0.0,320114.8245171784,99.99456014607236,0.012525145984914577,58,sleep,27.812999999994645,1
320000,nan,3.218598386522996,1.0054512131318916e-05,3.218688705918225,8.982971431065916,3.218598386522996,0.0,320114.8245171784,99.99456014607236,0.012525145984914577,58,sleep,27.85899999999674,1
320000,nan,3.218598386522996,1.0054512131318916e-05,3.218688705918225,8.982971431065916,3.218598386522996,0.0,320114.8245171784,99.99456014607236,0.012525145984914577,58,sleep,27.905999999988126,1
320000,nan,3.218598386522996,1.0054512131318916e-05,3.218688705918225,8.982971431065916,3.218598386522996,0.0,320114.8245171784,99.99456014607236,0.012525145984914577,58,sleep,27.952999999994063,1
320000,nan,3.218598386522996,1.0054512131318916e-05,3.218688705918225,8.982971431065916,3.218598386522996,0.0,320114.8245171784,99.99456014607236,0.012525145984914577,58,sleep,28.0,1
320000,nan,3.218598386522996,1.0054512131318916e-05,3.218688705918225,8.982971431065916,3.218598386522996,0.0,320114.8245171784,99.99456014607236,0.012525145984914577,58,sleep,28.062999999994645,1
320000,nan,3.218598386522996,1.0054512131318916e-05,3.218688705918225,8.982971431065916,3.218598386522996,0.0,320114.8245171784,99.99456014607236,0.012525145984914577,58,sleep,28.10899999999674,1
320000,nan,3.218598386522996,1.0054512131318916e-05,3.218688705918225,8.982971431065916,3.218598386522996,0.0,320114.8245171784,99.99456014607236,0.012525145984914577,58,sleep,28.155999999988126,1
320000,nan,3.218598386522996,1.0054512131318916e-05,3.218688705918225,8.982971431065916,3.218598386522996,0.0,320114.8245171784,99.99456014607236,0.012525145984914577,58,sleep,28.202999999994063,1
320000,nan,3.21859753459979,1.0052695870399475e-05,3.2186878378161103,8.982985010634604,3.21859753459979,0.0,320172.576201879,99.99455952027434,0.012526586871322676,59,sleep,28.25,1
320000,nan,3.21859753459979,1.0052695870399475e-05,3.2186878378161103,8.982985010634604,3.21859753459979,0.0,320172.576201879,99.99455952027434,0.012526586871322676,59,sleep,28.312999999994645,1
320000,nan,3.21859753459979,1.0052695870399475e-05,3.2186878378161103,8.982985010634604,3.21859753459979,0.0,320172.576201879,99.99455952027434,0.012526586871322676,59,sleep,28.35899999999674,1
320000,nan,3.21859753459979,1.0052695870399475e-05,3.2186878378161103,8.982985010634604,3.21859753459979,0.0,320172.576201879,99.99455952027434,0.012526586871322676,59,sleep,28.405999999988126,1
320000,nan,3.21859753459979,1.0052695870399475e-05,3.2186878378161103,8.982985010634604,3.21859753459979,0.0,320172.576201879,99.99455952027434,0.012526586871322676,59,sleep,28.452999999994063,1
320000,nan,3.21859753459979,1.0052695870399475e-05,3.2186878378161103,8.982985010634604,3.21859753459979,0.0,320172.576201879,99.99455952027434,0.012526586871322676,59,sleep,28.5,1
320000,nan,3.2185967096765498,1.005088779493235e-05,3.218686996783186,8.982998166764707,3.2185967096765498,0.0,320230.09064924234,99.99455891398998,0.012527982827960861,60,sleep,28.905999999988126,2
320000,nan,3.2185967096765498,1.005088779493235e-05,3.218686996783186,8.982998166764707,3.2185967096765498,0.0,320230.09064924234,99.99455891398998,0.012527982827960861,60,sleep,28.968999999997322,2
320000,nan,3.2185967096765498,1.005088779493235e-05,3.218686996783186,8.982998166764707,3.2185967096765498,0.0,320230.09064924234,99.99455891398998,0.012527982827960861,60,sleep,29.015999999988708,2
320000,nan,3.2185967096765498,1.005088779493235e-05,3.218686996783186,8.982998166764707,3.2185967096765498,0.0,320230.09064924234,99.99455891398998,0.012527982827960861,60,sleep,29.062999999994645,2
320000,nan,3.2185967096765498,1.005088779493235e-05,3.218686996783186,8.982998166764707,3.2185967096765498,0.0,320230.09064924234,99.99455891398998,0.012527982827960861,60,sleep,29.10899999999674,2
320000,nan,3.2185967096765498,1.005088779493235e-05,3.218686996783186,8.982998166764707,3.2185967096765498,0.0,320230.09064924234,99.99455891398998,0.012527982827960861,60,sleep,29.171999999991385,2
320000,nan,3.2185967096765498,1.005088779493235e-05,3.218686996783186,8.982998166764707,3.2185967096765498,0.0,320230.09064924234,99.99455891398998,0.012527982827960861,60,sleep,29.218999999997322,2
320000,nan,3.2185957758375117,1.0058323823614046e-05,3.218686129878379,8.983011727604122,3.2185957758375117,0.0,319993.25457002845,99.99455828905506,0.012529421727063405,61,sleep,29.265999999988708,2
320000,nan,3.2185957758375117,1.0058323823614046e-05,3.218686129878379,8.983011727604122,3.2185957758375117,0.0,319993.25457002845,99.99455828905506,0.012529421727063405,61,sleep,29.312999999994645,2
320000,nan,3.2185957758375117,1.0058323823614046e-05,3.218686129878379,8.983011727604122,3.2185957758375117,0.0,319993.25457002845,99.99455828905506,0.012529421727063405,61,sleep,29.35899999999674,2
320000,nan,3.2185957758375117,1.0058323823614046e-05,3.218686129878379,8.983011727604122,3.2185957758375117,0.0,319993.25457002845,99.99455828905506,0.012529421727063405,61,sleep,29.421999999991385,2
320000,nan,3.2185957758375117,1.0058323823614046e-05,3.218686129878379,8.983011727604122,3.2185957758375117,0.0,319993.25457002845,99.99455828905506,0.012529421727063405,61,sleep,29.468999999997322,2
320000,nan,3.2185957758375117,1.0058323823614046e-05,3.218686129878379,8.983011727604122,3.2185957758375117,0.0,319993.25457002845,99.99455828905506,0.012529421727063405,61,sleep,29.515999999988708,2
320000,nan,3.2185957758375117,1.0058323823614046e-05,3.218686129878379,8.983011727604122,3.2185957758375117,0.0,319993.25457002845,99.99455828905506,0.012529421727063405,61,sleep,29.562999999994645,2
320000,nan,3.2185957758375117,1.0058323823614046e-05,3.218686129878379,8.983011727604122,3.2185957758375117,0.0,319993.25457002845,99.99455828905506,0.012529421727063405,61,sleep,29.60899999999674,2
320000,nan,3.2185957758375117,1.0058323823614046e-05,3.218686129878379,8.983011727604122,3.2185957758375117,0.0,319993.25457002845,99.99455828905506,0.012529421727063405,61,sleep,29.671999999991385,2
320000,nan,3.2185957758375117,1.0058323823614046e-05,3.218686129878379,8.983011727604122,3.2185957758375117,0.0,319993.25457002845,99.99455828905506,0.012529421727063405,61,sleep,29.718999999997322,2
320000,nan,3.2185957758375117,1.0058323823614046e-05,3.218686129878379,8.983011727604122,3.2185957758375117,0.0,319993.25457002845,99.99455828905506,0.012529421727063405,61,sleep,29.765999999988708,2
320000,nan,3.2185949600025343,1.0052492143586278e-05,3.2186852617938575,8.983025306897606,3.2185949600025343,0.0,320178.80879977334,99.99455766326972,0.012530862584270662,62,sleep,29.812999999994645,2
320000,nan,3.2185949600025343,1.0052492143586278e-05,3.2186852617938575,8.983025306897606,3.2185949600025343,0.0,320178.80879977334,99.99455766326972,0.012530862584270662,62,sleep,29.85899999999674,2
320000,nan,3.2185949600025343,1.0052492143586278e-05,3.2186852617938575,8.983025306897606,3.2185949600025343,0.0,320178.80879977334,99.99455766326972,0.012530862584270662,62,sleep,29.921999999991385,2
320000,nan,3.2185949600025343,1.0052492143586278e-05,3.2186852617938575,8.983025306897606,3.2185949600025343,0.0,320178.80879977334,99.99455766326972,0.012530862584270662,62,sleep,29.968999999997322,2
320000,nan,3.2185949600025343,1.0052492143586278e-05,3.2186852617938575,8.983025306897606,3.2185949600025343,0.0,320178.80879977334,99.99455766326972,0.012530862584270662,62,sleep,30.015999999988708,2
320000,nan,3.2185949600025343,1.0052492143586278e-05,3.2186852617938575,8.983025306897606,3.2185949600025343,0.0,320178.80879977334,99.99455766326972,0.012530862584270662,62,sleep,30.062999999994645,2
320000,nan,3.2185949600025343,1.0052492143586278e-05,3.2186852617938575,8.983025306897606,3.2185949600025343,0.0,320178.80879977334,99.99455766326972,0.012530862584270662,62,sleep,30.10899999999674,2
320000,nan,3.2185949600025343,1.0052492143586278e-05,3.2186852617938575,8.983025306897606,3.2185949600025343,0.0,320178.80879977334,99.99455766326972,0.012530862584270662,62,sleep,30.171999999991385,2
320000,nan,3.2185949600025343,1.0052492143586278e-05,3.2186852617938575,8.983025306897606,3.2185949600025343,0.0,320178.80879977334,99.99455766326972,0.012530862584270662,62,sleep,30.218999999997322,2
320000,nan,3.2185949600025343,1.0052492143586278e-05,3.2186852617938575,8.983025306897606,3.2185949600025343,0.0,320178.80879977334,99.99455766326972,0.012530862584270662,62,sleep,30.265999999988708,2
320000,nan,3.218594147286189,1.0046372153738048e-05,3.2186843942378283,8.98303887792397,3.218594147286189,0.0,320373.7725452084,99.99455703786536,0.012532302564279332,63,sleep,30.312999999994645,2
320000,nan,3.218594147286189,1.0046372153738048e-05,3.2186843942378283,8.98303887792397,3.218594147286189,0.0,320373.7725452084,99.99455703786536,0.012532302564279332,63,sleep,30.35899999999674,2
320000,nan,3.218594147286189,1.0046372153738048e-05,3.2186843942378283,8.98303887792397,3.218594147286189,0.0,320373.7725452084,99.99455703786536,0.012532302564279332,63,sleep,30.421999999991385,2
320000,nan,3.218594147286189,1.0046372153738048e-05,3.2186843942378283,8.98303887792397,3.218594147286189,0.0,320373.7725452084,99.99455703786536,0.012532302564279332,63,sleep,30.468999999997322,2
320000,nan,3.218594147286189,1.0046372153738048e-05,3.2186843942378283,8.98303887792397,3.218594147286189,0.0,320373.7725452084,99.99455703786536,0.012532302564279332,63,sleep,30.515999999988708,2
320000,nan,3.218594147286189,1.0046372153738048e-05,3.2186843942378283,8.98303887792397,3.218594147286189,0.0,320373.7725452084,99.99455703786536,0.012532302564279332,63,sleep,30.562999999994645,2
320000,nan,3.218594147286189,1.0046372153738048e-05,3.2186843942378283,8.98303887792397,3.218594147286189,0.0,320373.7725452084,99.99455703786536,0.012532302564279332,63,sleep,30.60899999999674,2
320000,nan,3.218594147286189,1.0046372153738048e-05,3.2186843942378283,8.98303887792397,3.218594147286189,0.0,320373.7725452084,99.99455703786536,0.012532302564279332,63,sleep,30.671999999991385,2
320000,nan,3.218594147286189,1.0046372153738048e-05,3.2186843942378283,8.98303887792397,3.218594147286189,0.0,320373.7725452084,99.99455703786536,0.012532302564279332,63,sleep,30.718999999997322,2
320000,nan,3.218594147286189,1.0046372153738048e-05,3.2186843942378283,8.98303887792397,3.218594147286189,0.0,320373.7725452084,99.99455703786536,0.012532302564279332,63,sleep,30.765999999988708,2
320000,nan,3.2185932029894673,1.0055004167952575e-05,3.218683527619135,8.983052434287757,3.2185932029894673,0.0,320098.6443394827,99.99455641313672,0.01253374098848669,64,sleep,30.812999999994645,2
320000,nan,3.2185932029894673,1.0055004167952575e-05,3.218683527619135,8.983052434287757,3.2185932029894673,0.0,320098.6443394827,99.99455641313672,0.01253374098848669,64,sleep,30.85899999999674,2
320000,nan,3.2185932029894673,1.0055004167952575e-05,3.218683527619135,8.983052434287757,3.2185932029894673,0.0,320098.6443394827,99.99455641313672,0.01253374098848669,64,sleep,30.921999999991385,2
320000,nan,3.2185932029894673,1.0055004167952575e-05,3.218683527619135,8.983052434287757,3.2185932029894673,0.0,320098.6443394827,99.99455641313672,0.01253374098848669,64,sleep,30.968999999997322,2
320000,nan,3.2185932029894673,1.0055004167952575e-05,3.218683527619135,8.983052434287757,3.2185932029894673,0.0,320098.6443394827,99.99455641313672,0.01253374098848669,64,sleep,31.015999999988708,2
320000,nan,3.2185932029894673,1.0055004167952575e-05,3.218683527619135,8.983052434287757,3.2185932029894673,0.0,320098.6443394827,99.99455641313672,0.01253374098848669,64,sleep,31.062999999994645,2
320000,nan,3.2185932029894673,1.0055004167952575e-05,3.218683527619135,8.983052434287757,3.2185932029894673,0.0,320098.6443394827,99.99455641313672,0.01253374098848669,64,sleep,31.10899999999674,2
320000,nan,3.2185932029894673,1.0055004167952575e-05,3.218683527619135,8.983052434287757,3.2185932029894673,0.0,320098.6443394827,99.99455641313672,0.01253374098848669,64,sleep,31.171999999991385,2
320000,nan,3.2185932029894673,1.0055004167952575e-05,3.218683527619135,8.983052434287757,3.2185932029894673,0.0,320098.6443394827,99.99455641313672,0.01253374098848669,64,sleep,31.218999999997322,2
320000,nan,3.2185932029894673,1.0055004167952575e-05,3.218683527619135,8.983052434287757,3.2185932029894673,0.0,320098.6443394827,99.99455641313672,0.01253374098848669,64,sleep,31.265999999988708,2
320000,nan,3.218592354016975,1.005582726065768e-05,3.2186826861728886,8.983065596883383,3.218592354016975,0.0,320072.3590996202,99.9945558065544,0.01253513763116178,65,sleep,31.312999999994645,2
320000,nan,3.218592354016975,1.005582726065768e-05,3.2186826861728886,8.983065596883383,3.218592354016975,0.0,320072.3590996202,99.9945558065544,0.01253513763116178,65,sleep,31.35899999999674,2
320000,nan,3.218592354016975,1.005582726065768e-05,3.2186826861728886,8.983065596883383,3.218592354016975,0.0,320072.3590996202,99.9945558065544,0.01253513763116178,65,sleep,31.421999999991385,2
320000,nan,3.218592354016975,1.005582726065768e-05,3.2186826861728886,8.983065596883383,3.218592354016975,0.0,320072.3590996202,99.9945558065544,0.01253513763116178,65,sleep,31.468999999997322,2
320000,nan,3.218592354016975,1.005582726065768e-05,3.2186826861728886,8.983065596883383,3.218592354016975,0.0,320072.3590996202,99.9945558065544,0.01253513763116178,65,sleep,31.515999999988708,2
320000,nan,3.218592354016975,1.005582726065768e-05,3.2186826861728886,8.983065596883383,3.218592354016975,0.0,320072.3590996202,99.9945558065544,0.01253513763116178,65,sleep,31.562999999994645,2
320000,nan,3.218592354016975,1.005582726065768e-05,3.2186826861728886,8.983065596883383,3.218592354016975,0.0,320072.3590996202,99.9945558065544,0.01253513763116178,65,sleep,31.60899999999674,2
320000,nan,3.218592354016975,1.005582726065768e-05,3.2186826861728886,8.983065596883383,3.218592354016975,0.0,320072.3590996202,99.9945558065544,0.01253513763116178,65,sleep,31.671999999991385,2
320000,nan,3.218592354016975,1.005582726065768e-05,3.2186826861728886,8.983065596883383,3.218592354016975,0.0,320072.3590996202,99.9945558065544,0.01253513763116178,65,sleep,31.718999999997322,2
320000,nan,3.218592354016975,1.005582726065768e-05,3.2186826861728886,8.983065596883383,3.218592354016975,0.0,320072.3590996202,99.9945558065544,0.01253513763116178,65,sleep,31.765999999988708,2
320000,nan,3.218592354016975,1.005582726065768e-05,3.2186826861728886,8.983065596883383,3.218592354016975,0.0,320072.3590996202,99.9945558065544,0.01253513763116178,65,sleep,31.812999999994645,2
320000,nan,3.218591471757412,1.0057343388325535e-05,3.218681817669437,8.983079182730116,3.218591471757412,0.0,320024.02100474376,99.99455518046705,0.012536579183714116,66,sleep,31.85899999999674,2
320000,nan,3.218591471757412,1.0057343388325535e-05,3.218681817669437,8.983079182730116,3.218591471757412,0.0,320024.02100474376,99.99455518046705,0.012536579183714116,66,sleep,31.921999999991385,2
320000,nan,3.218591471757412,1.0057343388325535e-05,3.218681817669437,8.983079182730116,3.218591471757412,0.0,320024.02100474376,99.99455518046705,0.012536579183714116,66,sleep,31.968999999997322,2
320000,nan,3.218591471757412,1.0057343388325535e-05,3.218681817669437,8.983079182730116,3.218591471757412,0.0,320024.02100474376,99.99455518046705,0.012536579183714116,66,sleep,32.01599999998871,2
320000,nan,3.218591471757412,1.0057343388325535e-05,3.218681817669437,8.983079182730116,3.218591471757412,0.0,320024.02100474376,99.99455518046705,0.012536579183714116,66,sleep,32.062999999994645,2
320000,nan,3.218591471757412,1.0057343388325535e-05,3.218681817669437,8.983079182730116,3.218591471757412,0.0,320024.02100474376,99.99455518046705,0.012536579183714116,66,sleep,32.10899999999674,2
320000,nan,3.218591471757412,1.0057343388325535e-05,3.218681817669437,8.983079182730116,3.218591471757412,0.0,320024.02100474376,99.99455518046705,0.012536579183714116,66,sleep,32.171999999991385,2
320000,nan,3.218591471757412,1.0057343388325535e-05,3.218681817669437,8.983079182730116,3.218591471757412,0.0,320024.02100474376,99.99455518046705,0.012536579183714116,66,sleep,32.21899999999732,2
320000,nan,3.218591471757412,1.0057343388325535e-05,3.218681817669437,8.983079182730116,3.218591471757412,0.0,320024.02100474376,99.99455518046705,0.012536579183714116,66,sleep,32.26599999998871,2
320000,nan,3.218591471757412,1.0057343388325535e-05,3.218681817669437,8.983079182730116,3.218591471757412,0.0,320024.02100474376,99.99455518046705,0.012536579183714116,66,sleep,32.312999999994645,2
320000,nan,3.2185907151336797,1.0044992450275458e-05,3.2186809502325526,8.983092751892725,3.2185907151336797,0.0,320417.4349623745,99.99455455514858,0.012538018965965332,67,sleep,32.35899999999674,2
320000,nan,3.2185907151336797,1.0044992450275458e-05,3.2186809502325526,8.983092751892725,3.2185907151336797,0.0,320417.4349623745,99.99455455514858,0.012538018965965332,67,sleep,32.421999999991385,2
320000,nan,3.2185907151336797,1.0044992450275458e-05,3.2186809502325526,8.983092751892725,3.2185907151336797,0.0,320417.4349623745,99.99455455514858,0.012538018965965332,67,sleep,32.46899999999732,2
320000,nan,3.2185907151336797,1.0044992450275458e-05,3.2186809502325526,8.983092751892725,3.2185907151336797,0.0,320417.4349623745,99.99455455514858,0.012538018965965332,67,sleep,32.51599999998871,2
320000,nan,3.2185907151336797,1.0044992450275458e-05,3.2186809502325526,8.983092751892725,3.2185907151336797,0.0,320417.4349623745,99.99455455514858,0.012538018965965332,67,sleep,32.562999999994645,2
320000,nan,3.2185907151336797,1.0044992450275458e-05,3.2186809502325526,8.983092751892725,3.2185907151336797,0.0,320417.4349623745,99.99455455514858,0.012538018965965332,67,sleep,32.60899999999674,2
320000,nan,3.2185907151336797,1.0044992450275458e-05,3.2186809502325526,8.983092751892725,3.2185907151336797,0.0,320417.4349623745,99.99455455514858,0.012538018965965332,67,sleep,32.671999999991385,2
320000,nan,3.2185907151336797,1.0044992450275458e-05,3.2186809502325526,8.983092751892725,3.2185907151336797,0.0,320417.4349623745,99.99455455514858,0.012538018965965332,67,sleep,32.71899999999732,2
320000,nan,3.2185907151336797,1.0044992450275458e-05,3.2186809502325526,8.983092751892725,3.2185907151336797,0.0,320417.4349623745,99.99455455514858,0.012538018965965332,67,sleep,32.76599999998871,2
320000,nan,3.2185907151336797,1.0044992450275458e-05,3.2186809502325526,8.983092751892725,3.2185907151336797,0.0,320417.4349623745,99.99455455514858,0.012538018965965332,67,sleep,32.812999999994645,2
320000,nan,3.21858983103748,1.0049781849374995e-05,3.218680109292171,8.983105906575199,3.21858983103748,0.0,320264.6464647038,99.99455394893093,0.012539414768999967,68,sleep,32.85899999999674,2
320000,nan,3.21858983103748,1.0049781849374995e-05,3.218680109292171,8.983105906575199,3.21858983103748,0.0,320264.6464647038,99.99455394893093,0.012539414768999967,68,sleep,32.921999999991385,2
320000,nan,3.21858983103748,1.0049781849374995e-05,3.218680109292171,8.983105906575199,3.21858983103748,0.0,320264.6464647038,99.99455394893093,0.012539414768999967,68,sleep,32.96899999999732,2
320000,nan,3.21858983103748,1.0049781849374995e-05,3.218680109292171,8.983105906575199,3.21858983103748,0.0,320264.6464647038,99.99455394893093,0.012539414768999967,68,sleep,33.01599999998871,2
320000,nan,3.21858983103748,1.0049781849374995e-05,3.218680109292171,8.983105906575199,3.21858983103748,0.0,320264.6464647038,99.99455394893093,0.012539414768999967,68,sleep,33.062999999994645,2
320000,nan,3.21858983103748,1.0049781849374995e-05,3.218680109292171,8.983105906575199,3.21858983103748,0.0,320264.6464647038,99.99455394893093,0.012539414768999967,68,sleep,33.10899999999674,2
320000,nan,3.21858983103748,1.0049781849374995e-05,3.218680109292171,8.983105906575199,3.21858983103748,0.0,320264.6464647038,99.99455394893093,0.012539414768999967,68,sleep,33.171999999991385,2
320000,nan,3.21858983103748,1.0049781849374995e-05,3.218680109292171,8.983105906575199,3.21858983103748,0.0,320264.6464647038,99.99455394893093,0.012539414768999967,68,sleep,33.21899999999732,2
320000,nan,3.21858983103748,1.0049781849374995e-05,3.218680109292171,8.983105906575199,3.21858983103748,0.0,320264.6464647038,99.99455394893093,0.012539414768999967,68,sleep,33.26599999998871,2
320000,nan,3.21858983103748,1.0049781849374995e-05,3.218680109292171,8.983105906575199,3.21858983103748,0.0,320264.6464647038,99.99455394893093,0.012539414768999967,68,sleep,33.312999999994645,2
320000,nan,3.218589017036453,1.0044014743471052e-05,3.218679243620632,8.983119448122817,3.218589017036453,0.0,320448.45604479464,99.99455332488506,0.0125408516211091,69,sleep,33.35899999999674,2
320000,nan,3.218589017036453,1.0044014743471052e-05,3.218679243620632,8.983119448122817,3.218589017036453,0.0,320448.45604479464,99.99455332488506,0.0125408516211091,69,sleep,33.421999999991385,2
320000,nan,3.218589017036453,1.0044014743471052e-05,3.218679243620632,8.983119448122817,3.218589017036453,0.0,320448.45604479464,99.99455332488506,0.0125408516211091,69,sleep,33.46899999999732,2
320000,nan,3.218589017036453,1.0044014743471052e-05,3.218679243620632,8.983119448122817,3.218589017036453,0.0,320448.45604479464,99.99455332488506,0.0125408516211091,69,sleep,33.51599999998871,2
320000,nan,3.218589017036453,1.0044014743471052e-05,3.218679243620632,8.983119448122817,3.218589017036453,0.0,320448.45604479464,99.99455332488506,0.0125408516211091,69,sleep,33.562999999994645,2
320000,nan,3.218589017036453,1.0044014743471052e-05,3.218679243620632,8.983119448122817,3.218589017036453,0.0,320448.45604479464,99.99455332488506,0.0125408516211091,69,sleep,33.60899999999674,2
320000,nan,3.218589017036453,1.0044014743471052e-05,3.218679243620632,8.983119448122817,3.218589017036453,0.0,320448.45604479464,99.99455332488506,0.0125408516211091,69,sleep,33.671999999991385,2
320000,nan,3.218589017036453,1.0044014743471052e-05,3.218679243620632,8.983119448122817,3.218589017036453,0.0,320448.45604479464,99.99455332488506,0.0125408516211091,69,sleep,33.71899999999732,2
320000,nan,3.218589017036453,1.0044014743471052e-05,3.218679243620632,8.983119448122817,3.218589017036453,0.0,320448.45604479464,99.99455332488506,0.0125408516211091,69,sleep,33.76599999998871,2
320000,nan,3.218589017036453,1.0044014743471052e-05,3.218679243620632,8.983119448122817,3.218589017036453,0.0,320448.45604479464,99.99455332488506,0.0125408516211091,69,sleep,33.812999999994645,2
320000,nan,3.218589017036453,1.0044014743471052e-05,3.218679243620632,8.983119448122817,3.218589017036453,0.0,320448.45604479464,99.99455332488506,0.0125408516211091,69,sleep,33.85899999999674,2
3200,nan,3.2185881967218304,1.0038813343271613e-05,3.218678376717345,8.98313300893845,3.2185881967218304,0.0,320614.4079647669,99.99455269995126,0.012542290517688312,70,wake,34.25,2
3200,nan,3.2185881967218304,1.0038813343271613e-05,3.218678376717345,8.98313300893845,3.2185881967218304,0.0,320614.4079647669,99.99455269995126,0.012542290517688312,70,wake,34.312999999994645,2
3200,nan,3.2185881967218304,1.0038813343271613e-05,3.218678376717345,8.98313300893845,3.2185881967218304,0.0,320614.4079647669,99.99455269995126,0.012542290517688312,70,wake,34.35899999999674,2
3200,nan,3.2145401264816447,0.0004562601388897747,3.21863905265952,8.983748148258199,3.2145401264816447,0.0,7045.410835808796,99.99452435199862,0.01260756106533497,71,wake,34.405999999988126,2
3200,nan,3.2145401264816447,0.0004562601388897747,3.21863905265952,8.983748148258199,3.2145401264816447,0.0,7045.410835808796,99.99452435199862,0.01260756106533497,71,wake,34.45299999999406,2
3200,nan,3.2145401264816447,0.0004562601388897747,3.21863905265952,8.983748148258199,3.2145401264816447,0.0,7045.410835808796,99.99452435199862,0.01260756106533497,71,wake,34.51599999998871,2
3200,nan,3.2145401264816447,0.0004562601388897747,3.21863905265952,8.983748148258199,3.2145401264816447,0.0,7045.410835808796,99.99452435199862,0.01260756106533497,71,wake,34.562999999994645,2
3200,nan,3.2145401264816447,0.0004562601388897747,3.21863905265952,8.983748148258199,3.2145401264816447,0.0,7045.410835808796,99.99452435199862,0.01260756106533497,71,wake,34.60899999999674,2
3200,nan,3.2145401264816447,0.0004562601388897747,3.21863905265952,8.983748148258199,3.2145401264816447,0.0,7045.410835808796,99.99452435199862,0.01260756106533497,71,wake,34.655999999988126,2
3200,nan,3.2145401264816447,0.0004562601388897747,3.21863905265952,8.983748148258199,3.2145401264816447,0.0,7045.410835808796,99.99452435199862,0.01260756106533497,71,wake,34.70299999999406,2
3200,nan,3.2145401264816447,0.0004562601388897747,3.21863905265952,8.983748148258199,3.2145401264816447,0.0,7045.410835808796,99.99452435199862,0.01260756106533497,71,wake,34.76599999998871,2
3200,nan,3.2145401264816447,0.0004562601388897747,3.21863905265952,8.983748148258199,3.2145401264816447,0.0,7045.410835808796,99.99452435199862,0.01260756106533497,71,wake,34.812999999994645,2
320000,nan,3.209519842411224,0.0010052636498585343,3.218552242960768,8.985106097106584,3.209519842411224,0.0,3192.714511126393,99.994461772566,0.012751648855148937,72,sleep,35.21899999999732,2
320000,nan,3.209519842411224,0.0010052636498585343,3.218552242960768,8.985106097106584,3.209519842411224,0.0,3192.714511126393,99.994461772566,0.012751648855148937,72,sleep,35.280999999988126,2
320000,nan,3.209519842411224,0.0010052636498585343,3.218552242960768,8.985106097106584,3.209519842411224,0.0,3192.714511126393,99.994461772566,0.012751648855148937,72,sleep,35.32799999999406,2
320000,nan,3.209519842411224,0.0010052636498585343,3.218552242960768,8.985106097106584,3.209519842411224,0.0,3192.714511126393,99.994461772566,0.012751648855148937,72,sleep,35.375,2
320000,nan,3.2161866830455352,0.00026075931964442134,3.2185297250491853,8.985458340836729,3.2161866830455352,0.0,12333.928035366931,99.99444553983912,0.012789024357630486,73,sleep,35.421999999991385,2
320000,nan,3.2161866830455352,0.00026075931964442134,3.2185297250491853,8.985458340836729,3.2161866830455352,0.0,12333.928035366931,99.99444553983912,0.012789024357630486,73,sleep,35.48399999999674,2
320000,nan,3.2161866830455352,0.00026075931964442134,3.2185297250491853,8.985458340836729,3.2161866830455352,0.0,12333.928035366931,99.99444553983912,0.012789024357630486,73,sleep,35.530999999988126,2
320000,nan,3.2161866830455352,0.00026075931964442134,3.2185297250491853,8.985458340836729,3.2161866830455352,0.0,12333.928035366931,99.99444553983912,0.012789024357630486,73,sleep,35.57799999999406,2
320000,nan,3.2161866830455352,0.00026075931964442134,3.2185297250491853,8.985458340836729,3.2161866830455352,0.0,12333.928035366931,99.99444553983912,0.012789024357630486,73,sleep,35.625,2
320000,nan,3.2161866830455352,0.00026075931964442134,3.2185297250491853,8.985458340836729,3.2161866830455352,0.0,12333.928035366931,99.99444553983912,0.012789024357630486,73,sleep,35.671999999991385,2
320000,nan,3.2161866830455352,0.00026075931964442134,3.2185297250491853,8.985458340836729,3.2161866830455352,0.0,12333.928035366931,99.99444553983912,0.012789024357630486,73,sleep,35.73399999999674,2
320000,nan,3.2161866830455352,0.00026075931964442134,3.2185297250491853,8.985458340836729,3.2161866830455352,0.0,12333.928035366931,99.99444553983912,0.012789024357630486,73,sleep,35.780999999988126,2
320000,nan,3.2161866830455352,0.00026075931964442134,3.2185297250491853,8.985458340836729,3.2161866830455352,0.0,12333.928035366931,99.99444553983912,0.012789024357630486,73,sleep,35.82799999999406,2
320000,nan,3.2161866830455352,0.00026075931964442134,3.2185297250491853,8.985458340836729,3.2161866830455352,0.0,12333.928035366931,99.99444553983912,0.012789024357630486,73,sleep,35.875,2
320000,nan,3.218438568069151,1.0048544936580583e-05,3.218528858987199,8.985471888492047,3.218438568069151,0.0,320289.01581091527,99.99444491551178,0.012790461857808912,74,sleep,35.921999999991385,2
320000,nan,3.218438568069151,1.0048544936580583e-05,3.218528858987199,8.985471888492047,3.218438568069151,0.0,320289.01581091527,99.99444491551178,0.012790461857808912,74,sleep,35.98399999999674,2
320000,nan,3.218438568069151,1.0048544936580583e-05,3.218528858987199,8.985471888492047,3.218438568069151,0.0,320289.01581091527,99.99444491551178,0.012790461857808912,74,sleep,36.030999999988126,2
320000,nan,3.218438568069151,1.0048544936580583e-05,3.218528858987199,8.985471888492047,3.218438568069151,0.0,320289.01581091527,99.99444491551178,0.012790461857808912,74,sleep,36.07799999999406,2
320000,nan,3.218438568069151,1.0048544936580583e-05,3.218528858987199,8.985471888492047,3.218438568069151,0.0,320289.01581091527,99.99444491551178,0.012790461857808912,74,sleep,36.125,2
320000,nan,3.218438568069151,1.0048544936580583e-05,3.218528858987199,8.985471888492047,3.218438568069151,0.0,320289.01581091527,99.99444491551178,0.012790461857808912,74,sleep,36.171999999991385,2
320000,nan,3.218438568069151,1.0048544936580583e-05,3.218528858987199,8.985471888492047,3.218438568069151,0.0,320289.01581091527,99.99444491551178,0.012790461857808912,74,sleep,36.23399999999674,2
320000,nan,3.218438568069151,1.0048544936580583e-05,3.218528858987199,8.985471888492047,3.218438568069151,0.0,320289.01581091527,99.99444491551178,0.012790461857808912,74,sleep,36.280999999988126,2
320000,nan,3.218438568069151,1.0048544936580583e-05,3.218528858987199,8.985471888492047,3.218438568069151,0.0,320289.01581091527,99.99444491551178,0.012790461857808912,74,sleep,36.32799999999406,2
320000,nan,3.218438568069151,1.0048544936580583e-05,3.218528858987199,8.985471888492047,3.218438568069151,0.0,320289.01581091527,99.99444491551178,0.012790461857808912,74,sleep,36.375,2
320000,nan,3.218438568069151,1.0048544936580583e-05,3.218528858987199,8.985471888492047,3.218438568069151,0.0,320289.01581091527,99.99444491551178,0.012790461857808912,74,sleep,36.421999999991385,2
320000,nan,3.2184376857996915,1.0050131095340475e-05,3.218527991106566,8.985485464596136,3.2184376857996915,0.0,320238.3785114853,99.99444428987341,0.012791902376599253,75,sleep,36.48399999999674,2
320000,nan,3.2184376857996915,1.0050131095340475e-05,3.218527991106566,8.985485464596136,3.2184376857996915,0.0,320238.3785114853,99.99444428987341,0.012791902376599253,75,sleep,36.530999999988126,2
320000,nan,3.2184376857996915,1.0050131095340475e-05,3.218527991106566,8.985485464596136,3.2184376857996915,0.0,320238.3785114853,99.99444428987341,0.012791902376599253,75,sleep,36.57799999999406,2
320000,nan,3.2184376857996915,1.0050131095340475e-05,3.218527991106566,8.985485464596136,3.2184376857996915,0.0,320238.3785114853,99.99444428987341,0.012791902376599253,75,sleep,36.625,2
320000,nan,3.2184376857996915,1.0050131095340475e-05,3.218527991106566,8.985485464596136,3.2184376857996915,0.0,320238.3785114853,99.99444428987341,0.012791902376599253,75,sleep,36.671999999991385,2
100,nan,3.2184369934821455,1.0033725629909895e-05,3.2185271515097282,8.985498598261788,3.2184369934821455,0.0,320761.90960296843,99.9944436846243,0.012793295949603406,76,tx,37.062999999994645,2
100,nan,3.2184369934821455,1.0033725629909895e-05,3.2185271515097282,8.985498598261788,3.2184369934821455,0.0,320761.90960296843,99.9944436846243,0.012793295949603406,76,tx,37.125,2
100,nan,3.2184369934821455,1.0033725629909895e-05,3.2185271515097282,8.985498598261788,3.2184369934821455,0.0,320761.90960296843,99.9944436846243,0.012793295949603406,76,tx,37.171999999991385,2
100,nan,3.2184369934821455,1.0033725629909895e-05,3.2185271515097282,8.985498598261788,3.2184369934821455,0.0,320761.90960296843,99.9944436846243,0.012793295949603406,76,tx,37.21899999999732,2
100,nan,3.2184369934821455,1.0033725629909895e-05,3.2185271515097282,8.985498598261788,3.2184369934821455,0.0,320761.90960296843,99.9944436846243,0.012793295949603406,76,tx,37.26599999998871,2
100,nan,3.2184369934821455,1.0033725629909895e-05,3.2185271515097282,8.985498598261788,3.2184369934821455,0.0,320761.90960296843,99.9944436846243,0.012793295949603406,76,tx,37.32799999999406,2
100,nan,3.2184369934821455,1.0033725629909895e-05,3.2185271515097282,8.985498598261788,3.2184369934821455,0.0,320761.90960296843,99.9944436846243,0.012793295949603406,76,tx,37.375,2
100,nan,3.2184369934821455,1.0033725629909895e-05,3.2185271515097282,8.985498598261788,3.2184369934821455,0.0,320761.90960296843,99.9944436846243,0.012793295949603406,76,tx,37.421999999991385,2
320000,nan,2.925768888274662,0.03211745247244835,3.215753643908806,9.028884089823276,2.925768888274662,0.0,91.09592022544456,99.99244431664404,0.017396797470683414,77,sleep,37.82799999999406,2
320000,nan,2.925768888274662,0.03211745247244835,3.215753643908806,9.028884089823276,2.925768888274662,0.0,91.09592022544456,99.99244431664404,0.017396797470683414,77,sleep,37.89099999998871,2
320000,nan,2.925768888274662,0.03211745247244835,3.215753643908806,9.028884089823276,2.925768888274662,0.0,91.09592022544456,99.99244431664404,0.017396797470683414,77,sleep,37.937999999994645,2
320000,nan,3.1305728553076264,0.009332166984677315,3.2149493249625247,9.041465909626123,3.1305728553076264,0.0,335.4604413366993,99.99186449867398,0.01873181580321213,78,sleep,37.98399999999674,2
320000,nan,3.1305728553076264,0.009332166984677315,3.2149493249625247,9.041465909626123,3.1305728553076264,0.0,335.4604413366993,99.99186449867398,0.01873181580321213,78,sleep,38.030999999988126,2
320000,nan,3.1305728553076264,0.009332166984677315,3.2149493249625247,9.041465909626123,3.1305728553076264,0.0,335.4604413366993,99.99186449867398,0.01873181580321213,78,sleep,38.09399999999732,2
320000,nan,3.1305728553076264,0.009332166984677315,3.2149493249625247,9.041465909626123,3.1305728553076264,0.0,335.4604413366993,99.99186449867398,0.01873181580321213,78,sleep,38.14099999998871,2
320000,nan,3.1305728553076264,0.009332166984677315,3.2149493249625247,9.041465909626123,3.1305728553076264,0.0,335.4604413366993,99.99186449867398,0.01873181580321213,78,sleep,38.187999999994645,2
320000,nan,3.1305728553076264,0.009332166984677315,3.2149493249625247,9.041465909626123,3.1305728553076264,0.0,335.4604413366993,99.99186449867398,0.01873181580321213,78,sleep,38.23399999999674,2
320000,nan,3.1305728553076264,0.009332166984677315,3.2149493249625247,9.041465909626123,3.1305728553076264,0.0,335.4604413366993,99.99186449867398,0.01873181580321213,78,sleep,38.280999999988126,2
320000,nan,3.1305728553076264,0.009332166984677315,3.2149493249625247,9.041465909626123,3.1305728553076264,0.0,335.4604413366993,99.99186449867398,0.01873181580321213,78,sleep,38.34399999999732,2
320000,nan,3.1305728553076264,0.009332166984677315,3.2149493249625247,9.041465909626123,3.1305728553076264,0.0,335.4604413366993,99.99186449867398,0.01873181580321213,78,sleep,38.39099999998871,2
320000,nan,3.1305728553076264,0.009332166984677315,3.2149493249625247,9.041465909626123,3.1305728553076264,0.0,335.4604413366993,99.99186449867398,0.01873181580321213,78,sleep,38.437999999994645,2
320000,nan,3.21486210626416,9.555245924275368e-06,3.2149484998177775,9.041478817220264,3.21486210626416,0.0,336449.9597123621,99.9918639038431,0.018733185388461287,79,sleep,38.48399999999674,2
320000,nan,3.21486210626416,9.555245924275368e-06,3.2149484998177775,9.041478817220264,3.21486210626416,0.0,336449.9597123621,99.9918639038431,0.018733185388461287,79,sleep,38.530999999988126,2
320000,nan,3.21486210626416,9.555245924275368e-06,3.2149484998177775,9.041478817220264,3.21486210626416,0.0,336449.9597123621,99.9918639038431,0.018733185388461287,79,sleep,38.59399999999732,2
320000,nan,3.21486210626416,9.555245924275368e-06,3.2149484998177775,9.041478817220264,3.21486210626416,0.0,336449.9597123621,99.9918639038431,0.018733185388461287,79,sleep,38.64099999998871,2
320000,nan,3.21486210626416,9.555245924275368e-06,3.2149484998177775,9.041478817220264,3.21486210626416,0.0,336449.9597123621,99.9918639038431,0.018733185388461287,79,sleep,38.687999999994645,2
320000,nan,3.21486210626416,9.555245924275368e-06,3.2149484998177775,9.041478817220264,3.21486210626416,0.0,336449.9597123621,99.9918639038431,0.018733185388461287,79,sleep,38.73399999999674,2
320000,nan,3.21486210626416,9.555245924275368e-06,3.2149484998177775,9.041478817220264,3.21486210626416,0.0,336449.9597123621,99.9918639038431,0.018733185388461287,79,sleep,38.780999999988126,2
320000,nan,3.21486210626416,9.555245924275368e-06,3.2149484998177775,9.041478817220264,3.21486210626416,0.0,336449.9597123621,99.9918639038431,0.018733185388461287,79,sleep,38.84399999999732,2
320000,nan,3.21486210626416,9.555245924275368e-06,3.2149484998177775,9.041478817220264,3.21486210626416,0.0,336449.9597123621,99.9918639038431,0.018733185388461287,79,sleep,38.89099999998871,2
320000,nan,3.21486210626416,9.555245924275368e-06,3.2149484998177775,9.041478817220264,3.21486210626416,0.0,336449.9597123621,99.9918639038431,0.018733185388461287,79,sleep,38.937999999994645,2
320000,nan,3.21486210626416,9.555245924275368e-06,3.2149484998177775,9.041478817220264,3.21486210626416,0.0,336449.9597123621,99.9918639038431,0.018733185388461287,79,sleep,38.98399999999674,2
320000,nan,3.214856511066506,1.00779989224975e-05,3.214947631217217,9.041492404586053,3.214856511066506,0.0,318997.5049401781,99.99186327768574,0.018734627102196033,80,sleep,39.030999999988126,2
320000,nan,3.214856511066506,1.00779989224975e-05,3.214947631217217,9.041492404586053,3.214856511066506,0.0,318997.5049401781,99.99186327768574,0.018734627102196033,80,sleep,39.09399999999732,2
320000,nan,3.214856511066506,1.00779989224975e-05,3.214947631217217,9.041492404586053,3.214856511066506,0.0,318997.5049401781,99.99186327768574,0.018734627102196033,80,sleep,39.14099999998871,2
320000,nan,3.214856511066506,1.00779989224975e-05,3.214947631217217,9.041492404586053,3.214856511066506,0.0,318997.5049401781,99.99186327768574,0.018734627102196033,80,sleep,39.187999999994645,2
320000,nan,3.214856511066506,1.00779989224975e-05,3.214947631217217,9.041492404586053,3.214856511066506,0.0,318997.5049401781,99.99186327768574,0.018734627102196033,80,sleep,39.23399999999674,2
320000,nan,3.214856511066506,1.00779989224975e-05,3.214947631217217,9.041492404586053,3.214856511066506,0.0,318997.5049401781,99.99186327768574,0.018734627102196033,80,sleep,39.280999999988126,2
320000,nan,3.214856511066506,1.00779989224975e-05,3.214947631217217,9.041492404586053,3.214856511066506,0.0,318997.5049401781,99.99186327768574,0.018734627102196033,80,sleep,39.34399999999732,2
320000,nan,3.214856511066506,1.00779989224975e-05,3.214947631217217,9.041492404586053,3.214856511066506,0.0,318997.5049401781,99.99186327768574,0.018734627102196033,80,sleep,39.39099999998871,2
320000,nan,3.214856511066506,1.00779989224975e-05,3.214947631217217,9.041492404586053,3.214856511066506,0.0,318997.5049401781,99.99186327768574,0.018734627102196033,80,sleep,39.437999999994645,2
320000,nan,3.214856511066506,1.00779989224975e-05,3.214947631217217,9.041492404586053,3.214856511066506,0.0,318997.5049401781,99.99186327768574,0.018734627102196033,80,sleep,39.48399999999674,2
320000,nan,3.214855941708711,1.004796376946615e-05,3.214946790428968,9.041505556888747,3.214855941708711,0.0,319950.9886249835,99.99186267157776,0.01873602265271957,81,sleep,39.530999999988126,2
320000,nan,3.214855941708711,1.004796376946615e-05,3.214946790428968,9.041505556888747,3.214855941708711,0.0,319950.9886249835,99.99186267157776,0.01873602265271957,81,sleep,39.59399999999732,2
320000,nan,3.214855941708711,1.004796376946615e-05,3.214946790428968,9.041505556888747,3.214855941708711,0.0,319950.9886249835,99.99186267157776,0.01873602265271957,81,sleep,39.64099999998871,2
320000,nan,3.214855941708711,1.004796376946615e-05,3.214946790428968,9.041505556888747,3.214855941708711,0.0,319950.9886249835,99.99186267157776,0.01873602265271957,81,sleep,39.687999999994645,2
320000,nan,3.214855941708711,1.004796376946615e-05,3.214946790428968,9.041505556888747,3.214855941708711,0.0,319950.9886249835,99.99186267157776,0.01873602265271957,81,sleep,39.73399999999674,2
320000,nan,3.214855941708711,1.004796376946615e-05,3.214946790428968,9.041505556888747,3.214855941708711,0.0,319950.9886249835,99.99186267157776,0.01873602265271957,81,sleep,39.780999999988126,2
320000,nan,3.214855941708711,1.004796376946615e-05,3.214946790428968,9.041505556888747,3.214855941708711,0.0,319950.9886249835,99.99186267157776,0.01873602265271957,81,sleep,39.84399999999732,2
320000,nan,3.214855941708711,1.004796376946615e-05,3.214946790428968,9.041505556888747,3.214855941708711,0.0,319950.9886249835,99.99186267157776,0.01873602265271957,81,sleep,39.89099999998871,2
320000,nan,3.214855941708711,1.004796376946615e-05,3.214946790428968,9.041505556888747,3.214855941708711,0.0,319950.9886249835,99.99186267157776,0.01873602265271957,81,sleep,39.937999999994645,2
320000,nan,3.214855941708711,1.004796376946615e-05,3.214946790428968,9.041505556888747,3.214855941708711,0.0,319950.9886249835,99.99186267157776,0.01873602265271957,81,sleep,39.98399999999674,2
320000,nan,3.214855199003066,1.0034255865321029e-05,3.2149459239192426,9.041519111547965,3.214855199003066,0.0,320388.003071936,99.99186204692766,0.018737460896060276,82,sleep,40.030999999988126,2
320000,nan,3.214855199003066,1.0034255865321029e-05,3.2149459239192426,9.041519111547965,3.214855199003066,0.0,320388.003071936,99.99186204692766,0.018737460896060276,82,sleep,40.09399999999732,2
320000,nan,3.214855199003066,1.0034255865321029e-05,3.2149459239192426,9.041519111547965,3.214855199003066,0.0,320388.003071936,99.99186204692766,0.018737460896060276,82,sleep,40.14099999998871,2
320000,nan,3.214855199003066,1.0034255865321029e-05,3.2149459239192426,9.041519111547965,3.214855199003066,0.0,320388.003071936,99.99186204692766,0.018737460896060276,82,sleep,40.187999999994645,2
320000,nan,3.214855199003066,1.0034255865321029e-05,3.2149459239192426,9.041519111547965,3.214855199003066,0.0,320388.003071936,99.99186204692766,0.018737460896060276,82,sleep,40.23399999999674,2
320000,nan,3.214855199003066,1.0034255865321029e-05,3.2149459239192426,9.041519111547965,3.214855199003066,0.0,320388.003071936,99.99186204692766,0.018737460896060276,82,sleep,40.280999999988126,2
320000,nan,3.214855199003066,1.0034255865321029e-05,3.2149459239192426,9.041519111547965,3.214855199003066,0.0,320388.003071936,99.99186204692766,0.018737460896060276,82,sleep,40.34399999999732,2
320000,nan,3.214855199003066,1.0034255865321029e-05,3.2149459239192426,9.041519111547965,3.214855199003066,0.0,320388.003071936,99.99186204692766,0.018737460896060276,82,sleep,40.39099999998871,2
320000,nan,3.214855199003066,1.0034255865321029e-05,3.2149459239192426,9.041519111547965,3.214855199003066,0.0,320388.003071936,99.99186204692766,0.018737460896060276,82,sleep,40.437999999994645,2
320000,nan,3.214855199003066,1.0034255865321029e-05,3.2149459239192426,9.041519111547965,3.214855199003066,0.0,320388.003071936,99.99186204692766,0.018737460896060276,82,sleep,40.48399999999674,2
320000,nan,3.214855199003066,1.0034255865321029e-05,3.2149459239192426,9.041519111547965,3.214855199003066,0.0,320388.003071936,99.99186204692766,0.018737460896060276,82,sleep,40.530999999988126,2
320000,nan,3.214854264307656,1.0041710993391462e-05,3.2149450567657287,9.041532676277855,3.214854264307656,0.0,320150.0487738972,99.99186142181347,0.018738900207969297,83,sleep,40.59399999999732,2
320000,nan,3.214854264307656,1.0041710993391462e-05,3.2149450567657287,9.041532676277855,3.214854264307656,0.0,320150.0487738972,99.99186142181347,0.018738900207969297,83,sleep,40.64099999998871,2
320000,nan,3.214854264307656,1.0041710993391462e-05,3.2149450567657287,9.041532676277855,3.214854264307656,0.0,320150.0487738972,99.99186142181347,0.018738900207969297,83,sleep,40.687999999994645,2
320000,nan,3.214854264307656,1.0041710993391462e-05,3.2149450567657287,9.041532676277855,3.214854264307656,0.0,320150.0487738972,99.99186142181347,0.018738900207969297,83,sleep,40.73399999999674,2
320000,nan,3.214854264307656,1.0041710993391462e-05,3.2149450567657287,9.041532676277855,3.214854264307656,0.0,320150.0487738972,99.99186142181347,0.018738900207969297,83,sleep,40.780999999988126,2
320000,nan,3.214854264307656,1.0041710993391462e-05,3.2149450567657287,9.041532676277855,3.214854264307656,0.0,320150.0487738972,99.99186142181347,0.018738900207969297,83,sleep,40.84399999999732,2
320000,nan,3.214854264307656,1.0041710993391462e-05,3.2149450567657287,9.041532676277855,3.214854264307656,0.0,320150.0487738972,99.99186142181347,0.018738900207969297,83,sleep,40.89099999998871,2
320000,nan,3.214854264307656,1.0041710993391462e-05,3.2149450567657287,9.041532676277855,3.214854264307656,0.0,320150.0487738972,99.99186142181347,0.018738900207969297,83,sleep,40.937999999994645,2
320000,nan,3.214854264307656,1.0041710993391462e-05,3.2149450567657287,9.041532676277855,3.214854264307656,0.0,320150.0487738972,99.99186142181347,0.018738900207969297,83,sleep,40.98399999999674,2
320000,nan,3.214854264307656,1.0041710993391462e-05,3.2149450567657287,9.041532676277855,3.214854264307656,0.0,320150.0487738972,99.99186142181347,0.018738900207969297,83,sleep,41.030999999988126,2
320000,nan,3.2148535488338474,1.0025262781709898e-05,3.2149441927103806,9.041546192543692,3.2148535488338474,0.0,320675.2400245338,99.99186079893269,0.018740334377506124,84,sleep,41.09399999999732,2
320000,nan,3.2148535488338474,1.0025262781709898e-05,3.2149441927103806,9.041546192543692,3.2148535488338474,0.0,320675.2400245338,99.99186079893269,0.018740334377506124,84,sleep,41.14099999998871,2
320000,nan,3.2148535488338474,1.0025262781709898e-05,3.2149441927103806,9.041546192543692,3.2148535488338474,0.0,320675.2400245338,99.99186079893269,0.018740334377506124,84,sleep,41.187999999994645,2
320000,nan,3.2148535488338474,1.0025262781709898e-05,3.2149441927103806,9.041546192543692,3.2148535488338474,0.0,320675.2400245338,99.99186079893269,0.018740334377506124,84,sleep,41.23399999999674,2
320000,nan,3.2148535488338474,1.0025262781709898e-05,3.2149441927103806,9.041546192543692,3.2148535488338474,0.0,320675.2400245338,99.99186079893269,0.018740334377506124,84,sleep,41.280999999988126,2
320000,nan,3.2148535488338474,1.0025262781709898e-05,3.2149441927103806,9.041546192543692,3.2148535488338474,0.0,320675.2400245338,99.99186079893269,0.018740334377506124,84,sleep,41.34399999999732,2
320000,nan,3.2148535488338474,1.0025262781709898e-05,3.2149441927103806,9.041546192543692,3.2148535488338474,0.0,320675.2400245338,99.99186079893269,0.018740334377506124,84,sleep,41.39099999998871,2
320000,nan,3.2148535488338474,1.0025262781709898e-05,3.2149441927103806,9.041546192543692,3.2148535488338474,0.0,320675.2400245338,99.99186079893269,0.018740334377506124,84,sleep,41.437999999994645,2
320000,nan,3.2148535488338474,1.0025262781709898e-05,3.2149441927103806,9.041546192543692,3.2148535488338474,0.0,320675.2400245338,99.99186079893269,0.018740334377506124,84,sleep,41.48399999999674,2
320000,nan,3.2148535488338474,1.0025262781709898e-05,3.2149441927103806,9.041546192543692,3.2148535488338474,0.0,320675.2400245338,99.99186079893269,0.018740334377506124,84,sleep,41.530999999988126,2
320000,nan,3.2148526146826275,1.003274337563198e-05,3.2149433263312663,9.041559745159779,3.2148526146826275,0.0,320436.0456872663,99.99186017437674,0.01874177240405664,85,sleep,41.59399999999732,2
320000,nan,3.2148526146826275,1.003274337563198e-05,3.2149433263312663,9.041559745159779,3.2148526146826275,0.0,320436.0456872663,99.99186017437674,0.01874177240405664,85,sleep,41.64099999998871,2
320000,nan,3.2148526146826275,1.003274337563198e-05,3.2149433263312663,9.041559745159779,3.2148526146826275,0.0,320436.0456872663,99.99186017437674,0.01874177240405664,85,sleep,41.687999999994645,2
320000,nan,3.2148526146826275,1.003274337563198e-05,3.2149433263312663,9.041559745159779,3.2148526146826275,0.0,320436.0456872663,99.99186017437674,0.01874177240405664,85,sleep,41.73399999999674,2
320000,nan,3.2148526146826275,1.003274337563198e-05,3.2149433263312663,9.041559745159779,3.2148526146826275,0.0,320436.0456872663,99.99186017437674,0.01874177240405664,85,sleep,41.780999999988126,2
320000,nan,3.2148526146826275,1.003274337563198e-05,3.2149433263312663,9.041559745159779,3.2148526146826275,0.0,320436.0456872663,99.99186017437674,0.01874177240405664,85,sleep,41.84399999999732,2
320000,nan,3.2148526146826275,1.003274337563198e-05,3.2149433263312663,9.041559745159779,3.2148526146826275,0.0,320436.0456872663,99.99186017437674,0.01874177240405664,85,sleep,41.89099999998871,2
320000,nan,3.2148526146826275,1.003274337563198e-05,3.2149433263312663,9.041559745159779,3.2148526146826275,0.0,320436.0456872663,99.99186017437674,0.01874177240405664,85,sleep,41.937999999994645,2
320000,nan,3.2148526146826275,1.003274337563198e-05,3.2149433263312663,9.041559745159779,3.2148526146826275,0.0,320436.0456872663,99.99186017437674,0.01874177240405664,85,sleep,41.98399999999674,2
320000,nan,3.2148526146826275,1.003274337563198e-05,3.2149433263312663,9.041559745159779,3.2148526146826275,0.0,320436.0456872663,99.99186017437674,0.01874177240405664,85,sleep,42.030999999988126,2
320000,nan,3.2148517239926595,1.0035391824203543e-05,3.2149424597234457,9.041573301353493,3.2148517239926595,0.0,320351.39039006137,99.99185954965593,0.018743210810218118,86,sleep,42.09399999999732,2
320000,nan,3.2148517239926595,1.0035391824203543e-05,3.2149424597234457,9.041573301353493,3.2148517239926595,0.0,320351.39039006137,99.99185954965593,0.018743210810218118,86,sleep,42.14099999998871,2
320000,nan,3.2148517239926595,1.0035391824203543e-05,3.2149424597234457,9.041573301353493,3.2148517239926595,0.0,320351.39039006137,99.99185954965593,0.018743210810218118,86,sleep,42.187999999994645,2
320000,nan,3.2148517239926595,1.0035391824203543e-05,3.2149424597234457,9.041573301353493,3.2148517239926595,0.0,320351.39039006137,99.99185954965593,0.018743210810218118,86,sleep,42.23399999999674,2
320000,nan,3.2148517239926595,1.0035391824203543e-05,3.2149424597234457,9.041573301353493,3.2148517239926595,0.0,320351.39039006137,99.99185954965593,0.018743210810218118,86,sleep,42.280999999988126,2
320000,nan,3.2148517239926595,1.0035391824203543e-05,3.2149424597234457,9.041573301353493,3.2148517239926595,0.0,320351.39039006137,99.99185954965593,0.018743210810218118,86,sleep,42.34399999999732,2
320000,nan,3.2148517239926595,1.0035391824203543e-05,3.2149424597234457,9.041573301353493,3.2148517239926595,0.0,320351.39039006137,99.99185954965593,0.018743210810218118,86,sleep,42.39099999998871,2
320000,nan,3.2148517239926595,1.0035391824203543e-05,3.2149424597234457,9.041573301353493,3.2148517239926595,0.0,320351.39039006137,99.99185954965593,0.018743210810218118,86,sleep,42.437999999994645,2
320000,nan,3.2148517239926595,1.0035391824203543e-05,3.2149424597234457,9.041573301353493,3.2148517239926595,0.0,320351.39039006137,99.99185954965593,0.018743210810218118,86,sleep,42.48399999999674,2
320000,nan,3.2148517239926595,1.0035391824203543e-05,3.2149424597234457,9.041573301353493,3.2148517239926595,0.0,320351.39039006137,99.99185954965593,0.018743210810218118,86,sleep,42.530999999988126,2
320000,nan,3.2148508458035843,1.0036829735327046e-05,3.2149415946711666,9.041586833214135,3.2148508458035843,0.0,320305.40823943046,99.99185892605647,0.01874464663447192,87,sleep,42.59399999999732,2
320000,nan,3.2148508458035843,1.0036829735327046e-05,3.2149415946711666,9.041586833214135,3.2148508458035843,0.0,320305.40823943046,99.99185892605647,0.01874464663447192,87,sleep,42.64099999998871,2
320000,nan,3.2148508458035843,1.0036829735327046e-05,3.2149415946711666,9.041586833214135,3.2148508458035843,0.0,320305.40823943046,99.99185892605647,0.01874464663447192,87,sleep,42.687999999994645,2
320000,nan,3.2148508458035843,1.0036829735327046e-05,3.2149415946711666,9.041586833214135,3.2148508458035843,0.0,320305.40823943046,99.99185892605647,0.01874464663447192,87,sleep,42.73399999999674,2
320000,nan,3.2148508458035843,1.0036829735327046e-05,3.2149415946711666,9.041586833214135,3.2148508458035843,0.0,320305.40823943046,99.99185892605647,0.01874464663447192,87,sleep,42.780999999988126,2
