r_setpoint_ohm,r_actual_ohm,v_out_V,i_measured_A,ocv_V,esr_ohm,v_predicted_V,voltage_error_mV,r_inferred_ohm,soc_pct,used_capacity_mAh,iteration,phase,t_s,cycle
320000,nan,4.2,1.010500272968784e-05,4.3103346824646,0.44669413566589355,4.3103301686191395,-110.33016861913936,415635.7115729097,99.99999957691877,2.222086859464998e-06,4,sleep,0.35899999999674037,0
320000,nan,4.2,1.010500272968784e-05,4.3103346824646,0.44669413566589355,4.3103301686191395,-110.33016861913936,415635.7115729097,99.99999957691877,2.222086859464998e-06,4,sleep,0.4220000000059372,0
320000,nan,4.2,1.010500272968784e-05,4.3103346824646,0.44669413566589355,4.3103301686191395,-110.33016861913936,415635.7115729097,99.99999957691877,2.222086859464998e-06,4,sleep,0.46899999999732245,0
320000,nan,4.2,1.010500272968784e-05,4.3103346824646,0.44669413566589355,4.3103301686191395,-110.33016861913936,415635.7115729097,99.99999957691877,2.222086859464998e-06,4,sleep,0.5160000000032596,0
320000,nan,4.2,1.010500272968784e-05,4.3103346824646,0.44669413566589355,4.3103301686191395,-110.33016861913936,415635.7115729097,99.99999957691877,2.222086859464998e-06,4,sleep,0.5620000000053551,0
320000,nan,4.2,1.1350002750987187e-05,4.3103346824646,0.44669413566589355,4.310329612484931,-110.32961248493045,370043.9631730219,99.99999927677716,3.7984761304354407e-06,5,sleep,0.625,0
320000,nan,4.2,1.1350002750987187e-05,4.3103346824646,0.44669413566589355,4.310329612484931,-110.32961248493045,370043.9631730219,99.99999927677716,3.7984761304354407e-06,5,sleep,0.6720000000059372,0
320000,nan,4.2,1.1350002750987187e-05,4.3103346824646,0.44669413566589355,4.310329612484931,-110.32961248493045,370043.9631730219,99.99999927677716,3.7984761304354407e-06,5,sleep,0.7189999999973224,0
320000,nan,4.2,1.1350002750987187e-05,4.3103346824646,0.44669413566589355,4.310329612484931,-110.32961248493045,370043.9631730219,99.99999927677716,3.7984761304354407e-06,5,sleep,0.7660000000032596,0
320000,nan,4.2,1.1350002750987187e-05,4.3103346824646,0.44669413566589355,4.310329612484931,-110.32961248493045,370043.9631730219,99.99999927677716,3.7984761304354407e-06,5,sleep,0.8120000000053551,0
320000,nan,4.2,1.1350002750987187e-05,4.3103346824646,0.44669413566589355,4.310329612484931,-110.32961248493045,370043.9631730219,99.99999927677716,3.7984761304354407e-06,5,sleep,0.875,0
320000,nan,4.2,1.1350002750987187e-05,4.3103346824646,0.44669413566589355,4.310329612484931,-110.32961248493045,370043.9631730219,99.99999927677716,3.7984761304354407e-06,5,sleep,0.9220000000059372,0
320000,nan,4.2,1.1350002750987187e-05,4.3103346824646,0.44669413566589355,4.310329612484931,-110.32961248493045,370043.9631730219,99.99999927677716,3.7984761304354407e-06,5,sleep,0.9689999999973224,0
320000,nan,4.2,1.1350002750987187e-05,4.3103346824646,0.44669413566589355,4.310329612484931,-110.32961248493045,370043.9631730219,99.99999927677716,3.7984761304354407e-06,5,sleep,1.0160000000032596,0
320000,nan,4.2,1.1350002750987187e-05,4.3103346824646,0.44669413566589355,4.310329612484931,-110.32961248493045,370043.9631730219,99.99999927677716,3.7984761304354407e-06,5,sleep,1.062000000005355,0
320000,nan,4.2,9.330001375928987e-06,4.3103346824646,0.44669413566589355,4.310330514807699,-110.33051480769896,450160.70531734586,99.99999902265114,5.133184660601551e-06,6,sleep,1.125,0
320000,nan,4.2,9.330001375928987e-06,4.3103346824646,0.44669413566589355,4.310330514807699,-110.33051480769896,450160.70531734586,99.99999902265114,5.133184660601551e-06,6,sleep,1.1720000000059372,0
320000,nan,4.2,9.330001375928987e-06,4.3103346824646,0.44669413566589355,4.310330514807699,-110.33051480769896,450160.70531734586,99.99999902265114,5.133184660601551e-06,6,sleep,1.2189999999973224,0
320000,nan,4.2,9.330001375928987e-06,4.3103346824646,0.44669413566589355,4.310330514807699,-110.33051480769896,450160.70531734586,99.99999902265114,5.133184660601551e-06,6,sleep,1.2660000000032596,0
320000,nan,4.2,9.330001375928987e-06,4.3103346824646,0.44669413566589355,4.310330514807699,-110.33051480769896,450160.70531734586,99.99999902265114,5.133184660601551e-06,6,sleep,1.312000000005355,0
320000,nan,4.2,9.330001375928987e-06,4.3103346824646,0.44669413566589355,4.310330514807699,-110.33051480769896,450160.70531734586,99.99999902265114,5.133184660601551e-06,6,sleep,1.375,0
320000,nan,4.2,9.330001375928987e-06,4.3103346824646,0.44669413566589355,4.310330514807699,-110.33051480769896,450160.70531734586,99.99999902265114,5.133184660601551e-06,6,sleep,1.4220000000059372,0
320000,nan,4.2,9.330001375928987e-06,4.3103346824646,0.44669413566589355,4.310330514807699,-110.33051480769896,450160.70531734586,99.99999902265114,5.133184660601551e-06,6,sleep,1.4689999999973224,0
320000,nan,4.2,9.330001375928987e-06,4.3103346824646,0.44669413566589355,4.310330514807699,-110.33051480769896,450160.70531734586,99.99999902265114,5.133184660601551e-06,6,sleep,1.5160000000032596,0
320000,nan,4.2,9.330001375928987e-06,4.3103346824646,0.44669413566589355,4.310330514807699,-110.33051480769896,450160.70531734586,99.99999902265114,5.133184660601551e-06,6,sleep,1.562000000005355,0
320000,nan,4.2,-3.060003564314684e-06,4.3103346824646,0.44669413566589355,4.310336049350247,-110.33604935024677,1372547.4208526385,99.99999910615985,4.694584149713676e-06,7,sleep,1.625,0
320000,nan,4.2,-3.060003564314684e-06,4.3103346824646,0.44669413566589355,4.310336049350247,-110.33604935024677,1372547.4208526385,99.99999910615985,4.694584149713676e-06,7,sleep,1.6720000000059372,0
320000,nan,4.2,-3.060003564314684e-06,4.3103346824646,0.44669413566589355,4.310336049350247,-110.33604935024677,1372547.4208526385,99.99999910615985,4.694584149713676e-06,7,sleep,1.7189999999973224,0
320000,nan,4.2,-3.060003564314684e-06,4.3103346824646,0.44669413566589355,4.310336049350247,-110.33604935024677,1372547.4208526385,99.99999910615985,4.694584149713676e-06,7,sleep,1.7660000000032596,0
320000,nan,4.2,-3.060003564314684e-06,4.3103346824646,0.44669413566589355,4.310336049350247,-110.33604935024677,1372547.4208526385,99.99999910615985,4.694584149713676e-06,7,sleep,1.812000000005355,0
320000,nan,4.2,-3.060003564314684e-06,4.3103346824646,0.44669413566589355,4.310336049350247,-110.33604935024677,1372547.4208526385,99.99999910615985,4.694584149713676e-06,7,sleep,1.875,0
320000,nan,4.2,-3.060003564314684e-06,4.3103346824646,0.44669413566589355,4.310336049350247,-110.33604935024677,1372547.4208526385,99.99999910615985,4.694584149713676e-06,7,sleep,1.9220000000059372,0
320000,nan,4.2,-3.060003564314684e-06,4.3103346824646,0.44669413566589355,4.310336049350247,-110.33604935024677,1372547.4208526385,99.99999910615985,4.694584149713676e-06,7,sleep,1.9689999999973224,0
320000,nan,4.2,-3.060003564314684e-06,4.3103346824646,0.44669413566589355,4.310336049350247,-110.33604935024677,1372547.4208526385,99.99999910615985,4.694584149713676e-06,7,sleep,2.0160000000032596,0
320000,nan,4.2,-3.060003564314684e-06,4.3103346824646,0.44669413566589355,4.310336049350247,-110.33604935024677,1372547.4208526385,99.99999910615985,4.694584149713676e-06,7,sleep,2.062000000005355,0
320000,nan,4.2,5.174997113499558e-06,4.3103346824646,0.44669413566589355,4.310332370823737,-110.33237082373671,811594.6555880836,99.9999989649321,5.436333735965713e-06,8,sleep,2.125,0
320000,nan,4.2,5.174997113499558e-06,4.3103346824646,0.44669413566589355,4.310332370823737,-110.33237082373671,811594.6555880836,99.9999989649321,5.436333735965713e-06,8,sleep,2.172000000005937,0
320000,nan,4.2,5.174997113499558e-06,4.3103346824646,0.44669413566589355,4.310332370823737,-110.33237082373671,811594.6555880836,99.9999989649321,5.436333735965713e-06,8,sleep,2.2189999999973224,0
320000,nan,4.2,5.174997113499558e-06,4.3103346824646,0.44669413566589355,4.310332370823737,-110.33237082373671,811594.6555880836,99.9999989649321,5.436333735965713e-06,8,sleep,2.2660000000032596,0
320000,nan,4.2,5.174997113499558e-06,4.3103346824646,0.44669413566589355,4.310332370823737,-110.33237082373671,811594.6555880836,99.9999989649321,5.436333735965713e-06,8,sleep,2.312000000005355,0
320000,nan,4.2,5.174997113499558e-06,4.3103346824646,0.44669413566589355,4.310332370823737,-110.33237082373671,811594.6555880836,99.9999989649321,5.436333735965713e-06,8,sleep,2.375,0
320000,nan,4.2,5.174997113499558e-06,4.3103346824646,0.44669413566589355,4.310332370823737,-110.33237082373671,811594.6555880836,99.9999989649321,5.436333735965713e-06,8,sleep,2.422000000005937,0
320000,nan,4.2,5.174997113499558e-06,4.3103346824646,0.44669413566589355,4.310332370823737,-110.33237082373671,811594.6555880836,99.9999989649321,5.436333735965713e-06,8,sleep,2.4689999999973224,0
320000,nan,4.2,5.174997113499558e-06,4.3103346824646,0.44669413566589355,4.310332370823737,-110.33237082373671,811594.6555880836,99.9999989649321,5.436333735965713e-06,8,sleep,2.5160000000032596,0
320000,nan,4.2,5.174997113499558e-06,4.3103346824646,0.44669413566589355,4.310332370823737,-110.33237082373671,811594.6555880836,99.9999989649321,5.436333735965713e-06,8,sleep,2.562000000005355,0
320000,nan,4.2,5.174997113499558e-06,4.3103346824646,0.44669413566589355,4.310332370823737,-110.33237082373671,811594.6555880836,99.9999989649321,5.436333735965713e-06,8,sleep,2.625,0
320000,nan,4.2,5.180002972338116e-06,4.3103346824646,0.44669413566589355,4.310332368587649,-110.33236858764894,810810.345559364,99.99999882384171,6.177361938952134e-06,9,sleep,2.672000000005937,0
320000,nan,4.2,5.180002972338116e-06,4.3103346824646,0.44669413566589355,4.310332368587649,-110.33236858764894,810810.345559364,99.99999882384171,6.177361938952134e-06,9,sleep,2.7189999999973224,0
320000,nan,4.2,5.180002972338116e-06,4.3103346824646,0.44669413566589355,4.310332368587649,-110.33236858764894,810810.345559364,99.99999882384171,6.177361938952134e-06,9,sleep,2.7660000000032596,0
320000,nan,4.2,5.180002972338116e-06,4.3103346824646,0.44669413566589355,4.310332368587649,-110.33236858764894,810810.345559364,99.99999882384171,6.177361938952134e-06,9,sleep,2.812000000005355,0
320000,nan,4.2,5.180002972338116e-06,4.3103346824646,0.44669413566589355,4.310332368587649,-110.33236858764894,810810.345559364,99.99999882384171,6.177361938952134e-06,9,sleep,2.875,0
320000,nan,4.2,5.180002972338116e-06,4.3103346824646,0.44669413566589355,4.310332368587649,-110.33236858764894,810810.345559364,99.99999882384171,6.177361938952134e-06,9,sleep,2.922000000005937,0
320000,nan,4.2,5.180002972338116e-06,4.3103346824646,0.44669413566589355,4.310332368587649,-110.33236858764894,810810.345559364,99.99999882384171,6.177361938952134e-06,9,sleep,2.9689999999973224,0
320000,nan,4.2,5.180002972338116e-06,4.3103346824646,0.44669413566589355,4.310332368587649,-110.33236858764894,810810.345559364,99.99999882384171,6.177361938952134e-06,9,sleep,3.0160000000032596,0
320000,nan,4.2,5.180002972338116e-06,4.3103346824646,0.44669413566589355,4.310332368587649,-110.33236858764894,810810.345559364,99.99999882384171,6.177361938952134e-06,9,sleep,3.062000000005355,0
320000,nan,4.2,5.180002972338116e-06,4.3103346824646,0.44669413566589355,4.310332368587649,-110.33236858764894,810810.345559364,99.99999882384171,6.177361938952134e-06,9,sleep,3.125,0
320000,nan,4.2,1.0530001418374013e-05,4.3103346824646,0.44669413566589355,4.310329978774718,-110.3299787747174,398860.34513455385,99.99999853647374,7.686662142261943e-06,10,sleep,3.172000000005937,0
320000,nan,4.2,1.0530001418374013e-05,4.3103346824646,0.44669413566589355,4.310329978774718,-110.3299787747174,398860.34513455385,99.99999853647374,7.686662142261943e-06,10,sleep,3.2189999999973224,0
320000,nan,4.2,1.0530001418374013e-05,4.3103346824646,0.44669413566589355,4.310329978774718,-110.3299787747174,398860.34513455385,99.99999853647374,7.686662142261943e-06,10,sleep,3.2660000000032596,0
320000,nan,4.2,1.0530001418374013e-05,4.3103346824646,0.44669413566589355,4.310329978774718,-110.3299787747174,398860.34513455385,99.99999853647374,7.686662142261943e-06,10,sleep,3.312000000005355,0
320000,nan,4.2,1.0530001418374013e-05,4.3103346824646,0.44669413566589355,4.310329978774718,-110.3299787747174,398860.34513455385,99.99999853647374,7.686662142261943e-06,10,sleep,3.375,0
320000,nan,4.2,1.0530001418374013e-05,4.3103346824646,0.44669413566589355,4.310329978774718,-110.3299787747174,398860.34513455385,99.99999853647374,7.686662142261943e-06,10,sleep,3.422000000005937,0
320000,nan,4.2,1.0530001418374013e-05,4.3103346824646,0.44669413566589355,4.310329978774718,-110.3299787747174,398860.34513455385,99.99999853647374,7.686662142261943e-06,10,sleep,3.4689999999973224,0
320000,nan,4.2,1.0530001418374013e-05,4.3103346824646,0.44669413566589355,4.310329978774718,-110.3299787747174,398860.34513455385,99.99999853647374,7.686662142261943e-06,10,sleep,3.5160000000032596,0
320000,nan,4.2,1.0530001418374013e-05,4.3103346824646,0.44669413566589355,4.310329978774718,-110.3299787747174,398860.34513455385,99.99999853647374,7.686662142261943e-06,10,sleep,3.562000000005355,0
320000,nan,4.2,1.0530001418374013e-05,4.3103346824646,0.44669413566589355,4.310329978774718,-110.3299787747174,398860.34513455385,99.99999853647374,7.686662142261943e-06,10,sleep,3.625,0
320000,nan,4.2,6.8299991653475445e-06,4.3103346824646,0.44669413566589355,4.310331631544026,-110.33163154402547,614934.1893493896,99.9999983500803,8.665628689301276e-06,11,sleep,3.672000000005937,0
320000,nan,4.2,6.8299991653475445e-06,4.3103346824646,0.44669413566589355,4.310331631544026,-110.33163154402547,614934.1893493896,99.9999983500803,8.665628689301276e-06,11,sleep,3.7189999999973224,0
320000,nan,4.2,6.8299991653475445e-06,4.3103346824646,0.44669413566589355,4.310331631544026,-110.33163154402547,614934.1893493896,99.9999983500803,8.665628689301276e-06,11,sleep,3.7660000000032596,0
320000,nan,4.2,6.8299991653475445e-06,4.3103346824646,0.44669413566589355,4.310331631544026,-110.33163154402547,614934.1893493896,99.9999983500803,8.665628689301276e-06,11,sleep,3.812000000005355,0
320000,nan,4.2,6.8299991653475445e-06,4.3103346824646,0.44669413566589355,4.310331631544026,-110.33163154402547,614934.1893493896,99.9999983500803,8.665628689301276e-06,11,sleep,3.875,0
320000,nan,4.2,6.8299991653475445e-06,4.3103346824646,0.44669413566589355,4.310331631544026,-110.33163154402547,614934.1893493896,99.9999983500803,8.665628689301276e-06,11,sleep,3.922000000005937,0
320000,nan,4.2,6.8299991653475445e-06,4.3103346824646,0.44669413566589355,4.310331631544026,-110.33163154402547,614934.1893493896,99.9999983500803,8.665628689301276e-06,11,sleep,3.9689999999973224,0
320000,nan,4.2,6.8299991653475445e-06,4.3103346824646,0.44669413566589355,4.310331631544026,-110.33163154402547,614934.1893493896,99.9999983500803,8.665628689301276e-06,11,sleep,4.01600000000326,0
320000,nan,4.2,6.8299991653475445e-06,4.3103346824646,0.44669413566589355,4.310331631544026,-110.33163154402547,614934.1893493896,99.9999983500803,8.665628689301276e-06,11,sleep,4.062000000005355,0
320000,nan,4.2,6.8299991653475445e-06,4.3103346824646,0.44669413566589355,4.310331631544026,-110.33163154402547,614934.1893493896,99.9999983500803,8.665628689301276e-06,11,sleep,4.125,0
320000,nan,4.2,3.549995881257928e-06,4.3103346824646,0.44669413566589355,4.310333096702258,-110.33309670225755,1183099.9641925627,99.99999825620355,9.158683672809321e-06,12,sleep,4.172000000005937,0
320000,nan,4.2,3.549995881257928e-06,4.3103346824646,0.44669413566589355,4.310333096702258,-110.33309670225755,1183099.9641925627,99.99999825620355,9.158683672809321e-06,12,sleep,4.2189999999973224,0
320000,nan,4.2,3.549995881257928e-06,4.3103346824646,0.44669413566589355,4.310333096702258,-110.33309670225755,1183099.9641925627,99.99999825620355,9.158683672809321e-06,12,sleep,4.26600000000326,0
320000,nan,4.2,3.549995881257928e-06,4.3103346824646,0.44669413566589355,4.310333096702258,-110.33309670225755,1183099.9641925627,99.99999825620355,9.158683672809321e-06,12,sleep,4.312000000005355,0
320000,nan,4.2,3.549995881257928e-06,4.3103346824646,0.44669413566589355,4.310333096702258,-110.33309670225755,1183099.9641925627,99.99999825620355,9.158683672809321e-06,12,sleep,4.375,0
320000,nan,4.2,3.549995881257928e-06,4.3103346824646,0.44669413566589355,4.310333096702258,-110.33309670225755,1183099.9641925627,99.99999825620355,9.158683672809321e-06,12,sleep,4.422000000005937,0
320000,nan,4.2,3.549995881257928e-06,4.3103346824646,0.44669413566589355,4.310333096702258,-110.33309670225755,1183099.9641925627,99.99999825620355,9.158683672809321e-06,12,sleep,4.4689999999973224,0
320000,nan,4.2,3.549995881257928e-06,4.3103346824646,0.44669413566589355,4.310333096702258,-110.33309670225755,1183099.9641925627,99.99999825620355,9.158683672809321e-06,12,sleep,4.51600000000326,0
320000,nan,4.2,3.549995881257928e-06,4.3103346824646,0.44669413566589355,4.310333096702258,-110.33309670225755,1183099.9641925627,99.99999825620355,9.158683672809321e-06,12,sleep,4.562000000005355,0
320000,nan,4.2,3.549995881257928e-06,4.3103346824646,0.44669413566589355,4.310333096702258,-110.33309670225755,1183099.9641925627,99.99999825620355,9.158683672809321e-06,12,sleep,4.625,0
320000,nan,4.2,3.549995881257928e-06,4.3103346824646,0.44669413566589355,4.310333096702258,-110.33309670225755,1183099.9641925627,99.99999825620355,9.158683672809321e-06,12,sleep,4.672000000005937,0
320000,nan,4.2,-9.70004634837096e-07,4.3103346824646,0.44669413566589355,4.310335115759981,-110.33511575998122,4329876.218277404,99.99999828262406,9.019919120881393e-06,13,sleep,4.7189999999973224,0
320000,nan,4.2,-9.70004634837096e-07,4.3103346824646,0.44669413566589355,4.310335115759981,-110.33511575998122,4329876.218277404,99.99999828262406,9.019919120881393e-06,13,sleep,4.76600000000326,0
320000,nan,4.2,-9.70004634837096e-07,4.3103346824646,0.44669413566589355,4.310335115759981,-110.33511575998122,4329876.218277404,99.99999828262406,9.019919120881393e-06,13,sleep,4.812000000005355,0
320000,nan,4.2,-9.70004634837096e-07,4.3103346824646,0.44669413566589355,4.310335115759981,-110.33511575998122,4329876.218277404,99.99999828262406,9.019919120881393e-06,13,sleep,4.875,0
320000,nan,4.2,-9.70004634837096e-07,4.3103346824646,0.44669413566589355,4.310335115759981,-110.33511575998122,4329876.218277404,99.99999828262406,9.019919120881393e-06,13,sleep,4.922000000005937,0
320000,nan,4.2,-9.70004634837096e-07,4.3103346824646,0.44669413566589355,4.310335115759981,-110.33511575998122,4329876.218277404,99.99999828262406,9.019919120881393e-06,13,sleep,4.9689999999973224,0
320000,nan,4.2,-9.70004634837096e-07,4.3103346824646,0.44669413566589355,4.310335115759981,-110.33511575998122,4329876.218277404,99.99999828262406,9.019919120881393e-06,13,sleep,5.01600000000326,0
320000,nan,4.2,-9.70004634837096e-07,4.3103346824646,0.44669413566589355,4.310335115759981,-110.33511575998122,4329876.218277404,99.99999828262406,9.019919120881393e-06,13,sleep,5.062000000005355,0
320000,nan,4.2,-9.70004634837096e-07,4.3103346824646,0.44669413566589355,4.310335115759981,-110.33511575998122,4329876.218277404,99.99999828262406,9.019919120881393e-06,13,sleep,5.125,0
320000,nan,4.2,-9.70004634837096e-07,4.3103346824646,0.44669413566589355,4.310335115759981,-110.33511575998122,4329876.218277404,99.99999828262406,9.019919120881393e-06,13,sleep,5.172000000005937,0
320000,nan,4.2,4.759997409564676e-06,4.3103346824646,0.44669413566589355,4.310332556201671,-110.33255620167104,882353.4213612335,99.99999815272183,9.70218541625664e-06,14,sleep,5.2189999999973224,0
320000,nan,4.2,4.759997409564676e-06,4.3103346824646,0.44669413566589355,4.310332556201671,-110.33255620167104,882353.4213612335,99.99999815272183,9.70218541625664e-06,14,sleep,5.26600000000326,0
320000,nan,4.2,4.759997409564676e-06,4.3103346824646,0.44669413566589355,4.310332556201671,-110.33255620167104,882353.4213612335,99.99999815272183,9.70218541625664e-06,14,sleep,5.312000000005355,0
3200,nan,4.2,-1.7500329363429046e-07,4.3103346824646,0.44669413566589355,4.310334760637544,-110.334760637544,23999548.310084175,99.99999815748849,9.677150222861762e-06,15,wake,5.7189999999973224,0
3200,nan,4.2,-1.7500329363429046e-07,4.3103346824646,0.44669413566589355,4.310334760637544,-110.334760637544,23999548.310084175,99.99999815748849,9.677150222861762e-06,15,wake,5.7810000000026776,0
3200,nan,4.2,-1.7500329363429046e-07,4.3103346824646,0.44669413566589355,4.310334760637544,-110.334760637544,23999548.310084175,99.99999815748849,9.677150222861762e-06,15,wake,5.828000000008615,0
3200,nan,4.2,-1.7500329363429046e-07,4.3103346824646,0.44669413566589355,4.310334760637544,-110.334760637544,23999548.310084175,99.99999815748849,9.677150222861762e-06,15,wake,5.875,0
3200,nan,4.2,-1.7500329363429046e-07,4.3103346824646,0.44669413566589355,4.310334760637544,-110.334760637544,23999548.310084175,99.99999815748849,9.677150222861762e-06,15,wake,5.922000000005937,0
3200,nan,4.2,-1.7500329363429046e-07,4.3103346824646,0.44669413566589355,4.310334760637544,-110.334760637544,23999548.310084175,99.99999815748849,9.677150222861762e-06,15,wake,5.98399999999674,0
3200,nan,4.2,-1.7500329363429046e-07,4.3103346824646,0.44669413566589355,4.310334760637544,-110.334760637544,23999548.310084175,99.99999815748849,9.677150222861762e-06,15,wake,6.0310000000026776,0
3200,nan,4.2,-1.7500329363429046e-07,4.3103346824646,0.44669413566589355,4.310334760637544,-110.334760637544,23999548.310084175,99.99999815748849,9.677150222861762e-06,15,wake,6.078000000008615,0
3200,nan,4.2,-1.7500329363429046e-07,4.3103346824646,0.44669413566589355,4.310334760637544,-110.334760637544,23999548.310084175,99.99999815748849,9.677150222861762e-06,15,wake,6.125,0
3200,nan,4.2,-1.7500329363429046e-07,4.3103346824646,0.44669413566589355,4.310334760637544,-110.334760637544,23999548.310084175,99.99999815748849,9.677150222861762e-06,15,wake,6.172000000005937,0
3200,nan,4.2,0.0012584216892719269,4.3103346824646,0.44669413566589355,4.309772552875807,-109.7725528758069,3337.5139953523485,99.99996381465505,0.00019005092568631074,16,wake,6.23399999999674,0
3200,nan,4.2,0.0012584216892719269,4.3103346824646,0.44669413566589355,4.309772552875807,-109.7725528758069,3337.5139953523485,99.99996381465505,0.00019005092568631074,16,wake,6.2810000000026776,0
320000,nan,4.2,0.0012584216892719269,4.3103346824646,0.44669413566589355,4.309772552875807,-109.7725528758069,3337.5139953523485,99.99996381465505,0.00019005092568631074,16,sleep,6.672000000005937,0
320000,nan,4.2,0.0012694920878857374,4.3103346824646,0.44669413566589355,4.309767607793667,-109.76760779366668,3308.4097491263983,99.99993024396797,0.0003663692712259965,17,sleep,6.73399999999674,0
320000,nan,4.2,0.0012694920878857374,4.3103346824646,0.44669413566589355,4.309767607793667,-109.76760779366668,3308.4097491263983,99.99993024396797,0.0003663692712259965,17,sleep,6.7810000000026776,0
320000,nan,4.2,0.0012694920878857374,4.3103346824646,0.44669413566589355,4.309767607793667,-109.76760779366668,3308.4097491263983,99.99993024396797,0.0003663692712259965,17,sleep,6.828000000008615,0
320000,nan,4.2,0.0012694920878857374,4.3103346824646,0.44669413566589355,4.309767607793667,-109.76760779366668,3308.4097491263983,99.99993024396797,0.0003663692712259965,17,sleep,6.875,0
320000,nan,4.2,0.0012694920878857374,4.3103346824646,0.44669413566589355,4.309767607793667,-109.76760779366668,3308.4097491263983,99.99993024396797,0.0003663692712259965,17,sleep,6.937000000005355,0
320000,nan,4.2,0.0012694920878857374,4.3103346824646,0.44669413566589355,4.309767607793667,-109.76760779366668,3308.4097491263983,99.99993024396797,0.0003663692712259965,17,sleep,6.98399999999674,0
320000,nan,4.2,0.0012694920878857374,4.3103346824646,0.44669413566589355,4.309767607793667,-109.76760779366668,3308.4097491263983,99.99993024396797,0.0003663692712259965,17,sleep,7.0310000000026776,0
320000,nan,4.2,0.0012694920878857374,4.3103346824646,0.44669413566589355,4.309767607793667,-109.76760779366668,3308.4097491263983,99.99993024396797,0.0003663692712259965,17,sleep,7.078000000008615,0
320000,nan,4.2,0.0012694920878857374,4.3103346824646,0.44669413566589355,4.309767607793667,-109.76760779366668,3308.4097491263983,99.99993024396797,0.0003663692712259965,17,sleep,7.125,0
320000,nan,4.2,0.0012694920878857374,4.3103346824646,0.44669413566589355,4.309767607793667,-109.76760779366668,3308.4097491263983,99.99993024396797,0.0003663692712259965,17,sleep,7.187000000005355,0
320000,nan,4.2,-4.259997695044149e-06,4.3103346824646,0.44669413566589355,4.310336585380588,-110.33658538058776,985916.0264067873,99.99993035662014,0.00036577760487946256,18,sleep,7.23399999999674,0
320000,nan,4.2,-4.259997695044149e-06,4.3103346824646,0.44669413566589355,4.310336585380588,-110.33658538058776,985916.0264067873,99.99993035662014,0.00036577760487946256,18,sleep,7.2810000000026776,0
320000,nan,4.2,-4.259997695044149e-06,4.3103346824646,0.44669413566589355,4.310336585380588,-110.33658538058776,985916.0264067873,99.99993035662014,0.00036577760487946256,18,sleep,7.328000000008615,0
320000,nan,4.2,-4.259997695044149e-06,4.3103346824646,0.44669413566589355,4.310336585380588,-110.33658538058776,985916.0264067873,99.99993035662014,0.00036577760487946256,18,sleep,7.375,0
320000,nan,4.2,-4.259997695044149e-06,4.3103346824646,0.44669413566589355,4.310336585380588,-110.33658538058776,985916.0264067873,99.99993035662014,0.00036577760487946256,18,sleep,7.437000000005355,0
320000,nan,4.2,-4.259997695044149e-06,4.3103346824646,0.44669413566589355,4.310336585380588,-110.33658538058776,985916.0264067873,99.99993035662014,0.00036577760487946256,18,sleep,7.48399999999674,0
320000,nan,4.2,-4.259997695044149e-06,4.3103346824646,0.44669413566589355,4.310336585380588,-110.33658538058776,985916.0264067873,99.99993035662014,0.00036577760487946256,18,sleep,7.5310000000026776,0
320000,nan,4.2,-4.259997695044149e-06,4.3103346824646,0.44669413566589355,4.310336585380588,-110.33658538058776,985916.0264067873,99.99993035662014,0.00036577760487946256,18,sleep,7.578000000008615,0
320000,nan,4.2,-4.259997695044149e-06,4.3103346824646,0.44669413566589355,4.310336585380588,-110.33658538058776,985916.0264067873,99.99993035662014,0.00036577760487946256,18,sleep,7.625,0
320000,nan,4.2,-4.259997695044149e-06,4.3103346824646,0.44669413566589355,4.310336585380588,-110.33658538058776,985916.0264067873,99.99993035662014,0.00036577760487946256,18,sleep,7.687000000005355,0
320000,nan,4.2,-4.259997695044149e-06,4.3103346824646,0.44669413566589355,4.310336585380588,-110.33658538058776,985916.0264067873,99.99993035662014,0.00036577760487946256,18,sleep,7.73399999999674,0
320000,nan,4.2,1.039999574459216e-06,4.3103346824646,0.44669413566589355,4.310334217902889,-110.33421790288855,4038463.1908949926,99.99993032823812,0.0003659266714851318,19,sleep,7.7810000000026776,0
320000,nan,4.2,1.039999574459216e-06,4.3103346824646,0.44669413566589355,4.310334217902889,-110.33421790288855,4038463.1908949926,99.99993032823812,0.0003659266714851318,19,sleep,7.828000000008615,0
320000,nan,4.2,1.039999574459216e-06,4.3103346824646,0.44669413566589355,4.310334217902889,-110.33421790288855,4038463.1908949926,99.99993032823812,0.0003659266714851318,19,sleep,7.875,0
320000,nan,4.2,1.039999574459216e-06,4.3103346824646,0.44669413566589355,4.310334217902889,-110.33421790288855,4038463.1908949926,99.99993032823812,0.0003659266714851318,19,sleep,7.937000000005355,0
320000,nan,4.2,1.039999574459216e-06,4.3103346824646,0.44669413566589355,4.310334217902889,-110.33421790288855,4038463.1908949926,99.99993032823812,0.0003659266714851318,19,sleep,7.98399999999674,0
320000,nan,4.2,1.039999574459216e-06,4.3103346824646,0.44669413566589355,4.310334217902889,-110.33421790288855,4038463.1908949926,99.99993032823812,0.0003659266714851318,19,sleep,8.031000000002678,0
320000,nan,4.2,1.039999574459216e-06,4.3103346824646,0.44669413566589355,4.310334217902889,-110.33421790288855,4038463.1908949926,99.99993032823812,0.0003659266714851318,19,sleep,8.078000000008615,0
320000,nan,4.2,1.039999574459216e-06,4.3103346824646,0.44669413566589355,4.310334217902889,-110.33421790288855,4038463.1908949926,99.99993032823812,0.0003659266714851318,19,sleep,8.125,0
100,nan,4.2,6.855002084193984e-06,4.3103346824646,0.44669413566589355,4.3103316203753685,-110.33162037536837,612691.2798005136,99.99993014152491,0.00036690731761661956,20,tx,8.51600000000326,0
100,nan,4.2,6.855002084193984e-06,4.3103346824646,0.44669413566589355,4.3103316203753685,-110.33162037536837,612691.2798005136,99.99993014152491,0.00036690731761661956,20,tx,8.578000000008615,0
100,nan,4.2,6.855002084193984e-06,4.3103346824646,0.44669413566589355,4.3103316203753685,-110.33162037536837,612691.2798005136,99.99993014152491,0.00036690731761661956,20,tx,8.625,0
100,nan,4.2,6.855002084193984e-06,4.3103346824646,0.44669413566589355,4.3103316203753685,-110.33162037536837,612691.2798005136,99.99993014152491,0.00036690731761661956,20,tx,8.672000000005937,0
100,nan,4.2,6.855002084193984e-06,4.3103346824646,0.44669413566589355,4.3103316203753685,-110.33162037536837,612691.2798005136,99.99993014152491,0.00036690731761661956,20,tx,8.718999999997322,0
100,nan,4.2,0.019661858677864075,4.3103346824646,0.44669413566589355,4.301551845496906,-101.551845496906,213.61154450410578,99.99939356150287,0.003185107061461607,21,tx,8.781000000002678,0
100,nan,4.2,0.019661858677864075,4.3103346824646,0.44669413566589355,4.301551845496906,-101.551845496906,213.61154450410578,99.99939356150287,0.003185107061461607,21,tx,8.828000000008615,0
100,nan,4.2,0.019661858677864075,4.3103346824646,0.44669413566589355,4.301551845496906,-101.551845496906,213.61154450410578,99.99939356150287,0.003185107061461607,21,tx,8.875,0
320000,nan,4.2,0.019661858677864075,4.3103346824646,0.44669413566589355,4.301551845496906,-101.551845496906,213.61154450410578,99.99939356150287,0.003185107061461607,21,sleep,9.26600000000326,0
320000,nan,4.2,0.040560148656368256,4.3103346824646,0.44669413566589355,4.292216701918063,-92.21670191806285,103.54991633741382,99.99828665875188,0.008998728368911114,22,sleep,9.328000000008615,0
320000,nan,4.2,0.040560148656368256,4.3103346824646,0.44669413566589355,4.292216701918063,-92.21670191806285,103.54991633741382,99.99828665875188,0.008998728368911114,22,sleep,9.375,0
320000,nan,4.2,0.040560148656368256,4.3103346824646,0.44669413566589355,4.292216701918063,-92.21670191806285,103.54991633741382,99.99828665875188,0.008998728368911114,22,sleep,9.422000000005937,0
320000,nan,4.2,0.040560148656368256,4.3103346824646,0.44669413566589355,4.292216701918063,-92.21670191806285,103.54991633741382,99.99828665875188,0.008998728368911114,22,sleep,9.468999999997322,0
320000,nan,4.2,0.040560148656368256,4.3103346824646,0.44669413566589355,4.292216701918063,-92.21670191806285,103.54991633741382,99.99828665875188,0.008998728368911114,22,sleep,9.531000000002678,0
320000,nan,4.2,0.040560148656368256,4.3103346824646,0.44669413566589355,4.292216701918063,-92.21670191806285,103.54991633741382,99.99828665875188,0.008998728368911114,22,sleep,9.578000000008615,0
320000,nan,4.2,0.040560148656368256,4.3103346824646,0.44669413566589355,4.292216701918063,-92.21670191806285,103.54991633741382,99.99828665875188,0.008998728368911114,22,sleep,9.625,0
320000,nan,4.2,0.040560148656368256,4.3103346824646,0.44669413566589355,4.292216701918063,-92.21670191806285,103.54991633741382,99.99828665875188,0.008998728368911114,22,sleep,9.672000000005937,0
320000,nan,4.2,0.040560148656368256,4.3103346824646,0.44669413566589355,4.292216701918063,-92.21670191806285,103.54991633741382,99.99828665875188,0.008998728368911114,22,sleep,9.718999999997322,0
320000,nan,4.2,0.040560148656368256,4.3103346824646,0.44669413566589355,4.292216701918063,-92.21670191806285,103.54991633741382,99.99828665875188,0.008998728368911114,22,sleep,9.781000000002678,0
320000,nan,4.2,1.2185003470222e-05,4.3103346824646,0.44669413566589355,4.310329239495006,-110.32923949500616,344685.9912895437,99.99828633652935,0.0090004207305042,23,sleep,9.828000000008615,0
320000,nan,4.2,1.2185003470222e-05,4.3103346824646,0.44669413566589355,4.310329239495006,-110.32923949500616,344685.9912895437,99.99828633652935,0.0090004207305042,23,sleep,9.875,0
320000,nan,4.2,1.2185003470222e-05,4.3103346824646,0.44669413566589355,4.310329239495006,-110.32923949500616,344685.9912895437,99.99828633652935,0.0090004207305042,23,sleep,9.922000000005937,0
320000,nan,4.2,1.2185003470222e-05,4.3103346824646,0.44669413566589355,4.310329239495006,-110.32923949500616,344685.9912895437,99.99828633652935,0.0090004207305042,23,sleep,9.968999999997322,0
320000,nan,4.2,1.2185003470222e-05,4.3103346824646,0.44669413566589355,4.310329239495006,-110.32923949500616,344685.9912895437,99.99828633652935,0.0090004207305042,23,sleep,10.031000000002678,0
320000,nan,4.2,1.2185003470222e-05,4.3103346824646,0.44669413566589355,4.310329239495006,-110.32923949500616,344685.9912895437,99.99828633652935,0.0090004207305042,23,sleep,10.078000000008615,0
320000,nan,4.2,1.2185003470222e-05,4.3103346824646,0.44669413566589355,4.310329239495006,-110.32923949500616,344685.9912895437,99.99828633652935,0.0090004207305042,23,sleep,10.125,0
320000,nan,4.2,1.2185003470222e-05,4.3103346824646,0.44669413566589355,4.310329239495006,-110.32923949500616,344685.9912895437,99.99828633652935,0.0090004207305042,23,sleep,10.172000000005937,0
320000,nan,4.2,1.2185003470222e-05,4.3103346824646,0.44669413566589355,4.310329239495006,-110.32923949500616,344685.9912895437,99.99828633652935,0.0090004207305042,23,sleep,10.218999999997322,0
320000,nan,4.2,1.2185003470222e-05,4.3103346824646,0.44669413566589355,4.310329239495006,-110.32923949500616,344685.9912895437,99.99828633652935,0.0090004207305042,23,sleep,10.281000000002678,0
320000,nan,4.2,4.334999175625853e-06,4.3103346824646,0.44669413566589355,4.31033274604589,-110.3327460458896,968858.3157328138,99.99828621845475,0.009001040876219602,24,sleep,10.328000000008615,0
320000,nan,4.2,4.334999175625853e-06,4.3103346824646,0.44669413566589355,4.31033274604589,-110.3327460458896,968858.3157328138,99.99828621845475,0.009001040876219602,24,sleep,10.375,0
320000,nan,4.2,4.334999175625853e-06,4.3103346824646,0.44669413566589355,4.31033274604589,-110.3327460458896,968858.3157328138,99.99828621845475,0.009001040876219602,24,sleep,10.422000000005937,0
320000,nan,4.2,4.334999175625853e-06,4.3103346824646,0.44669413566589355,4.31033274604589,-110.3327460458896,968858.3157328138,99.99828621845475,0.009001040876219602,24,sleep,10.468999999997322,0
320000,nan,4.2,4.334999175625853e-06,4.3103346824646,0.44669413566589355,4.31033274604589,-110.3327460458896,968858.3157328138,99.99828621845475,0.009001040876219602,24,sleep,10.531000000002678,0
320000,nan,4.2,4.334999175625853e-06,4.3103346824646,0.44669413566589355,4.31033274604589,-110.3327460458896,968858.3157328138,99.99828621845475,0.009001040876219602,24,sleep,10.578000000008615,0
320000,nan,4.2,4.334999175625853e-06,4.3103346824646,0.44669413566589355,4.31033274604589,-110.3327460458896,968858.3157328138,99.99828621845475,0.009001040876219602,24,sleep,10.625,0
320000,nan,4.2,4.334999175625853e-06,4.3103346824646,0.44669413566589355,4.31033274604589,-110.3327460458896,968858.3157328138,99.99828621845475,0.009001040876219602,24,sleep,10.672000000005937,0
320000,nan,4.2,4.334999175625853e-06,4.3103346824646,0.44669413566589355,4.31033274604589,-110.3327460458896,968858.3157328138,99.99828621845475,0.009001040876219602,24,sleep,10.718999999997322,0
320000,nan,4.2,4.334999175625853e-06,4.3103346824646,0.44669413566589355,4.31033274604589,-110.3327460458896,968858.3157328138,99.99828621845475,0.009001040876219602,24,sleep,10.781000000002678,0
320000,nan,4.2,7.65000640967628e-06,4.3103346824646,0.44669413566589355,4.310331265251599,-110.33126525159886,549019.147838561,99.99828600968301,0.00900213737713833,25,sleep,10.828000000008615,0
320000,nan,4.2,7.65000640967628e-06,4.3103346824646,0.44669413566589355,4.310331265251599,-110.33126525159886,549019.147838561,99.99828600968301,0.00900213737713833,25,sleep,10.875,0
320000,nan,4.2,7.65000640967628e-06,4.3103346824646,0.44669413566589355,4.310331265251599,-110.33126525159886,549019.147838561,99.99828600968301,0.00900213737713833,25,sleep,10.922000000005937,0
320000,nan,4.2,7.65000640967628e-06,4.3103346824646,0.44669413566589355,4.310331265251599,-110.33126525159886,549019.147838561,99.99828600968301,0.00900213737713833,25,sleep,10.968999999997322,0
320000,nan,4.2,7.65000640967628e-06,4.3103346824646,0.44669413566589355,4.310331265251599,-110.33126525159886,549019.147838561,99.99828600968301,0.00900213737713833,25,sleep,11.031000000002678,0
320000,nan,4.2,7.65000640967628e-06,4.3103346824646,0.44669413566589355,4.310331265251599,-110.33126525159886,549019.147838561,99.99828600968301,0.00900213737713833,25,sleep,11.078000000008615,0
320000,nan,4.2,7.65000640967628e-06,4.3103346824646,0.44669413566589355,4.310331265251599,-110.33126525159886,549019.147838561,99.99828600968301,0.00900213737713833,25,sleep,11.125,0
320000,nan,4.2,7.65000640967628e-06,4.3103346824646,0.44669413566589355,4.310331265251599,-110.33126525159886,549019.147838561,99.99828600968301,0.00900213737713833,25,sleep,11.172000000005937,0
320000,nan,4.2,7.65000640967628e-06,4.3103346824646,0.44669413566589355,4.310331265251599,-110.33126525159886,549019.147838561,99.99828600968301,0.00900213737713833,25,sleep,11.218999999997322,0
320000,nan,4.2,7.65000640967628e-06,4.3103346824646,0.44669413566589355,4.310331265251599,-110.33126525159886,549019.147838561,99.99828600968301,0.00900213737713833,25,sleep,11.281000000002678,0
320000,nan,4.2,4.759996045322623e-06,4.3103346824646,0.44669413566589355,4.3103325562022805,-110.33255620228033,882353.6742487635,99.99828588380878,0.00900279848770018,26,sleep,11.328000000008615,0
320000,nan,4.2,4.759996045322623e-06,4.3103346824646,0.44669413566589355,4.3103325562022805,-110.33255620228033,882353.6742487635,99.99828588380878,0.00900279848770018,26,sleep,11.375,0
320000,nan,4.2,4.759996045322623e-06,4.3103346824646,0.44669413566589355,4.3103325562022805,-110.33255620228033,882353.6742487635,99.99828588380878,0.00900279848770018,26,sleep,11.422000000005937,0
320000,nan,4.2,4.759996045322623e-06,4.3103346824646,0.44669413566589355,4.3103325562022805,-110.33255620228033,882353.6742487635,99.99828588380878,0.00900279848770018,26,sleep,11.468999999997322,0
320000,nan,4.2,4.759996045322623e-06,4.3103346824646,0.44669413566589355,4.3103325562022805,-110.33255620228033,882353.6742487635,99.99828588380878,0.00900279848770018,26,sleep,11.531000000002678,0
320000,nan,4.2,4.759996045322623e-06,4.3103346824646,0.44669413566589355,4.3103325562022805,-110.33255620228033,882353.6742487635,99.99828588380878,0.00900279848770018,26,sleep,11.578000000008615,0
320000,nan,4.2,4.759996045322623e-06,4.3103346824646,0.44669413566589355,4.3103325562022805,-110.33255620228033,882353.6742487635,99.99828588380878,0.00900279848770018,26,sleep,11.625,0
320000,nan,4.2,4.759996045322623e-06,4.3103346824646,0.44669413566589355,4.3103325562022805,-110.33255620228033,882353.6742487635,99.99828588380878,0.00900279848770018,26,sleep,11.672000000005937,0
320000,nan,4.2,4.759996045322623e-06,4.3103346824646,0.44669413566589355,4.3103325562022805,-110.33255620228033,882353.6742487635,99.99828588380878,0.00900279848770018,26,sleep,11.718999999997322,0
320000,nan,4.2,4.759996045322623e-06,4.3103346824646,0.44669413566589355,4.3103325562022805,-110.33255620228033,882353.6742487635,99.99828588380878,0.00900279848770018,26,sleep,11.781000000002678,0
320000,nan,4.2,3.1199974728224333e-06,4.3103346824646,0.44669413566589355,4.310333288780026,-110.33328878002547,1346154.9365296657,99.99828579882781,0.009003244820671986,27,sleep,11.828000000008615,0
320000,nan,4.2,3.1199974728224333e-06,4.3103346824646,0.44669413566589355,4.310333288780026,-110.33328878002547,1346154.9365296657,99.99828579882781,0.009003244820671986,27,sleep,11.875,0
320000,nan,4.2,3.1199974728224333e-06,4.3103346824646,0.44669413566589355,4.310333288780026,-110.33328878002547,1346154.9365296657,99.99828579882781,0.009003244820671986,27,sleep,11.922000000005937,0
320000,nan,4.2,3.1199974728224333e-06,4.3103346824646,0.44669413566589355,4.310333288780026,-110.33328878002547,1346154.9365296657,99.99828579882781,0.009003244820671986,27,sleep,11.968999999997322,0
320000,nan,4.2,3.1199974728224333e-06,4.3103346824646,0.44669413566589355,4.310333288780026,-110.33328878002547,1346154.9365296657,99.99828579882781,0.009003244820671986,27,sleep,12.031000000002678,0
320000,nan,4.2,3.1199974728224333e-06,4.3103346824646,0.44669413566589355,4.310333288780026,-110.33328878002547,1346154.9365296657,99.99828579882781,0.009003244820671986,27,sleep,12.078000000008615,0
320000,nan,4.2,3.1199974728224333e-06,4.3103346824646,0.44669413566589355,4.310333288780026,-110.33328878002547,1346154.9365296657,99.99828579882781,0.009003244820671986,27,sleep,12.125,0
320000,nan,4.2,3.1199974728224333e-06,4.3103346824646,0.44669413566589355,4.310333288780026,-110.33328878002547,1346154.9365296657,99.99828579882781,0.009003244820671986,27,sleep,12.172000000005937,0
320000,nan,4.2,3.1199974728224333e-06,4.3103346824646,0.44669413566589355,4.310333288780026,-110.33328878002547,1346154.9365296657,99.99828579882781,0.009003244820671986,27,sleep,12.218999999997322,0
320000,nan,4.2,3.1199974728224333e-06,4.3103346824646,0.44669413566589355,4.310333288780026,-110.33328878002547,1346154.9365296657,99.99828579882781,0.009003244820671986,27,sleep,12.281000000002678,0
320000,nan,4.2,3.1199974728224333e-06,4.3103346824646,0.44669413566589355,4.310333288780026,-110.33328878002547,1346154.9365296657,99.99828579882781,0.009003244820671986,27,sleep,12.328000000008615,0
320000,nan,4.2,8.845004231261555e-06,4.3103346824646,0.44669413566589355,4.31033073145308,-110.3307314530797,474844.31778513215,99.99828555744409,0.009004512604611808,28,sleep,12.375,0
320000,nan,4.2,8.845004231261555e-06,4.3103346824646,0.44669413566589355,4.31033073145308,-110.3307314530797,474844.31778513215,99.99828555744409,0.009004512604611808,28,sleep,12.422000000005937,0
320000,nan,4.2,8.845004231261555e-06,4.3103346824646,0.44669413566589355,4.31033073145308,-110.3307314530797,474844.31778513215,99.99828555744409,0.009004512604611808,28,sleep,12.468999999997322,0
320000,nan,4.2,8.845004231261555e-06,4.3103346824646,0.44669413566589355,4.31033073145308,-110.3307314530797,474844.31778513215,99.99828555744409,0.009004512604611808,28,sleep,12.531000000002678,0
320000,nan,4.2,8.845004231261555e-06,4.3103346824646,0.44669413566589355,4.31033073145308,-110.3307314530797,474844.31778513215,99.99828555744409,0.009004512604611808,28,sleep,12.578000000008615,0
320000,nan,4.2,8.845004231261555e-06,4.3103346824646,0.44669413566589355,4.31033073145308,-110.3307314530797,474844.31778513215,99.99828555744409,0.009004512604611808,28,sleep,12.625,0
320000,nan,4.2,8.845004231261555e-06,4.3103346824646,0.44669413566589355,4.31033073145308,-110.3307314530797,474844.31778513215,99.99828555744409,0.009004512604611808,28,sleep,12.672000000005937,0
320000,nan,4.2,8.845004231261555e-06,4.3103346824646,0.44669413566589355,4.31033073145308,-110.3307314530797,474844.31778513215,99.99828555744409,0.009004512604611808,28,sleep,12.718999999997322,0
320000,nan,4.2,8.845004231261555e-06,4.3103346824646,0.44669413566589355,4.31033073145308,-110.3307314530797,474844.31778513215,99.99828555744409,0.009004512604611808,28,sleep,12.781000000002678,0
320000,nan,4.2,8.845004231261555e-06,4.3103346824646,0.44669413566589355,4.31033073145308,-110.3307314530797,474844.31778513215,99.99828555744409,0.009004512604611808,28,sleep,12.828000000008615,0
320000,nan,4.2,-1.8100026863976382e-06,4.3103346824646,0.44669413566589355,4.310335490982185,-110.33549098218475,2320438.54496098,99.99828560530814,0.009004261215349809,29,sleep,12.875,0
320000,nan,4.2,-1.8100026863976382e-06,4.3103346824646,0.44669413566589355,4.310335490982185,-110.33549098218475,2320438.54496098,99.99828560530814,0.009004261215349809,29,sleep,12.922000000005937,0
320000,nan,4.2,-1.8100026863976382e-06,4.3103346824646,0.44669413566589355,4.310335490982185,-110.33549098218475,2320438.54496098,99.99828560530814,0.009004261215349809,29,sleep,12.968999999997322,0
320000,nan,4.2,-1.8100026863976382e-06,4.3103346824646,0.44669413566589355,4.310335490982185,-110.33549098218475,2320438.54496098,99.99828560530814,0.009004261215349809,29,sleep,13.031000000002678,0
320000,nan,4.2,-1.8100026863976382e-06,4.3103346824646,0.44669413566589355,4.310335490982185,-110.33549098218475,2320438.54496098,99.99828560530814,0.009004261215349809,29,sleep,13.078000000008615,0
320000,nan,4.2,-1.8100026863976382e-06,4.3103346824646,0.44669413566589355,4.310335490982185,-110.33549098218475,2320438.54496098,99.99828560530814,0.009004261215349809,29,sleep,13.125,0
320000,nan,4.2,-1.8100026863976382e-06,4.3103346824646,0.44669413566589355,4.310335490982185,-110.33549098218475,2320438.54496098,99.99828560530814,0.009004261215349809,29,sleep,13.172000000005937,0
320000,nan,4.2,-1.8100026863976382e-06,4.3103346824646,0.44669413566589355,4.310335490982185,-110.33549098218475,2320438.54496098,99.99828560530814,0.009004261215349809,29,sleep,13.218999999997322,0
320000,nan,4.2,-1.8100026863976382e-06,4.3103346824646,0.44669413566589355,4.310335490982185,-110.33549098218475,2320438.54496098,99.99828560530814,0.009004261215349809,29,sleep,13.281000000002678,0
320000,nan,4.2,-1.8100026863976382e-06,4.3103346824646,0.44669413566589355,4.310335490982185,-110.33549098218475,2320438.54496098,99.99828560530814,0.009004261215349809,29,sleep,13.328000000008615,0
320000,nan,4.2,3.919993105228059e-06,4.3103346824646,0.44669413566589355,4.310332931426668,-110.3329314266679,1071430.4559358787,99.99828549832995,0.009004823081028212,30,sleep,13.375,0
320000,nan,4.2,3.919993105228059e-06,4.3103346824646,0.44669413566589355,4.310332931426668,-110.3329314266679,1071430.4559358787,99.99828549832995,0.009004823081028212,30,sleep,13.422000000005937,0
320000,nan,4.2,3.919993105228059e-06,4.3103346824646,0.44669413566589355,4.310332931426668,-110.3329314266679,1071430.4559358787,99.99828549832995,0.009004823081028212,30,sleep,13.468999999997322,0
320000,nan,4.2,3.919993105228059e-06,4.3103346824646,0.44669413566589355,4.310332931426668,-110.3329314266679,1071430.4559358787,99.99828549832995,0.009004823081028212,30,sleep,13.531000000002678,0
320000,nan,4.2,3.919993105228059e-06,4.3103346824646,0.44669413566589355,4.310332931426668,-110.3329314266679,1071430.4559358787,99.99828549832995,0.009004823081028212,30,sleep,13.578000000008615,0
320000,nan,4.2,3.919993105228059e-06,4.3103346824646,0.44669413566589355,4.310332931426668,-110.3329314266679,1071430.4559358787,99.99828549832995,0.009004823081028212,30,sleep,13.625,0
320000,nan,4.2,3.919993105228059e-06,4.3103346824646,0.44669413566589355,4.310332931426668,-110.3329314266679,1071430.4559358787,99.99828549832995,0.009004823081028212,30,sleep,13.672000000005937,0
320000,nan,4.2,3.919993105228059e-06,4.3103346824646,0.44669413566589355,4.310332931426668,-110.3329314266679,1071430.4559358787,99.99828549832995,0.009004823081028212,30,sleep,13.718999999997322,0
320000,nan,4.2,3.919993105228059e-06,4.3103346824646,0.44669413566589355,4.310332931426668,-110.3329314266679,1071430.4559358787,99.99828549832995,0.009004823081028212,30,sleep,13.781000000002678,0
320000,nan,4.2,3.919993105228059e-06,4.3103346824646,0.44669413566589355,4.310332931426668,-110.3329314266679,1071430.4559358787,99.99828549832995,0.009004823081028212,30,sleep,13.828000000008615,0
320000,nan,4.2,1.089999386749696e-06,4.3103346824646,0.44669413566589355,4.310334195568266,-110.33419556826551,3853213.177049681,99.99828546864109,0.009004979011496038,31,sleep,13.875,0
320000,nan,4.2,1.089999386749696e-06,4.3103346824646,0.44669413566589355,4.310334195568266,-110.33419556826551,3853213.177049681,99.99828546864109,0.009004979011496038,31,sleep,13.922000000005937,0
320000,nan,4.2,1.089999386749696e-06,4.3103346824646,0.44669413566589355,4.310334195568266,-110.33419556826551,3853213.177049681,99.99828546864109,0.009004979011496038,31,sleep,13.968999999997322,0
320000,nan,4.2,1.089999386749696e-06,4.3103346824646,0.44669413566589355,4.310334195568266,-110.33419556826551,3853213.177049681,99.99828546864109,0.009004979011496038,31,sleep,14.031000000002678,0
320000,nan,4.2,1.089999386749696e-06,4.3103346824646,0.44669413566589355,4.310334195568266,-110.33419556826551,3853213.177049681,99.99828546864109,0.009004979011496038,31,sleep,14.078000000008615,0
320000,nan,4.2,1.089999386749696e-06,4.3103346824646,0.44669413566589355,4.310334195568266,-110.33419556826551,3853213.177049681,99.99828546864109,0.009004979011496038,31,sleep,14.125,0
320000,nan,4.2,1.089999386749696e-06,4.3103346824646,0.44669413566589355,4.310334195568266,-110.33419556826551,3853213.177049681,99.99828546864109,0.009004979011496038,31,sleep,14.172000000005937,0
320000,nan,4.2,1.089999386749696e-06,4.3103346824646,0.44669413566589355,4.310334195568266,-110.33419556826551,3853213.177049681,99.99828546864109,0.009004979011496038,31,sleep,14.218999999997322,0
320000,nan,4.2,1.8999988924406352e-06,4.3103346824646,0.44669413566589355,4.3103338337462365,-110.33383374623628,2210527.604363447,99.99828541839715,0.0090052429002311,32,sleep,14.625,1
320000,nan,4.2,1.8999988924406352e-06,4.3103346824646,0.44669413566589355,4.3103338337462365,-110.33383374623628,2210527.604363447,99.99828541839715,0.0090052429002311,32,sleep,14.687000000005355,1
320000,nan,4.2,1.8999988924406352e-06,4.3103346824646,0.44669413566589355,4.3103338337462365,-110.33383374623628,2210527.604363447,99.99828541839715,0.0090052429002311,32,sleep,14.73399999999674,1
320000,nan,4.2,1.8999988924406352e-06,4.3103346824646,0.44669413566589355,4.3103338337462365,-110.33383374623628,2210527.604363447,99.99828541839715,0.0090052429002311,32,sleep,14.781000000002678,1
320000,nan,4.2,1.8999988924406352e-06,4.3103346824646,0.44669413566589355,4.3103338337462365,-110.33383374623628,2210527.604363447,99.99828541839715,0.0090052429002311,32,sleep,14.828000000008615,1
320000,nan,4.2,1.8999988924406352e-06,4.3103346824646,0.44669413566589355,4.3103338337462365,-110.33383374623628,2210527.604363447,99.99828541839715,0.0090052429002311,32,sleep,14.89100000000326,1
320000,nan,4.2,6.024996764608659e-06,4.3103346824646,0.44669413566589355,4.310331991133878,-110.3319911338776,697095.810021203,99.99828525397257,0.0090061064831007,33,sleep,14.937000000005355,1
320000,nan,4.2,6.024996764608659e-06,4.3103346824646,0.44669413566589355,4.310331991133878,-110.3319911338776,697095.810021203,99.99828525397257,0.0090061064831007,33,sleep,14.98399999999674,1
320000,nan,4.2,6.024996764608659e-06,4.3103346824646,0.44669413566589355,4.310331991133878,-110.3319911338776,697095.810021203,99.99828525397257,0.0090061064831007,33,sleep,15.031000000002678,1
320000,nan,4.2,6.024996764608659e-06,4.3103346824646,0.44669413566589355,4.310331991133878,-110.3319911338776,697095.810021203,99.99828525397257,0.0090061064831007,33,sleep,15.078000000008615,1
320000,nan,4.2,6.024996764608659e-06,4.3103346824646,0.44669413566589355,4.310331991133878,-110.3319911338776,697095.810021203,99.99828525397257,0.0090061064831007,33,sleep,15.14100000000326,1
320000,nan,4.2,6.024996764608659e-06,4.3103346824646,0.44669413566589355,4.310331991133878,-110.3319911338776,697095.810021203,99.99828525397257,0.0090061064831007,33,sleep,15.187000000005355,1
320000,nan,4.2,6.024996764608659e-06,4.3103346824646,0.44669413566589355,4.310331991133878,-110.3319911338776,697095.810021203,99.99828525397257,0.0090061064831007,33,sleep,15.23399999999674,1
320000,nan,4.2,6.024996764608659e-06,4.3103346824646,0.44669413566589355,4.310331991133878,-110.3319911338776,697095.810021203,99.99828525397257,0.0090061064831007,33,sleep,15.281000000002678,1
320000,nan,4.2,6.024996764608659e-06,4.3103346824646,0.44669413566589355,4.310331991133878,-110.3319911338776,697095.810021203,99.99828525397257,0.0090061064831007,33,sleep,15.328000000008615,1
320000,nan,4.2,6.024996764608659e-06,4.3103346824646,0.44669413566589355,4.310331991133878,-110.3319911338776,697095.810021203,99.99828525397257,0.0090061064831007,33,sleep,15.39100000000326,1
320000,nan,4.2,1.4499995586447767e-06,4.3103346824646,0.44669413566589355,4.3103340347583,-110.33403475830016,2896552.60579905,99.9982852144015,0.009006314316370773,34,sleep,15.437000000005355,1
320000,nan,4.2,1.4499995586447767e-06,4.3103346824646,0.44669413566589355,4.3103340347583,-110.33403475830016,2896552.60579905,99.9982852144015,0.009006314316370773,34,sleep,15.48399999999674,1
320000,nan,4.2,1.4499995586447767e-06,4.3103346824646,0.44669413566589355,4.3103340347583,-110.33403475830016,2896552.60579905,99.9982852144015,0.009006314316370773,34,sleep,15.531000000002678,1
320000,nan,4.2,1.4499995586447767e-06,4.3103346824646,0.44669413566589355,4.3103340347583,-110.33403475830016,2896552.60579905,99.9982852144015,0.009006314316370773,34,sleep,15.578000000008615,1
320000,nan,4.2,1.4499995586447767e-06,4.3103346824646,0.44669413566589355,4.3103340347583,-110.33403475830016,2896552.60579905,99.9982852144015,0.009006314316370773,34,sleep,15.64100000000326,1
320000,nan,4.2,1.4499995586447767e-06,4.3103346824646,0.44669413566589355,4.3103340347583,-110.33403475830016,2896552.60579905,99.9982852144015,0.009006314316370773,34,sleep,15.687000000005355,1
320000,nan,4.2,1.4499995586447767e-06,4.3103346824646,0.44669413566589355,4.3103340347583,-110.33403475830016,2896552.60579905,99.9982852144015,0.009006314316370773,34,sleep,15.73399999999674,1
320000,nan,4.2,1.4499995586447767e-06,4.3103346824646,0.44669413566589355,4.3103340347583,-110.33403475830016,2896552.60579905,99.9982852144015,0.009006314316370773,34,sleep,15.781000000002678,1
320000,nan,4.2,1.4499995586447767e-06,4.3103346824646,0.44669413566589355,4.3103340347583,-110.33403475830016,2896552.60579905,99.9982852144015,0.009006314316370773,34,sleep,15.828000000008615,1
320000,nan,4.2,1.4499995586447767e-06,4.3103346824646,0.44669413566589355,4.3103340347583,-110.33403475830016,2896552.60579905,99.9982852144015,0.009006314316370773,34,sleep,15.89100000000326,1
320000,nan,4.2,-9.900024906528415e-07,4.3103346824646,0.44669413566589355,4.310335124692907,-110.33512469290673,4242413.569313726,99.9982852413667,0.009006172691014471,35,sleep,15.937000000005355,1
320000,nan,4.2,-9.900024906528415e-07,4.3103346824646,0.44669413566589355,4.310335124692907,-110.33512469290673,4242413.569313726,99.9982852413667,0.009006172691014471,35,sleep,15.98399999999674,1
320000,nan,4.2,-9.900024906528415e-07,4.3103346824646,0.44669413566589355,4.310335124692907,-110.33512469290673,4242413.569313726,99.9982852413667,0.009006172691014471,35,sleep,16.031000000002678,1
320000,nan,4.2,-9.900024906528415e-07,4.3103346824646,0.44669413566589355,4.310335124692907,-110.33512469290673,4242413.569313726,99.9982852413667,0.009006172691014471,35,sleep,16.078000000008615,1
320000,nan,4.2,-9.900024906528415e-07,4.3103346824646,0.44669413566589355,4.310335124692907,-110.33512469290673,4242413.569313726,99.9982852413667,0.009006172691014471,35,sleep,16.14100000000326,1
320000,nan,4.2,-9.900024906528415e-07,4.3103346824646,0.44669413566589355,4.310335124692907,-110.33512469290673,4242413.569313726,99.9982852413667,0.009006172691014471,35,sleep,16.187000000005355,1
320000,nan,4.2,-9.900024906528415e-07,4.3103346824646,0.44669413566589355,4.310335124692907,-110.33512469290673,4242413.569313726,99.9982852413667,0.009006172691014471,35,sleep,16.23399999999674,1
320000,nan,4.2,-9.900024906528415e-07,4.3103346824646,0.44669413566589355,4.310335124692907,-110.33512469290673,4242413.569313726,99.9982852413667,0.009006172691014471,35,sleep,16.281000000002678,1
320000,nan,4.2,-9.900024906528415e-07,4.3103346824646,0.44669413566589355,4.310335124692907,-110.33512469290673,4242413.569313726,99.9982852413667,0.009006172691014471,35,sleep,16.328000000008615,1
320000,nan,4.2,-9.900024906528415e-07,4.3103346824646,0.44669413566589355,4.310335124692907,-110.33512469290673,4242413.569313726,99.9982852413667,0.009006172691014471,35,sleep,16.39100000000326,1
320000,nan,4.2,3.1349952678283444e-06,4.3103346824646,0.44669413566589355,4.310333282080598,-110.33328208059778,1339714.940912622,99.99828515581143,0.009006622040336197,36,sleep,16.437000000005355,1
320000,nan,4.2,3.1349952678283444e-06,4.3103346824646,0.44669413566589355,4.310333282080598,-110.33328208059778,1339714.940912622,99.99828515581143,0.009006622040336197,36,sleep,16.48399999999674,1
320000,nan,4.2,3.1349952678283444e-06,4.3103346824646,0.44669413566589355,4.310333282080598,-110.33328208059778,1339714.940912622,99.99828515581143,0.009006622040336197,36,sleep,16.531000000002678,1
320000,nan,4.2,3.1349952678283444e-06,4.3103346824646,0.44669413566589355,4.310333282080598,-110.33328208059778,1339714.940912622,99.99828515581143,0.009006622040336197,36,sleep,16.578000000008615,1
320000,nan,4.2,3.1349952678283444e-06,4.3103346824646,0.44669413566589355,4.310333282080598,-110.33328208059778,1339714.940912622,99.99828515581143,0.009006622040336197,36,sleep,16.64100000000326,1
320000,nan,4.2,3.1349952678283444e-06,4.3103346824646,0.44669413566589355,4.310333282080598,-110.33328208059778,1339714.940912622,99.99828515581143,0.009006622040336197,36,sleep,16.687000000005355,1
320000,nan,4.2,3.1349952678283444e-06,4.3103346824646,0.44669413566589355,4.310333282080598,-110.33328208059778,1339714.940912622,99.99828515581143,0.009006622040336197,36,sleep,16.73399999999674,1
320000,nan,4.2,3.1349952678283444e-06,4.3103346824646,0.44669413566589355,4.310333282080598,-110.33328208059778,1339714.940912622,99.99828515581143,0.009006622040336197,36,sleep,16.781000000002678,1
320000,nan,4.2,3.1349952678283444e-06,4.3103346824646,0.44669413566589355,4.310333282080598,-110.33328208059778,1339714.940912622,99.99828515581143,0.009006622040336197,36,sleep,16.828000000008615,1
320000,nan,4.2,3.1349952678283444e-06,4.3103346824646,0.44669413566589355,4.310333282080598,-110.33328208059778,1339714.940912622,99.99828515581143,0.009006622040336197,36,sleep,16.89100000000326,1
320000,nan,4.2,3.1349952678283444e-06,4.3103346824646,0.44669413566589355,4.310333282080598,-110.33328208059778,1339714.940912622,99.99828515581143,0.009006622040336197,36,sleep,16.937000000005355,1
320000,nan,4.2,-9.22999515751144e-06,4.3103346824646,0.44669413566589355,4.310338805449309,-110.33880544930864,455038.1585608968,99.99828539989115,0.00900534009656432,37,sleep,16.98399999999674,1
320000,nan,4.2,-9.22999515751144e-06,4.3103346824646,0.44669413566589355,4.310338805449309,-110.33880544930864,455038.1585608968,99.99828539989115,0.00900534009656432,37,sleep,17.031000000002678,1
320000,nan,4.2,-9.22999515751144e-06,4.3103346824646,0.44669413566589355,4.310338805449309,-110.33880544930864,455038.1585608968,99.99828539989115,0.00900534009656432,37,sleep,17.078000000008615,1
320000,nan,4.2,-9.22999515751144e-06,4.3103346824646,0.44669413566589355,4.310338805449309,-110.33880544930864,455038.1585608968,99.99828539989115,0.00900534009656432,37,sleep,17.14100000000326,1
320000,nan,4.2,-9.22999515751144e-06,4.3103346824646,0.44669413566589355,4.310338805449309,-110.33880544930864,455038.1585608968,99.99828539989115,0.00900534009656432,37,sleep,17.187000000005355,1
320000,nan,4.2,-9.22999515751144e-06,4.3103346824646,0.44669413566589355,4.310338805449309,-110.33880544930864,455038.1585608968,99.99828539989115,0.00900534009656432,37,sleep,17.23399999999674,1
320000,nan,4.2,-9.22999515751144e-06,4.3103346824646,0.44669413566589355,4.310338805449309,-110.33880544930864,455038.1585608968,99.99828539989115,0.00900534009656432,37,sleep,17.281000000002678,1
320000,nan,4.2,-9.22999515751144e-06,4.3103346824646,0.44669413566589355,4.310338805449309,-110.33880544930864,455038.1585608968,99.99828539989115,0.00900534009656432,37,sleep,17.328000000008615,1
320000,nan,4.2,-9.22999515751144e-06,4.3103346824646,0.44669413566589355,4.310338805449309,-110.33880544930864,455038.1585608968,99.99828539989115,0.00900534009656432,37,sleep,17.39100000000326,1
320000,nan,4.2,-9.22999515751144e-06,4.3103346824646,0.44669413566589355,4.310338805449309,-110.33880544930864,455038.1585608968,99.99828539989115,0.00900534009656432,37,sleep,17.437000000005355,1
320000,nan,4.2,2.449999669806857e-07,4.3103346824646,0.44669413566589355,4.3103345730245515,-110.3345730245513,17142859.453246795,99.99828539321796,0.009005375145170707,38,sleep,17.48399999999674,1
320000,nan,4.2,2.449999669806857e-07,4.3103346824646,0.44669413566589355,4.3103345730245515,-110.3345730245513,17142859.453246795,99.99828539321796,0.009005375145170707,38,sleep,17.531000000002678,1
320000,nan,4.2,2.449999669806857e-07,4.3103346824646,0.44669413566589355,4.3103345730245515,-110.3345730245513,17142859.453246795,99.99828539321796,0.009005375145170707,38,sleep,17.578000000008615,1
320000,nan,4.2,2.449999669806857e-07,4.3103346824646,0.44669413566589355,4.3103345730245515,-110.3345730245513,17142859.453246795,99.99828539321796,0.009005375145170707,38,sleep,17.64100000000326,1
320000,nan,4.2,2.449999669806857e-07,4.3103346824646,0.44669413566589355,4.3103345730245515,-110.3345730245513,17142859.453246795,99.99828539321796,0.009005375145170707,38,sleep,17.687000000005355,1
320000,nan,4.2,2.449999669806857e-07,4.3103346824646,0.44669413566589355,4.3103345730245515,-110.3345730245513,17142859.453246795,99.99828539321796,0.009005375145170707,38,sleep,17.73399999999674,1
320000,nan,4.2,2.449999669806857e-07,4.3103346824646,0.44669413566589355,4.3103345730245515,-110.3345730245513,17142859.453246795,99.99828539321796,0.009005375145170707,38,sleep,17.781000000002678,1
320000,nan,4.2,2.449999669806857e-07,4.3103346824646,0.44669413566589355,4.3103345730245515,-110.3345730245513,17142859.453246795,99.99828539321796,0.009005375145170707,38,sleep,17.828000000008615,1
320000,nan,4.2,2.449999669806857e-07,4.3103346824646,0.44669413566589355,4.3103345730245515,-110.3345730245513,17142859.453246795,99.99828539321796,0.009005375145170707,38,sleep,17.89100000000326,1
320000,nan,4.2,2.449999669806857e-07,4.3103346824646,0.44669413566589355,4.3103345730245515,-110.3345730245513,17142859.453246795,99.99828539321796,0.009005375145170707,38,sleep,17.937000000005355,1
320000,nan,4.2,1.466001140215667e-05,4.3103346824646,0.44669413566589355,4.310328133923478,-110.32813392347762,286493.638018735,99.99828499314036,0.009007476413471695,39,sleep,17.98399999999674,1
320000,nan,4.2,1.466001140215667e-05,4.3103346824646,0.44669413566589355,4.310328133923478,-110.32813392347762,286493.638018735,99.99828499314036,0.009007476413471695,39,sleep,18.031000000002678,1
320000,nan,4.2,1.466001140215667e-05,4.3103346824646,0.44669413566589355,4.310328133923478,-110.32813392347762,286493.638018735,99.99828499314036,0.009007476413471695,39,sleep,18.078000000008615,1
320000,nan,4.2,1.466001140215667e-05,4.3103346824646,0.44669413566589355,4.310328133923478,-110.32813392347762,286493.638018735,99.99828499314036,0.009007476413471695,39,sleep,18.14100000000326,1
320000,nan,4.2,1.466001140215667e-05,4.3103346824646,0.44669413566589355,4.310328133923478,-110.32813392347762,286493.638018735,99.99828499314036,0.009007476413471695,39,sleep,18.187000000005355,1
320000,nan,4.2,1.466001140215667e-05,4.3103346824646,0.44669413566589355,4.310328133923478,-110.32813392347762,286493.638018735,99.99828499314036,0.009007476413471695,39,sleep,18.23399999999674,1
320000,nan,4.2,1.466001140215667e-05,4.3103346824646,0.44669413566589355,4.310328133923478,-110.32813392347762,286493.638018735,99.99828499314036,0.009007476413471695,39,sleep,18.281000000002678,1
320000,nan,4.2,1.466001140215667e-05,4.3103346824646,0.44669413566589355,4.310328133923478,-110.32813392347762,286493.638018735,99.99828499314036,0.009007476413471695,39,sleep,18.328000000008615,1
320000,nan,4.2,1.466001140215667e-05,4.3103346824646,0.44669413566589355,4.310328133923478,-110.32813392347762,286493.638018735,99.99828499314036,0.009007476413471695,39,sleep,18.39100000000326,1
320000,nan,4.2,1.466001140215667e-05,4.3103346824646,0.44669413566589355,4.310328133923478,-110.32813392347762,286493.638018735,99.99828499314036,0.009007476413471695,39,sleep,18.437000000005355,1
320000,nan,4.2,1.466001140215667e-05,4.3103346824646,0.44669413566589355,4.310328133923478,-110.32813392347762,286493.638018735,99.99828499314036,0.009007476413471695,39,sleep,18.48399999999674,1
320000,nan,4.2,2.329997641936643e-06,4.3103346824646,0.44669413566589355,4.310333641668317,-110.33364166831649,1802576.931583953,99.99828492955379,0.009007810379800365,40,sleep,18.531000000002678,1
320000,nan,4.2,2.329997641936643e-06,4.3103346824646,0.44669413566589355,4.310333641668317,-110.33364166831649,1802576.931583953,99.99828492955379,0.009007810379800365,40,sleep,18.578000000008615,1
320000,nan,4.2,2.329997641936643e-06,4.3103346824646,0.44669413566589355,4.310333641668317,-110.33364166831649,1802576.931583953,99.99828492955379,0.009007810379800365,40,sleep,18.64100000000326,1
320000,nan,4.2,2.329997641936643e-06,4.3103346824646,0.44669413566589355,4.310333641668317,-110.33364166831649,1802576.931583953,99.99828492955379,0.009007810379800365,40,sleep,18.687000000005355,1
320000,nan,4.2,2.329997641936643e-06,4.3103346824646,0.44669413566589355,4.310333641668317,-110.33364166831649,1802576.931583953,99.99828492955379,0.009007810379800365,40,sleep,18.73399999999674,1
320000,nan,4.2,2.329997641936643e-06,4.3103346824646,0.44669413566589355,4.310333641668317,-110.33364166831649,1802576.931583953,99.99828492955379,0.009007810379800365,40,sleep,18.781000000002678,1
320000,nan,4.2,2.329997641936643e-06,4.3103346824646,0.44669413566589355,4.310333641668317,-110.33364166831649,1802576.931583953,99.99828492955379,0.009007810379800365,40,sleep,18.828000000008615,1
320000,nan,4.2,2.329997641936643e-06,4.3103346824646,0.44669413566589355,4.310333641668317,-110.33364166831649,1802576.931583953,99.99828492955379,0.009007810379800365,40,sleep,18.89100000000326,1
320000,nan,4.2,2.329997641936643e-06,4.3103346824646,0.44669413566589355,4.310333641668317,-110.33364166831649,1802576.931583953,99.99828492955379,0.009007810379800365,40,sleep,18.937000000005355,1
320000,nan,4.2,2.329997641936643e-06,4.3103346824646,0.44669413566589355,4.310333641668317,-110.33364166831649,1802576.931583953,99.99828492955379,0.009007810379800365,40,sleep,18.98399999999674,1
320000,nan,4.2,1.0649968089637696e-06,4.3103346824646,0.44669413566589355,4.310334206736771,-110.33420673677074,3943673.7881745906,99.99828490054593,0.009007962733510535,41,sleep,19.031000000002678,1
320000,nan,4.2,1.0649968089637696e-06,4.3103346824646,0.44669413566589355,4.310334206736771,-110.33420673677074,3943673.7881745906,99.99828490054593,0.009007962733510535,41,sleep,19.078000000008615,1
320000,nan,4.2,1.0649968089637696e-06,4.3103346824646,0.44669413566589355,4.310334206736771,-110.33420673677074,3943673.7881745906,99.99828490054593,0.009007962733510535,41,sleep,19.14100000000326,1
320000,nan,4.2,1.0649968089637696e-06,4.3103346824646,0.44669413566589355,4.310334206736771,-110.33420673677074,3943673.7881745906,99.99828490054593,0.009007962733510535,41,sleep,19.187000000005355,1
320000,nan,4.2,1.0649968089637696e-06,4.3103346824646,0.44669413566589355,4.310334206736771,-110.33420673677074,3943673.7881745906,99.99828490054593,0.009007962733510535,41,sleep,19.23399999999674,1
320000,nan,4.2,1.0649968089637696e-06,4.3103346824646,0.44669413566589355,4.310334206736771,-110.33420673677074,3943673.7881745906,99.99828490054593,0.009007962733510535,41,sleep,19.281000000002678,1
320000,nan,4.2,1.0649968089637696e-06,4.3103346824646,0.44669413566589355,4.310334206736771,-110.33420673677074,3943673.7881745906,99.99828490054593,0.009007962733510535,41,sleep,19.328000000008615,1
320000,nan,4.2,1.0649968089637696e-06,4.3103346824646,0.44669413566589355,4.310334206736771,-110.33420673677074,3943673.7881745906,99.99828490054593,0.009007962733510535,41,sleep,19.39100000000326,1
320000,nan,4.2,1.0649968089637696e-06,4.3103346824646,0.44669413566589355,4.310334206736771,-110.33420673677074,3943673.7881745906,99.99828490054593,0.009007962733510535,41,sleep,19.437000000005355,1
320000,nan,4.2,1.0649968089637696e-06,4.3103346824646,0.44669413566589355,4.310334206736771,-110.33420673677074,3943673.7881745906,99.99828490054593,0.009007962733510535,41,sleep,19.48399999999674,1
320000,nan,4.2,1.4599943369830726e-06,4.3103346824646,0.44669413566589355,4.310334030293691,-110.33403029369104,2876723.4869409604,99.99828486070209,0.009008171999365504,42,sleep,19.531000000002678,1
320000,nan,4.2,1.4599943369830726e-06,4.3103346824646,0.44669413566589355,4.310334030293691,-110.33403029369104,2876723.4869409604,99.99828486070209,0.009008171999365504,42,sleep,19.578000000008615,1
3200,nan,4.2,1.4599943369830726e-06,4.3103346824646,0.44669413566589355,4.310334030293691,-110.33403029369104,2876723.4869409604,99.99828486070209,0.009008171999365504,42,wake,19.968999999997322,1
3200,nan,4.2,4.345004526840057e-06,4.3103346824646,0.44669413566589355,4.310332741576558,-110.33274157655804,966627.3013194044,99.99828474580198,0.009008775472216454,43,wake,20.031000000002678,1
3200,nan,4.2,4.345004526840057e-06,4.3103346824646,0.44669413566589355,4.310332741576558,-110.33274157655804,966627.3013194044,99.99828474580198,0.009008775472216454,43,wake,20.078000000008615,1
3200,nan,4.2,4.345004526840057e-06,4.3103346824646,0.44669413566589355,4.310332741576558,-110.33274157655804,966627.3013194044,99.99828474580198,0.009008775472216454,43,wake,20.125,1
3200,nan,4.2,4.345004526840057e-06,4.3103346824646,0.44669413566589355,4.310332741576558,-110.33274157655804,966627.3013194044,99.99828474580198,0.009008775472216454,43,wake,20.172000000005937,1
3200,nan,4.2,4.345004526840057e-06,4.3103346824646,0.44669413566589355,4.310332741576558,-110.33274157655804,966627.3013194044,99.99828474580198,0.009008775472216454,43,wake,20.23399999999674,1
3200,nan,4.2,4.345004526840057e-06,4.3103346824646,0.44669413566589355,4.310332741576558,-110.33274157655804,966627.3013194044,99.99828474580198,0.009008775472216454,43,wake,20.281000000002678,1
3200,nan,4.2,4.345004526840057e-06,4.3103346824646,0.44669413566589355,4.310332741576558,-110.33274157655804,966627.3013194044,99.99828474580198,0.009008775472216454,43,wake,20.328000000008615,1
3200,nan,4.2,4.345004526840057e-06,4.3103346824646,0.44669413566589355,4.310332741576558,-110.33274157655804,966627.3013194044,99.99828474580198,0.009008775472216454,43,wake,20.375,1
3200,nan,4.2,4.345004526840057e-06,4.3103346824646,0.44669413566589355,4.310332741576558,-110.33274157655804,966627.3013194044,99.99828474580198,0.009008775472216454,43,wake,20.422000000005937,1
3200,nan,4.2,4.345004526840057e-06,4.3103346824646,0.44669413566589355,4.310332741576558,-110.33274157655804,966627.3013194044,99.99828474580198,0.009008775472216454,43,wake,20.48399999999674,1
3200,nan,4.2,4.345004526840057e-06,4.3103346824646,0.44669413566589355,4.310332741576558,-110.33274157655804,966627.3013194044,99.99828474580198,0.009008775472216454,43,wake,20.531000000002678,1
320000,nan,4.2,0.0012699018698185682,4.3103346824646,0.44669413566589355,4.309767424746481,-109.76742474648037,3307.3421654226377,99.9982500896698,0.009190794740224932,44,sleep,20.937000000005355,1
320000,nan,4.2,0.0012699018698185682,4.3103346824646,0.44669413566589355,4.309767424746481,-109.76742474648037,3307.3421654226377,99.9982500896698,0.009190794740224932,44,sleep,21.0,1
320000,nan,4.2,0.0012699018698185682,4.3103346824646,0.44669413566589355,4.309767424746481,-109.76742474648037,3307.3421654226377,99.9982500896698,0.009190794740224932,44,sleep,21.047000000005937,1
320000,nan,4.2,0.0005172189557924867,4.3103346824646,0.44669413566589355,4.310103643790192,-110.10364379019144,8120.3520345938,99.99823600191158,0.009264785785289607,45,sleep,21.093999999997322,1
320000,nan,4.2,0.0005172189557924867,4.3103346824646,0.44669413566589355,4.310103643790192,-110.10364379019144,8120.3520345938,99.99823600191158,0.009264785785289607,45,sleep,21.14100000000326,1
320000,nan,4.2,0.0005172189557924867,4.3103346824646,0.44669413566589355,4.310103643790192,-110.10364379019144,8120.3520345938,99.99823600191158,0.009264785785289607,45,sleep,21.203000000008615,1
320000,nan,4.2,0.0005172189557924867,4.3103346824646,0.44669413566589355,4.310103643790192,-110.10364379019144,8120.3520345938,99.99823600191158,0.009264785785289607,45,sleep,21.25,1
320000,nan,4.2,0.0005172189557924867,4.3103346824646,0.44669413566589355,4.310103643790192,-110.10364379019144,8120.3520345938,99.99823600191158,0.009264785785289607,45,sleep,21.297000000005937,1
320000,nan,4.2,0.0005172189557924867,4.3103346824646,0.44669413566589355,4.310103643790192,-110.10364379019144,8120.3520345938,99.99823600191158,0.009264785785289607,45,sleep,21.343999999997322,1
320000,nan,4.2,0.0005172189557924867,4.3103346824646,0.44669413566589355,4.310103643790192,-110.10364379019144,8120.3520345938,99.99823600191158,0.009264785785289607,45,sleep,21.39100000000326,1
320000,nan,4.2,0.0005172189557924867,4.3103346824646,0.44669413566589355,4.310103643790192,-110.10364379019144,8120.3520345938,99.99823600191158,0.009264785785289607,45,sleep,21.453000000008615,1
320000,nan,4.2,0.0005172189557924867,4.3103346824646,0.44669413566589355,4.310103643790192,-110.10364379019144,8120.3520345938,99.99823600191158,0.009264785785289607,45,sleep,21.5,1
320000,nan,4.2,0.0005172189557924867,4.3103346824646,0.44669413566589355,4.310103643790192,-110.10364379019144,8120.3520345938,99.99823600191158,0.009264785785289607,45,sleep,21.547000000005937,1
320000,nan,4.2,1.894999968499178e-06,4.3103346824646,0.44669413566589355,4.310333835979226,-110.33383597922608,2216358.875892943,99.99823595019627,0.00926505740195176,46,sleep,21.593999999997322,1
320000,nan,4.2,1.894999968499178e-06,4.3103346824646,0.44669413566589355,4.310333835979226,-110.33383597922608,2216358.875892943,99.99823595019627,0.00926505740195176,46,sleep,21.64100000000326,1
320000,nan,4.2,1.894999968499178e-06,4.3103346824646,0.44669413566589355,4.310333835979226,-110.33383597922608,2216358.875892943,99.99823595019627,0.00926505740195176,46,sleep,21.703000000008615,1
320000,nan,4.2,1.894999968499178e-06,4.3103346824646,0.44669413566589355,4.310333835979226,-110.33383597922608,2216358.875892943,99.99823595019627,0.00926505740195176,46,sleep,21.75,1
320000,nan,4.2,1.894999968499178e-06,4.3103346824646,0.44669413566589355,4.310333835979226,-110.33383597922608,2216358.875892943,99.99823595019627,0.00926505740195176,46,sleep,21.797000000005937,1
320000,nan,4.2,1.894999968499178e-06,4.3103346824646,0.44669413566589355,4.310333835979226,-110.33383597922608,2216358.875892943,99.99823595019627,0.00926505740195176,46,sleep,21.843999999997322,1
320000,nan,4.2,1.894999968499178e-06,4.3103346824646,0.44669413566589355,4.310333835979226,-110.33383597922608,2216358.875892943,99.99823595019627,0.00926505740195176,46,sleep,21.89100000000326,1
320000,nan,4.2,1.894999968499178e-06,4.3103346824646,0.44669413566589355,4.310333835979226,-110.33383597922608,2216358.875892943,99.99823595019627,0.00926505740195176,46,sleep,21.953000000008615,1
320000,nan,4.2,1.894999968499178e-06,4.3103346824646,0.44669413566589355,4.310333835979226,-110.33383597922608,2216358.875892943,99.99823595019627,0.00926505740195176,46,sleep,22.0,1
320000,nan,4.2,1.894999968499178e-06,4.3103346824646,0.44669413566589355,4.310333835979226,-110.33383597922608,2216358.875892943,99.99823595019627,0.00926505740195176,46,sleep,22.047000000005937,1
320000,nan,4.2,7.2400034696329385e-06,4.3103346824646,0.44669413566589355,4.310331448397507,-110.33144839750707,580110.2192307287,99.99823575874026,0.009266062957989209,47,sleep,22.093999999997322,1
320000,nan,4.2,7.2400034696329385e-06,4.3103346824646,0.44669413566589355,4.310331448397507,-110.33144839750707,580110.2192307287,99.99823575874026,0.009266062957989209,47,sleep,22.14100000000326,1
320000,nan,4.2,7.2400034696329385e-06,4.3103346824646,0.44669413566589355,4.310331448397507,-110.33144839750707,580110.2192307287,99.99823575874026,0.009266062957989209,47,sleep,22.203000000008615,1
320000,nan,4.2,7.2400034696329385e-06,4.3103346824646,0.44669413566589355,4.310331448397507,-110.33144839750707,580110.2192307287,99.99823575874026,0.009266062957989209,47,sleep,22.25,1
320000,nan,4.2,7.2400034696329385e-06,4.3103346824646,0.44669413566589355,4.310331448397507,-110.33144839750707,580110.2192307287,99.99823575874026,0.009266062957989209,47,sleep,22.297000000005937,1
320000,nan,4.2,7.2400034696329385e-06,4.3103346824646,0.44669413566589355,4.310331448397507,-110.33144839750707,580110.2192307287,99.99823575874026,0.009266062957989209,47,sleep,22.343999999997322,1
320000,nan,4.2,7.2400034696329385e-06,4.3103346824646,0.44669413566589355,4.310331448397507,-110.33144839750707,580110.2192307287,99.99823575874026,0.009266062957989209,47,sleep,22.39100000000326,1
100,nan,4.2,6.83499865772319e-06,4.3103346824646,0.44669413566589355,4.310331629310782,-110.33162931078166,614484.3928029481,99.99823557257189,0.00926704074251941,48,tx,22.781000000002678,1
100,nan,4.2,6.83499865772319e-06,4.3103346824646,0.44669413566589355,4.310331629310782,-110.33162931078166,614484.3928029481,99.99823557257189,0.00926704074251941,48,tx,22.843999999997322,1
100,nan,4.2,6.83499865772319e-06,4.3103346824646,0.44669413566589355,4.310331629310782,-110.33162931078166,614484.3928029481,99.99823557257189,0.00926704074251941,48,tx,22.89100000000326,1
100,nan,4.2,6.83499865772319e-06,4.3103346824646,0.44669413566589355,4.310331629310782,-110.33162931078166,614484.3928029481,99.99823557257189,0.00926704074251941,48,tx,22.937000000005355,1
100,nan,4.2,6.83499865772319e-06,4.3103346824646,0.44669413566589355,4.310331629310782,-110.33162931078166,614484.3928029481,99.99823557257189,0.00926704074251941,48,tx,22.98399999999674,1
100,nan,4.2,6.83499865772319e-06,4.3103346824646,0.44669413566589355,4.310331629310782,-110.33162931078166,614484.3928029481,99.99823557257189,0.00926704074251941,48,tx,23.047000000005937,1
100,nan,4.2,6.83499865772319e-06,4.3103346824646,0.44669413566589355,4.310331629310782,-110.33162931078166,614484.3928029481,99.99823557257189,0.00926704074251941,48,tx,23.093999999997322,1
100,nan,4.2,0.04056837409734726,4.3103346824646,0.44669413566589355,4.2922130276618145,-92.21302766181427,103.52892107338943,99.99712844534531,0.015081841029842582,49,tx,23.14100000000326,1
320000,nan,4.2,0.04056837409734726,4.3103346824646,0.44669413566589355,4.2922130276618145,-92.21302766181427,103.52892107338943,99.99712844534531,0.015081841029842582,49,sleep,23.547000000005937,1
320000,nan,4.2,0.04056630656123161,4.3103346824646,0.44669413566589355,4.292213951218073,-92.21395121807241,103.5341976144768,99.99602137454264,0.020896344970158534,50,sleep,23.60899999999674,1
320000,nan,4.2,0.04056630656123161,4.3103346824646,0.44669413566589355,4.292213951218073,-92.21395121807241,103.5341976144768,99.99602137454264,0.020896344970158534,50,sleep,23.656000000002678,1
320000,nan,4.2,0.04056630656123161,4.3103346824646,0.44669413566589355,4.292213951218073,-92.21395121807241,103.5341976144768,99.99602137454264,0.020896344970158534,50,sleep,23.703000000008615,1
320000,nan,4.2,0.04056630656123161,4.3103346824646,0.44669413566589355,4.292213951218073,-92.21395121807241,103.5341976144768,99.99602137454264,0.020896344970158534,50,sleep,23.75,1
320000,nan,4.2,0.04056630656123161,4.3103346824646,0.44669413566589355,4.292213951218073,-92.21395121807241,103.5341976144768,99.99602137454264,0.020896344970158534,50,sleep,23.812000000005355,1
320000,nan,4.2,0.04056630656123161,4.3103346824646,0.44669413566589355,4.292213951218073,-92.21395121807241,103.5341976144768,99.99602137454264,0.020896344970158534,50,sleep,23.85899999999674,1
320000,nan,4.2,0.04056630656123161,4.3103346824646,0.44669413566589355,4.292213951218073,-92.21395121807241,103.5341976144768,99.99602137454264,0.020896344970158534,50,sleep,23.906000000002678,1
320000,nan,4.2,0.04056630656123161,4.3103346824646,0.44669413566589355,4.292213951218073,-92.21395121807241,103.5341976144768,99.99602137454264,0.020896344970158534,50,sleep,23.953000000008615,1
320000,nan,4.2,0.04056630656123161,4.3103346824646,0.44669413566589355,4.292213951218073,-92.21395121807241,103.5341976144768,99.99602137454264,0.020896344970158534,50,sleep,24.0,1
320000,nan,4.2,0.04056630656123161,4.3103346824646,0.44669413566589355,4.292213951218073,-92.21395121807241,103.5341976144768,99.99602137454264,0.020896344970158534,50,sleep,24.062000000005355,1
320000,nan,4.2,0.04056630656123161,4.3103346824646,0.44669413566589355,4.292213951218073,-92.21395121807241,103.5341976144768,99.99602137454264,0.020896344970158534,50,sleep,24.10899999999674,1
320000,nan,4.2,7.254996489791665e-06,4.3103346824646,0.44669413566589355,4.310331441700213,-110.3314417002128,578911.3758924241,99.99602118269016,0.020897352608559894,51,sleep,24.156000000002678,1
320000,nan,4.2,7.254996489791665e-06,4.3103346824646,0.44669413566589355,4.310331441700213,-110.3314417002128,578911.3758924241,99.99602118269016,0.020897352608559894,51,sleep,24.203000000008615,1
320000,nan,4.2,7.254996489791665e-06,4.3103346824646,0.44669413566589355,4.310331441700213,-110.3314417002128,578911.3758924241,99.99602118269016,0.020897352608559894,51,sleep,24.25,1
320000,nan,4.2,7.254996489791665e-06,4.3103346824646,0.44669413566589355,4.310331441700213,-110.3314417002128,578911.3758924241,99.99602118269016,0.020897352608559894,51,sleep,24.312000000005355,1
320000,nan,4.2,7.254996489791665e-06,4.3103346824646,0.44669413566589355,4.310331441700213,-110.3314417002128,578911.3758924241,99.99602118269016,0.020897352608559894,51,sleep,24.35899999999674,1
320000,nan,4.2,7.254996489791665e-06,4.3103346824646,0.44669413566589355,4.310331441700213,-110.3314417002128,578911.3758924241,99.99602118269016,0.020897352608559894,51,sleep,24.406000000002678,1
320000,nan,4.2,7.254996489791665e-06,4.3103346824646,0.44669413566589355,4.310331441700213,-110.3314417002128,578911.3758924241,99.99602118269016,0.020897352608559894,51,sleep,24.453000000008615,1
320000,nan,4.2,7.254996489791665e-06,4.3103346824646,0.44669413566589355,4.310331441700213,-110.3314417002128,578911.3758924241,99.99602118269016,0.020897352608559894,51,sleep,24.5,1
320000,nan,4.2,7.254996489791665e-06,4.3103346824646,0.44669413566589355,4.310331441700213,-110.3314417002128,578911.3758924241,99.99602118269016,0.020897352608559894,51,sleep,24.562000000005355,1
320000,nan,4.2,7.254996489791665e-06,4.3103346824646,0.44669413566589355,4.310331441700213,-110.3314417002128,578911.3758924241,99.99602118269016,0.020897352608559894,51,sleep,24.60899999999674,1
320000,nan,4.2,9.300002602685709e-06,4.3103346824646,0.44669413566589355,4.310330528207976,-110.33052820797539,451612.7768380516,99.9960209293812,0.02089868302559889,52,sleep,24.656000000002678,1
320000,nan,4.2,9.300002602685709e-06,4.3103346824646,0.44669413566589355,4.310330528207976,-110.33052820797539,451612.7768380516,99.9960209293812,0.02089868302559889,52,sleep,24.703000000008615,1
320000,nan,4.2,9.300002602685709e-06,4.3103346824646,0.44669413566589355,4.310330528207976,-110.33052820797539,451612.7768380516,99.9960209293812,0.02089868302559889,52,sleep,24.75,1
320000,nan,4.2,9.300002602685709e-06,4.3103346824646,0.44669413566589355,4.310330528207976,-110.33052820797539,451612.7768380516,99.9960209293812,0.02089868302559889,52,sleep,24.812000000005355,1
320000,nan,4.2,9.300002602685709e-06,4.3103346824646,0.44669413566589355,4.310330528207976,-110.33052820797539,451612.7768380516,99.9960209293812,0.02089868302559889,52,sleep,24.85899999999674,1
320000,nan,4.2,9.300002602685709e-06,4.3103346824646,0.44669413566589355,4.310330528207976,-110.33052820797539,451612.7768380516,99.9960209293812,0.02089868302559889,52,sleep,24.906000000002678,1
320000,nan,4.2,9.300002602685709e-06,4.3103346824646,0.44669413566589355,4.310330528207976,-110.33052820797539,451612.7768380516,99.9960209293812,0.02089868302559889,52,sleep,24.953000000008615,1
320000,nan,4.2,9.300002602685709e-06,4.3103346824646,0.44669413566589355,4.310330528207976,-110.33052820797539,451612.7768380516,99.9960209293812,0.02089868302559889,52,sleep,25.0,1
320000,nan,4.2,9.300002602685709e-06,4.3103346824646,0.44669413566589355,4.310330528207976,-110.33052820797539,451612.7768380516,99.9960209293812,0.02089868302559889,52,sleep,25.062000000005355,1
320000,nan,4.2,9.300002602685709e-06,4.3103346824646,0.44669413566589355,4.310330528207976,-110.33052820797539,451612.7768380516,99.9960209293812,0.02089868302559889,52,sleep,25.10899999999674,1
320000,nan,4.2,6.404998202924617e-06,4.3103346824646,0.44669413566589355,4.310331821389464,-110.33182138946351,655737.888900924,99.99602075458624,0.020899601075341313,53,sleep,25.156000000002678,1
320000,nan,4.2,6.404998202924617e-06,4.3103346824646,0.44669413566589355,4.310331821389464,-110.33182138946351,655737.888900924,99.99602075458624,0.020899601075341313,53,sleep,25.203000000008615,1
320000,nan,4.2,6.404998202924617e-06,4.3103346824646,0.44669413566589355,4.310331821389464,-110.33182138946351,655737.888900924,99.99602075458624,0.020899601075341313,53,sleep,25.25,1
320000,nan,4.2,6.404998202924617e-06,4.3103346824646,0.44669413566589355,4.310331821389464,-110.33182138946351,655737.888900924,99.99602075458624,0.020899601075341313,53,sleep,25.312000000005355,1
320000,nan,4.2,6.404998202924617e-06,4.3103346824646,0.44669413566589355,4.310331821389464,-110.33182138946351,655737.888900924,99.99602075458624,0.020899601075341313,53,sleep,25.35899999999674,1
320000,nan,4.2,6.404998202924617e-06,4.3103346824646,0.44669413566589355,4.310331821389464,-110.33182138946351,655737.888900924,99.99602075458624,0.020899601075341313,53,sleep,25.406000000002678,1
320000,nan,4.2,6.404998202924617e-06,4.3103346824646,0.44669413566589355,4.310331821389464,-110.33182138946351,655737.888900924,99.99602075458624,0.020899601075341313,53,sleep,25.453000000008615,1
320000,nan,4.2,6.404998202924617e-06,4.3103346824646,0.44669413566589355,4.310331821389464,-110.33182138946351,655737.888900924,99.99602075458624,0.020899601075341313,53,sleep,25.5,1
320000,nan,4.2,6.404998202924617e-06,4.3103346824646,0.44669413566589355,4.310331821389464,-110.33182138946351,655737.888900924,99.99602075458624,0.020899601075341313,53,sleep,25.562000000005355,1
320000,nan,4.2,6.404998202924617e-06,4.3103346824646,0.44669413566589355,4.310331821389464,-110.33182138946351,655737.888900924,99.99602075458624,0.020899601075341313,53,sleep,25.60899999999674,1
320000,nan,4.2,-5.505000444827601e-06,4.3103346824646,0.44669413566589355,4.310337141516015,-110.33714151601527,762942.7176425107,99.9960209048199,0.02089881202527755,54,sleep,25.656000000002678,1
320000,nan,4.2,-5.505000444827601e-06,4.3103346824646,0.44669413566589355,4.310337141516015,-110.33714151601527,762942.7176425107,99.9960209048199,0.02089881202527755,54,sleep,25.703000000008615,1
320000,nan,4.2,-5.505000444827601e-06,4.3103346824646,0.44669413566589355,4.310337141516015,-110.33714151601527,762942.7176425107,99.9960209048199,0.02089881202527755,54,sleep,25.75,1
320000,nan,4.2,-5.505000444827601e-06,4.3103346824646,0.44669413566589355,4.310337141516015,-110.33714151601527,762942.7176425107,99.9960209048199,0.02089881202527755,54,sleep,25.812000000005355,1
320000,nan,4.2,-5.505000444827601e-06,4.3103346824646,0.44669413566589355,4.310337141516015,-110.33714151601527,762942.7176425107,99.9960209048199,0.02089881202527755,54,sleep,25.85899999999674,1
320000,nan,4.2,-5.505000444827601e-06,4.3103346824646,0.44669413566589355,4.310337141516015,-110.33714151601527,762942.7176425107,99.9960209048199,0.02089881202527755,54,sleep,25.906000000002678,1
320000,nan,4.2,-5.505000444827601e-06,4.3103346824646,0.44669413566589355,4.310337141516015,-110.33714151601527,762942.7176425107,99.9960209048199,0.02089881202527755,54,sleep,25.953000000008615,1
320000,nan,4.2,-5.505000444827601e-06,4.3103346824646,0.44669413566589355,4.310337141516015,-110.33714151601527,762942.7176425107,99.9960209048199,0.02089881202527755,54,sleep,26.0,1
320000,nan,4.2,-5.505000444827601e-06,4.3103346824646,0.44669413566589355,4.310337141516015,-110.33714151601527,762942.7176425107,99.9960209048199,0.02089881202527755,54,sleep,26.062000000005355,1
320000,nan,4.2,-5.505000444827601e-06,4.3103346824646,0.44669413566589355,4.310337141516015,-110.33714151601527,762942.7176425107,99.9960209048199,0.02089881202527755,54,sleep,26.10899999999674,1
320000,nan,4.2,-5.505000444827601e-06,4.3103346824646,0.44669413566589355,4.310337141516015,-110.33714151601527,762942.7176425107,99.9960209048199,0.02089881202527755,54,sleep,26.156000000002678,1
320000,nan,4.2,7.650002771697473e-06,4.3103346824646,0.44669413566589355,4.3103312652532235,-110.33126525322334,549019.4089260512,99.99602070252179,0.02089987452566251,55,sleep,26.203000000008615,1
320000,nan,4.2,7.650002771697473e-06,4.3103346824646,0.44669413566589355,4.3103312652532235,-110.33126525322334,549019.4089260512,99.99602070252179,0.02089987452566251,55,sleep,26.25,1
320000,nan,4.2,7.650002771697473e-06,4.3103346824646,0.44669413566589355,4.3103312652532235,-110.33126525322334,549019.4089260512,99.99602070252179,0.02089987452566251,55,sleep,26.312000000005355,1
320000,nan,4.2,7.650002771697473e-06,4.3103346824646,0.44669413566589355,4.3103312652532235,-110.33126525322334,549019.4089260512,99.99602070252179,0.02089987452566251,55,sleep,26.35899999999674,1
320000,nan,4.2,7.650002771697473e-06,4.3103346824646,0.44669413566589355,4.3103312652532235,-110.33126525322334,549019.4089260512,99.99602070252179,0.02089987452566251,55,sleep,26.406000000002678,1
320000,nan,4.2,7.650002771697473e-06,4.3103346824646,0.44669413566589355,4.3103312652532235,-110.33126525322334,549019.4089260512,99.99602070252179,0.02089987452566251,55,sleep,26.453000000008615,1
320000,nan,4.2,7.650002771697473e-06,4.3103346824646,0.44669413566589355,4.3103312652532235,-110.33126525322334,549019.4089260512,99.99602070252179,0.02089987452566251,55,sleep,26.5,1
320000,nan,4.2,7.650002771697473e-06,4.3103346824646,0.44669413566589355,4.3103312652532235,-110.33126525322334,549019.4089260512,99.99602070252179,0.02089987452566251,55,sleep,26.562000000005355,1
320000,nan,4.2,7.650002771697473e-06,4.3103346824646,0.44669413566589355,4.3103312652532235,-110.33126525322334,549019.4089260512,99.99602070252179,0.02089987452566251,55,sleep,26.60899999999674,1
320000,nan,4.2,7.650002771697473e-06,4.3103346824646,0.44669413566589355,4.3103312652532235,-110.33126525322334,549019.4089260512,99.99602070252179,0.02089987452566251,55,sleep,26.656000000002678,1
320000,nan,4.2,3.9399974411935546e-06,4.3103346824646,0.44669413566589355,4.310332922490848,-110.3329224908478,1065990.5400161077,99.99602059520606,0.020900438164185346,56,sleep,26.703000000008615,1
320000,nan,4.2,3.9399974411935546e-06,4.3103346824646,0.44669413566589355,4.310332922490848,-110.3329224908478,1065990.5400161077,99.99602059520606,0.020900438164185346,56,sleep,26.75,1
320000,nan,4.2,3.9399974411935546e-06,4.3103346824646,0.44669413566589355,4.310332922490848,-110.3329224908478,1065990.5400161077,99.99602059520606,0.020900438164185346,56,sleep,26.812000000005355,1
320000,nan,4.2,3.9399974411935546e-06,4.3103346824646,0.44669413566589355,4.310332922490848,-110.3329224908478,1065990.5400161077,99.99602059520606,0.020900438164185346,56,sleep,26.85899999999674,1
320000,nan,4.2,3.9399974411935546e-06,4.3103346824646,0.44669413566589355,4.310332922490848,-110.3329224908478,1065990.5400161077,99.99602059520606,0.020900438164185346,56,sleep,26.906000000002678,1
320000,nan,4.2,3.9399974411935546e-06,4.3103346824646,0.44669413566589355,4.310332922490848,-110.3329224908478,1065990.5400161077,99.99602059520606,0.020900438164185346,56,sleep,26.953000000008615,1
320000,nan,4.2,3.9399974411935546e-06,4.3103346824646,0.44669413566589355,4.310332922490848,-110.3329224908478,1065990.5400161077,99.99602059520606,0.020900438164185346,56,sleep,27.0,1
320000,nan,4.2,3.9399974411935546e-06,4.3103346824646,0.44669413566589355,4.310332922490848,-110.3329224908478,1065990.5400161077,99.99602059520606,0.020900438164185346,56,sleep,27.062000000005355,1
320000,nan,4.2,3.9399974411935546e-06,4.3103346824646,0.44669413566589355,4.310332922490848,-110.3329224908478,1065990.5400161077,99.99602059520606,0.020900438164185346,56,sleep,27.10899999999674,1
320000,nan,4.2,3.9399974411935546e-06,4.3103346824646,0.44669413566589355,4.310332922490848,-110.3329224908478,1065990.5400161077,99.99602059520606,0.020900438164185346,56,sleep,27.156000000002678,1
320000,nan,4.2,4.344999979366548e-06,4.3103346824646,0.44669413566589355,4.3103327415785895,-110.33274157858929,966628.3129907661,99.99602047662927,0.020901060947515725,57,sleep,27.203000000008615,1
320000,nan,4.2,4.344999979366548e-06,4.3103346824646,0.44669413566589355,4.3103327415785895,-110.33274157858929,966628.3129907661,99.99602047662927,0.020901060947515725,57,sleep,27.25,1
320000,nan,4.2,4.344999979366548e-06,4.3103346824646,0.44669413566589355,4.3103327415785895,-110.33274157858929,966628.3129907661,99.99602047662927,0.020901060947515725,57,sleep,27.312000000005355,1
320000,nan,4.2,4.344999979366548e-06,4.3103346824646,0.44669413566589355,4.3103327415785895,-110.33274157858929,966628.3129907661,99.99602047662927,0.020901060947515725,57,sleep,27.35899999999674,1
320000,nan,4.2,4.344999979366548e-06,4.3103346824646,0.44669413566589355,4.3103327415785895,-110.33274157858929,966628.3129907661,99.99602047662927,0.020901060947515725,57,sleep,27.406000000002678,1
320000,nan,4.2,4.344999979366548e-06,4.3103346824646,0.44669413566589355,4.3103327415785895,-110.33274157858929,966628.3129907661,99.99602047662927,0.020901060947515725,57,sleep,27.453000000008615,1
320000,nan,4.2,4.344999979366548e-06,4.3103346824646,0.44669413566589355,4.3103327415785895,-110.33274157858929,966628.3129907661,99.99602047662927,0.020901060947515725,57,sleep,27.5,1
320000,nan,4.2,4.344999979366548e-06,4.3103346824646,0.44669413566589355,4.3103327415785895,-110.33274157858929,966628.3129907661,99.99602047662927,0.020901060947515725,57,sleep,27.562000000005355,1
320000,nan,4.2,4.344999979366548e-06,4.3103346824646,0.44669413566589355,4.3103327415785895,-110.33274157858929,966628.3129907661,99.99602047662927,0.020901060947515725,57,sleep,27.60899999999674,1
320000,nan,4.2,4.344999979366548e-06,4.3103346824646,0.44669413566589355,4.3103327415785895,-110.33274157858929,966628.3129907661,99.99602047662927,0.020901060947515725,57,sleep,27.656000000002678,1
320000,nan,4.2,4.344999979366548e-06,4.3103346824646,0.44669413566589355,4.3103327415785895,-110.33274157858929,966628.3129907661,99.99602047662927,0.020901060947515725,57,sleep,27.703000000008615,1
320000,nan,4.2,2.705000042624306e-06,4.3103346824646,0.44669413566589355,4.310333474156944,-110.33347415694372,1552680.197344948,99.99602040295179,0.0209014479127996,58,sleep,27.75,1
320000,nan,4.2,2.705000042624306e-06,4.3103346824646,0.44669413566589355,4.310333474156944,-110.33347415694372,1552680.197344948,99.99602040295179,0.0209014479127996,58,sleep,27.812000000005355,1
320000,nan,4.2,2.705000042624306e-06,4.3103346824646,0.44669413566589355,4.310333474156944,-110.33347415694372,1552680.197344948,99.99602040295179,0.0209014479127996,58,sleep,27.85899999999674,1
320000,nan,4.2,2.705000042624306e-06,4.3103346824646,0.44669413566589355,4.310333474156944,-110.33347415694372,1552680.197344948,99.99602040295179,0.0209014479127996,58,sleep,27.906000000002678,1
320000,nan,4.2,2.705000042624306e-06,4.3103346824646,0.44669413566589355,4.310333474156944,-110.33347415694372,1552680.197344948,99.99602040295179,0.0209014479127996,58,sleep,27.953000000008615,1
320000,nan,4.2,2.705000042624306e-06,4.3103346824646,0.44669413566589355,4.310333474156944,-110.33347415694372,1552680.197344948,99.99602040295179,0.0209014479127996,58,sleep,28.0,1
320000,nan,4.2,2.705000042624306e-06,4.3103346824646,0.44669413566589355,4.310333474156944,-110.33347415694372,1552680.197344948,99.99602040295179,0.0209014479127996,58,sleep,28.062000000005355,1
320000,nan,4.2,2.705000042624306e-06,4.3103346824646,0.44669413566589355,4.310333474156944,-110.33347415694372,1552680.197344948,99.99602040295179,0.0209014479127996,58,sleep,28.10899999999674,1
320000,nan,4.2,2.705000042624306e-06,4.3103346824646,0.44669413566589355,4.310333474156944,-110.33347415694372,1552680.197344948,99.99602040295179,0.0209014479127996,58,sleep,28.156000000002678,1
320000,nan,4.2,2.705000042624306e-06,4.3103346824646,0.44669413566589355,4.310333474156944,-110.33347415694372,1552680.197344948,99.99602040295179,0.0209014479127996,58,sleep,28.203000000008615,1
320000,nan,4.2,4.37999688074342e-06,4.3103346824646,0.44669413566589355,4.3103327259456785,-110.33272594567833,958904.7924817543,99.99602028341992,0.02090207571235251,59,sleep,28.25,1
320000,nan,4.2,4.37999688074342e-06,4.3103346824646,0.44669413566589355,4.3103327259456785,-110.33272594567833,958904.7924817543,99.99602028341992,0.02090207571235251,59,sleep,28.312000000005355,1
320000,nan,4.2,4.37999688074342e-06,4.3103346824646,0.44669413566589355,4.3103327259456785,-110.33272594567833,958904.7924817543,99.99602028341992,0.02090207571235251,59,sleep,28.35899999999674,1
320000,nan,4.2,4.37999688074342e-06,4.3103346824646,0.44669413566589355,4.3103327259456785,-110.33272594567833,958904.7924817543,99.99602028341992,0.02090207571235251,59,sleep,28.406000000002678,1
320000,nan,4.2,4.37999688074342e-06,4.3103346824646,0.44669413566589355,4.3103327259456785,-110.33272594567833,958904.7924817543,99.99602028341992,0.02090207571235251,59,sleep,28.453000000008615,1
320000,nan,4.2,4.37999688074342e-06,4.3103346824646,0.44669413566589355,4.3103327259456785,-110.33272594567833,958904.7924817543,99.99602028341992,0.02090207571235251,59,sleep,28.5,1
320000,nan,4.2,2.7099979433842236e-06,4.3103346824646,0.44669413566589355,4.310333471924411,-110.33347192441045,1549816.6743090122,99.99602020946298,0.020902464145391052,60,sleep,28.906000000002678,2
320000,nan,4.2,2.7099979433842236e-06,4.3103346824646,0.44669413566589355,4.310333471924411,-110.33347192441045,1549816.6743090122,99.99602020946298,0.020902464145391052,60,sleep,28.968999999997322,2
320000,nan,4.2,2.7099979433842236e-06,4.3103346824646,0.44669413566589355,4.310333471924411,-110.33347192441045,1549816.6743090122,99.99602020946298,0.020902464145391052,60,sleep,29.01600000000326,2
320000,nan,4.2,2.7099979433842236e-06,4.3103346824646,0.44669413566589355,4.310333471924411,-110.33347192441045,1549816.6743090122,99.99602020946298,0.020902464145391052,60,sleep,29.062000000005355,2
320000,nan,4.2,2.7099979433842236e-06,4.3103346824646,0.44669413566589355,4.310333471924411,-110.33347192441045,1549816.6743090122,99.99602020946298,0.020902464145391052,60,sleep,29.10899999999674,2
320000,nan,4.2,2.7099979433842236e-06,4.3103346824646,0.44669413566589355,4.310333471924411,-110.33347192441045,1549816.6743090122,99.99602020946298,0.020902464145391052,60,sleep,29.172000000005937,2
320000,nan,4.2,2.7099979433842236e-06,4.3103346824646,0.44669413566589355,4.310333471924411,-110.33347192441045,1549816.6743090122,99.99602020946298,0.020902464145391052,60,sleep,29.218999999997322,2
320000,nan,4.2,2.709998170757899e-06,4.3103346824646,0.44669413566589355,4.310333471924309,-110.33347192430921,1549816.5442766317,99.99602013564937,0.020902851825684923,61,sleep,29.26600000000326,2
320000,nan,4.2,2.709998170757899e-06,4.3103346824646,0.44669413566589355,4.310333471924309,-110.33347192430921,1549816.5442766317,99.99602013564937,0.020902851825684923,61,sleep,29.312000000005355,2
320000,nan,4.2,2.709998170757899e-06,4.3103346824646,0.44669413566589355,4.310333471924309,-110.33347192430921,1549816.5442766317,99.99602013564937,0.020902851825684923,61,sleep,29.35899999999674,2
320000,nan,4.2,2.709998170757899e-06,4.3103346824646,0.44669413566589355,4.310333471924309,-110.33347192430921,1549816.5442766317,99.99602013564937,0.020902851825684923,61,sleep,29.422000000005937,2
320000,nan,4.2,2.709998170757899e-06,4.3103346824646,0.44669413566589355,4.310333471924309,-110.33347192430921,1549816.5442766317,99.99602013564937,0.020902851825684923,61,sleep,29.468999999997322,2
320000,nan,4.2,2.709998170757899e-06,4.3103346824646,0.44669413566589355,4.310333471924309,-110.33347192430921,1549816.5442766317,99.99602013564937,0.020902851825684923,61,sleep,29.51600000000326,2
320000,nan,4.2,2.709998170757899e-06,4.3103346824646,0.44669413566589355,4.310333471924309,-110.33347192430921,1549816.5442766317,99.99602013564937,0.020902851825684923,61,sleep,29.562000000005355,2
320000,nan,4.2,2.709998170757899e-06,4.3103346824646,0.44669413566589355,4.310333471924309,-110.33347192430921,1549816.5442766317,99.99602013564937,0.020902851825684923,61,sleep,29.60899999999674,2
320000,nan,4.2,2.709998170757899e-06,4.3103346824646,0.44669413566589355,4.310333471924309,-110.33347192430921,1549816.5442766317,99.99602013564937,0.020902851825684923,61,sleep,29.672000000005937,2
320000,nan,4.2,2.709998170757899e-06,4.3103346824646,0.44669413566589355,4.310333471924309,-110.33347192430921,1549816.5442766317,99.99602013564937,0.020902851825684923,61,sleep,29.718999999997322,2
320000,nan,4.2,1.1785003152908757e-05,4.3103346824646,0.44669413566589355,4.3103294181728025,-110.32941817280229,356385.1401230523,99.99601982400455,0.020904488631678382,62,sleep,29.76600000000326,2
320000,nan,4.2,1.1785003152908757e-05,4.3103346824646,0.44669413566589355,4.3103294181728025,-110.32941817280229,356385.1401230523,99.99601982400455,0.020904488631678382,62,sleep,29.812000000005355,2
320000,nan,4.2,1.1785003152908757e-05,4.3103346824646,0.44669413566589355,4.3103294181728025,-110.32941817280229,356385.1401230523,99.99601982400455,0.020904488631678382,62,sleep,29.85899999999674,2
320000,nan,4.2,1.1785003152908757e-05,4.3103346824646,0.44669413566589355,4.3103294181728025,-110.32941817280229,356385.1401230523,99.99601982400455,0.020904488631678382,62,sleep,29.922000000005937,2
320000,nan,4.2,1.1785003152908757e-05,4.3103346824646,0.44669413566589355,4.3103294181728025,-110.32941817280229,356385.1401230523,99.99601982400455,0.020904488631678382,62,sleep,29.968999999997322,2
320000,nan,4.2,1.1785003152908757e-05,4.3103346824646,0.44669413566589355,4.3103294181728025,-110.32941817280229,356385.1401230523,99.99601982400455,0.020904488631678382,62,sleep,30.01600000000326,2
320000,nan,4.2,1.1785003152908757e-05,4.3103346824646,0.44669413566589355,4.3103294181728025,-110.32941817280229,356385.1401230523,99.99601982400455,0.020904488631678382,62,sleep,30.062000000005355,2
320000,nan,4.2,1.1785003152908757e-05,4.3103346824646,0.44669413566589355,4.3103294181728025,-110.32941817280229,356385.1401230523,99.99601982400455,0.020904488631678382,62,sleep,30.10899999999674,2
320000,nan,4.2,1.1785003152908757e-05,4.3103346824646,0.44669413566589355,4.3103294181728025,-110.32941817280229,356385.1401230523,99.99601982400455,0.020904488631678382,62,sleep,30.172000000005937,2
320000,nan,4.2,1.1785003152908757e-05,4.3103346824646,0.44669413566589355,4.3103294181728025,-110.32941817280229,356385.1401230523,99.99601982400455,0.020904488631678382,62,sleep,30.218999999997322,2
320000,nan,4.2,1.1785003152908757e-05,4.3103346824646,0.44669413566589355,4.3103294181728025,-110.32941817280229,356385.1401230523,99.99601982400455,0.020904488631678382,62,sleep,30.26600000000326,2
320000,nan,4.2,-1.404999920850969e-06,4.3103346824646,0.44669413566589355,4.310335310069825,-110.335310069825,2989324.0118164406,99.99601986234755,0.02090428724835639,63,sleep,30.312000000005355,2
320000,nan,4.2,-1.404999920850969e-06,4.3103346824646,0.44669413566589355,4.310335310069825,-110.335310069825,2989324.0118164406,99.99601986234755,0.02090428724835639,63,sleep,30.35899999999674,2
320000,nan,4.2,-1.404999920850969e-06,4.3103346824646,0.44669413566589355,4.310335310069825,-110.335310069825,2989324.0118164406,99.99601986234755,0.02090428724835639,63,sleep,30.422000000005937,2
320000,nan,4.2,-1.404999920850969e-06,4.3103346824646,0.44669413566589355,4.310335310069825,-110.335310069825,2989324.0118164406,99.99601986234755,0.02090428724835639,63,sleep,30.468999999997322,2
320000,nan,4.2,-1.404999920850969e-06,4.3103346824646,0.44669413566589355,4.310335310069825,-110.335310069825,2989324.0118164406,99.99601986234755,0.02090428724835639,63,sleep,30.51600000000326,2
320000,nan,4.2,-1.404999920850969e-06,4.3103346824646,0.44669413566589355,4.310335310069825,-110.335310069825,2989324.0118164406,99.99601986234755,0.02090428724835639,63,sleep,30.562000000005355,2
320000,nan,4.2,-1.404999920850969e-06,4.3103346824646,0.44669413566589355,4.310335310069825,-110.335310069825,2989324.0118164406,99.99601986234755,0.02090428724835639,63,sleep,30.60899999999674,2
320000,nan,4.2,-1.404999920850969e-06,4.3103346824646,0.44669413566589355,4.310335310069825,-110.335310069825,2989324.0118164406,99.99601986234755,0.02090428724835639,63,sleep,30.672000000005937,2
320000,nan,4.2,-1.404999920850969e-06,4.3103346824646,0.44669413566589355,4.310335310069825,-110.335310069825,2989324.0118164406,99.99601986234755,0.02090428724835639,63,sleep,30.718999999997322,2
320000,nan,4.2,-1.404999920850969e-06,4.3103346824646,0.44669413566589355,4.310335310069825,-110.335310069825,2989324.0118164406,99.99601986234755,0.02090428724835639,63,sleep,30.76600000000326,2
320000,nan,4.2,-5.0949993237736635e-06,4.3103346824646,0.44669413566589355,4.310336958370919,-110.33695837091884,824337.6952774995,99.99602000139213,0.02090355696511998,64,sleep,30.812000000005355,2
320000,nan,4.2,-5.0949993237736635e-06,4.3103346824646,0.44669413566589355,4.310336958370919,-110.33695837091884,824337.6952774995,99.99602000139213,0.02090355696511998,64,sleep,30.85899999999674,2
320000,nan,4.2,-5.0949993237736635e-06,4.3103346824646,0.44669413566589355,4.310336958370919,-110.33695837091884,824337.6952774995,99.99602000139213,0.02090355696511998,64,sleep,30.922000000005937,2
320000,nan,4.2,-5.0949993237736635e-06,4.3103346824646,0.44669413566589355,4.310336958370919,-110.33695837091884,824337.6952774995,99.99602000139213,0.02090355696511998,64,sleep,30.968999999997322,2
320000,nan,4.2,-5.0949993237736635e-06,4.3103346824646,0.44669413566589355,4.310336958370919,-110.33695837091884,824337.6952774995,99.99602000139213,0.02090355696511998,64,sleep,31.01600000000326,2
320000,nan,4.2,-5.0949993237736635e-06,4.3103346824646,0.44669413566589355,4.310336958370919,-110.33695837091884,824337.6952774995,99.99602000139213,0.02090355696511998,64,sleep,31.062000000005355,2
320000,nan,4.2,-5.0949993237736635e-06,4.3103346824646,0.44669413566589355,4.310336958370919,-110.33695837091884,824337.6952774995,99.99602000139213,0.02090355696511998,64,sleep,31.10899999999674,2
320000,nan,4.2,-5.0949993237736635e-06,4.3103346824646,0.44669413566589355,4.310336958370919,-110.33695837091884,824337.6952774995,99.99602000139213,0.02090355696511998,64,sleep,31.172000000005937,2
320000,nan,4.2,-5.0949993237736635e-06,4.3103346824646,0.44669413566589355,4.310336958370919,-110.33695837091884,824337.6952774995,99.99602000139213,0.02090355696511998,64,sleep,31.218999999997322,2
320000,nan,4.2,-5.0949993237736635e-06,4.3103346824646,0.44669413566589355,4.310336958370919,-110.33695837091884,824337.6952774995,99.99602000139213,0.02090355696511998,64,sleep,31.26600000000326,2
320000,nan,4.2,3.934996129828505e-06,4.3103346824646,0.44669413566589355,4.3103329247249045,-110.3329247249043,1067345.3953773126,99.99601989421262,0.02090411988817744,65,sleep,31.312000000005355,2
320000,nan,4.2,3.934996129828505e-06,4.3103346824646,0.44669413566589355,4.3103329247249045,-110.3329247249043,1067345.3953773126,99.99601989421262,0.02090411988817744,65,sleep,31.35899999999674,2
320000,nan,4.2,3.934996129828505e-06,4.3103346824646,0.44669413566589355,4.3103329247249045,-110.3329247249043,1067345.3953773126,99.99601989421262,0.02090411988817744,65,sleep,31.422000000005937,2
320000,nan,4.2,3.934996129828505e-06,4.3103346824646,0.44669413566589355,4.3103329247249045,-110.3329247249043,1067345.3953773126,99.99601989421262,0.02090411988817744,65,sleep,31.468999999997322,2
320000,nan,4.2,3.934996129828505e-06,4.3103346824646,0.44669413566589355,4.3103329247249045,-110.3329247249043,1067345.3953773126,99.99601989421262,0.02090411988817744,65,sleep,31.51600000000326,2
320000,nan,4.2,3.934996129828505e-06,4.3103346824646,0.44669413566589355,4.3103329247249045,-110.3329247249043,1067345.3953773126,99.99601989421262,0.02090411988817744,65,sleep,31.562000000005355,2
320000,nan,4.2,3.934996129828505e-06,4.3103346824646,0.44669413566589355,4.3103329247249045,-110.3329247249043,1067345.3953773126,99.99601989421262,0.02090411988817744,65,sleep,31.60899999999674,2
320000,nan,4.2,3.934996129828505e-06,4.3103346824646,0.44669413566589355,4.3103329247249045,-110.3329247249043,1067345.3953773126,99.99601989421262,0.02090411988817744,65,sleep,31.672000000005937,2
320000,nan,4.2,3.934996129828505e-06,4.3103346824646,0.44669413566589355,4.3103329247249045,-110.3329247249043,1067345.3953773126,99.99601989421262,0.02090411988817744,65,sleep,31.718999999997322,2
320000,nan,4.2,3.934996129828505e-06,4.3103346824646,0.44669413566589355,4.3103329247249045,-110.3329247249043,1067345.3953773126,99.99601989421262,0.02090411988817744,65,sleep,31.76600000000326,2
320000,nan,4.2,3.934996129828505e-06,4.3103346824646,0.44669413566589355,4.3103329247249045,-110.3329247249043,1067345.3953773126,99.99601989421262,0.02090411988817744,65,sleep,31.812000000005355,2
320000,nan,4.2,8.030003300518729e-06,4.3103346824646,0.44669413566589355,4.310331095509216,-110.33109550921606,523038.3902493147,99.9960196750706,0.02090527085531719,66,sleep,31.85899999999674,2
320000,nan,4.2,8.030003300518729e-06,4.3103346824646,0.44669413566589355,4.310331095509216,-110.33109550921606,523038.3902493147,99.9960196750706,0.02090527085531719,66,sleep,31.922000000005937,2
320000,nan,4.2,8.030003300518729e-06,4.3103346824646,0.44669413566589355,4.310331095509216,-110.33109550921606,523038.3902493147,99.9960196750706,0.02090527085531719,66,sleep,31.968999999997322,2
320000,nan,4.2,8.030003300518729e-06,4.3103346824646,0.44669413566589355,4.310331095509216,-110.33109550921606,523038.3902493147,99.9960196750706,0.02090527085531719,66,sleep,32.01600000000326,2
320000,nan,4.2,8.030003300518729e-06,4.3103346824646,0.44669413566589355,4.310331095509216,-110.33109550921606,523038.3902493147,99.9960196750706,0.02090527085531719,66,sleep,32.062000000005355,2
320000,nan,4.2,8.030003300518729e-06,4.3103346824646,0.44669413566589355,4.310331095509216,-110.33109550921606,523038.3902493147,99.9960196750706,0.02090527085531719,66,sleep,32.10899999999674,2
320000,nan,4.2,8.030003300518729e-06,4.3103346824646,0.44669413566589355,4.310331095509216,-110.33109550921606,523038.3902493147,99.9960196750706,0.02090527085531719,66,sleep,32.17200000000594,2
320000,nan,4.2,8.030003300518729e-06,4.3103346824646,0.44669413566589355,4.310331095509216,-110.33109550921606,523038.3902493147,99.9960196750706,0.02090527085531719,66,sleep,32.21899999999732,2
320000,nan,4.2,8.030003300518729e-06,4.3103346824646,0.44669413566589355,4.310331095509216,-110.33109550921606,523038.3902493147,99.9960196750706,0.02090527085531719,66,sleep,32.26600000000326,2
320000,nan,4.2,8.030003300518729e-06,4.3103346824646,0.44669413566589355,4.310331095509216,-110.33109550921606,523038.3902493147,99.9960196750706,0.02090527085531719,66,sleep,32.312000000005355,2
320000,nan,4.2,6.3899988163029775e-06,4.3103346824646,0.44669413566589355,4.310331828089601,-110.33182808960085,657277.1170605582,99.99601950102293,0.020906184980147853,67,sleep,32.35899999999674,2
320000,nan,4.2,6.3899988163029775e-06,4.3103346824646,0.44669413566589355,4.310331828089601,-110.33182808960085,657277.1170605582,99.99601950102293,0.020906184980147853,67,sleep,32.42200000000594,2
320000,nan,4.2,6.3899988163029775e-06,4.3103346824646,0.44669413566589355,4.310331828089601,-110.33182808960085,657277.1170605582,99.99601950102293,0.020906184980147853,67,sleep,32.46899999999732,2
320000,nan,4.2,6.3899988163029775e-06,4.3103346824646,0.44669413566589355,4.310331828089601,-110.33182808960085,657277.1170605582,99.99601950102293,0.020906184980147853,67,sleep,32.51600000000326,2
320000,nan,4.2,6.3899988163029775e-06,4.3103346824646,0.44669413566589355,4.310331828089601,-110.33182808960085,657277.1170605582,99.99601950102293,0.020906184980147853,67,sleep,32.562000000005355,2
320000,nan,4.2,6.3899988163029775e-06,4.3103346824646,0.44669413566589355,4.310331828089601,-110.33182808960085,657277.1170605582,99.99601950102293,0.020906184980147853,67,sleep,32.60899999999674,2
320000,nan,4.2,6.3899988163029775e-06,4.3103346824646,0.44669413566589355,4.310331828089601,-110.33182808960085,657277.1170605582,99.99601950102293,0.020906184980147853,67,sleep,32.67200000000594,2
320000,nan,4.2,6.3899988163029775e-06,4.3103346824646,0.44669413566589355,4.310331828089601,-110.33182808960085,657277.1170605582,99.99601950102293,0.020906184980147853,67,sleep,32.71899999999732,2
320000,nan,4.2,6.3899988163029775e-06,4.3103346824646,0.44669413566589355,4.310331828089601,-110.33182808960085,657277.1170605582,99.99601950102293,0.020906184980147853,67,sleep,32.76600000000326,2
320000,nan,4.2,6.3899988163029775e-06,4.3103346824646,0.44669413566589355,4.310331828089601,-110.33182808960085,657277.1170605582,99.99601950102293,0.020906184980147853,67,sleep,32.812000000005355,2
320000,nan,4.2,-1.8050000107905362e-06,4.3103346824646,0.44669413566589355,4.310335488747519,-110.33548874751898,2326869.792183838,99.9960195502821,0.02090592626347964,68,sleep,32.85899999999674,2
320000,nan,4.2,-1.8050000107905362e-06,4.3103346824646,0.44669413566589355,4.310335488747519,-110.33548874751898,2326869.792183838,99.9960195502821,0.02090592626347964,68,sleep,32.92200000000594,2
320000,nan,4.2,-1.8050000107905362e-06,4.3103346824646,0.44669413566589355,4.310335488747519,-110.33548874751898,2326869.792183838,99.9960195502821,0.02090592626347964,68,sleep,32.96899999999732,2
320000,nan,4.2,-1.8050000107905362e-06,4.3103346824646,0.44669413566589355,4.310335488747519,-110.33548874751898,2326869.792183838,99.9960195502821,0.02090592626347964,68,sleep,33.01600000000326,2
320000,nan,4.2,-1.8050000107905362e-06,4.3103346824646,0.44669413566589355,4.310335488747519,-110.33548874751898,2326869.792183838,99.9960195502821,0.02090592626347964,68,sleep,33.062000000005355,2
320000,nan,4.2,-1.8050000107905362e-06,4.3103346824646,0.44669413566589355,4.310335488747519,-110.33548874751898,2326869.792183838,99.9960195502821,0.02090592626347964,68,sleep,33.10899999999674,2
320000,nan,4.2,-1.8050000107905362e-06,4.3103346824646,0.44669413566589355,4.310335488747519,-110.33548874751898,2326869.792183838,99.9960195502821,0.02090592626347964,68,sleep,33.17200000000594,2
320000,nan,4.2,-1.8050000107905362e-06,4.3103346824646,0.44669413566589355,4.310335488747519,-110.33548874751898,2326869.792183838,99.9960195502821,0.02090592626347964,68,sleep,33.21899999999732,2
320000,nan,4.2,-1.8050000107905362e-06,4.3103346824646,0.44669413566589355,4.310335488747519,-110.33548874751898,2326869.792183838,99.9960195502821,0.02090592626347964,68,sleep,33.26600000000326,2
320000,nan,4.2,-1.8050000107905362e-06,4.3103346824646,0.44669413566589355,4.310335488747519,-110.33548874751898,2326869.792183838,99.9960195502821,0.02090592626347964,68,sleep,33.312000000005355,2
320000,nan,4.2,6.374998520186637e-06,4.3103346824646,0.44669413566589355,4.310331834790146,-110.33183479014585,658823.682342916,99.99601938170044,0.020906811679940775,69,sleep,33.35899999999674,2
320000,nan,4.2,6.374998520186637e-06,4.3103346824646,0.44669413566589355,4.310331834790146,-110.33183479014585,658823.682342916,99.99601938170044,0.020906811679940775,69,sleep,33.42200000000594,2
320000,nan,4.2,6.374998520186637e-06,4.3103346824646,0.44669413566589355,4.310331834790146,-110.33183479014585,658823.682342916,99.99601938170044,0.020906811679940775,69,sleep,33.46899999999732,2
320000,nan,4.2,6.374998520186637e-06,4.3103346824646,0.44669413566589355,4.310331834790146,-110.33183479014585,658823.682342916,99.99601938170044,0.020906811679940775,69,sleep,33.51600000000326,2
320000,nan,4.2,6.374998520186637e-06,4.3103346824646,0.44669413566589355,4.310331834790146,-110.33183479014585,658823.682342916,99.99601938170044,0.020906811679940775,69,sleep,33.562000000005355,2
320000,nan,4.2,6.374998520186637e-06,4.3103346824646,0.44669413566589355,4.310331834790146,-110.33183479014585,658823.682342916,99.99601938170044,0.020906811679940775,69,sleep,33.60899999999674,2
320000,nan,4.2,6.374998520186637e-06,4.3103346824646,0.44669413566589355,4.310331834790146,-110.33183479014585,658823.682342916,99.99601938170044,0.020906811679940775,69,sleep,33.67200000000594,2
320000,nan,4.2,6.374998520186637e-06,4.3103346824646,0.44669413566589355,4.310331834790146,-110.33183479014585,658823.682342916,99.99601938170044,0.020906811679940775,69,sleep,33.71899999999732,2
320000,nan,4.2,6.374998520186637e-06,4.3103346824646,0.44669413566589355,4.310331834790146,-110.33183479014585,658823.682342916,99.99601938170044,0.020906811679940775,69,sleep,33.76600000000326,2
320000,nan,4.2,6.374998520186637e-06,4.3103346824646,0.44669413566589355,4.310331834790146,-110.33183479014585,658823.682342916,99.99601938170044,0.020906811679940775,69,sleep,33.812000000005355,2
320000,nan,4.2,6.549990416715445e-07,4.3103346824646,0.44669413566589355,4.310334389880369,-110.3343898803688,6412223.12216165,99.99601936437953,0.020906902652029897,70,sleep,33.85899999999674,2
3200,nan,4.2,6.549990416715445e-07,4.3103346824646,0.44669413566589355,4.310334389880369,-110.3343898803688,6412223.12216165,99.99601936437953,0.020906902652029897,70,wake,34.26600000000326,2
3200,nan,4.2,6.549990416715445e-07,4.3103346824646,0.44669413566589355,4.310334389880369,-110.3343898803688,6412223.12216165,99.99601936437953,0.020906902652029897,70,wake,34.328000000008615,2
3200,nan,4.2,3.5549978747440036e-06,4.3103346824646,0.44669413566589355,4.310333094467897,-110.33309446789642,1181435.305443732,99.9960192673622,0.020907412201725265,71,wake,34.375,2
3200,nan,4.2,3.5549978747440036e-06,4.3103346824646,0.44669413566589355,4.310333094467897,-110.33309446789642,1181435.305443732,99.9960192673622,0.020907412201725265,71,wake,34.42200000000594,2
3200,nan,4.2,3.5549978747440036e-06,4.3103346824646,0.44669413566589355,4.310333094467897,-110.33309446789642,1181435.305443732,99.9960192673622,0.020907412201725265,71,wake,34.46899999999732,2
3200,nan,4.2,3.5549978747440036e-06,4.3103346824646,0.44669413566589355,4.310333094467897,-110.33309446789642,1181435.305443732,99.9960192673622,0.020907412201725265,71,wake,34.53100000000268,2
3200,nan,4.2,3.5549978747440036e-06,4.3103346824646,0.44669413566589355,4.310333094467897,-110.33309446789642,1181435.305443732,99.9960192673622,0.020907412201725265,71,wake,34.578000000008615,2
3200,nan,4.2,3.5549978747440036e-06,4.3103346824646,0.44669413566589355,4.310333094467897,-110.33309446789642,1181435.305443732,99.9960192673622,0.020907412201725265,71,wake,34.625,2
3200,nan,4.2,3.5549978747440036e-06,4.3103346824646,0.44669413566589355,4.310333094467897,-110.33309446789642,1181435.305443732,99.9960192673622,0.020907412201725265,71,wake,34.67200000000594,2
3200,nan,4.2,3.5549978747440036e-06,4.3103346824646,0.44669413566589355,4.310333094467897,-110.33309446789642,1181435.305443732,99.9960192673622,0.020907412201725265,71,wake,34.71899999999732,2
3200,nan,4.2,3.5549978747440036e-06,4.3103346824646,0.44669413566589355,4.310333094467897,-110.33309446789642,1181435.305443732,99.9960192673622,0.020907412201725265,71,wake,34.78100000000268,2
3200,nan,4.2,3.5549978747440036e-06,4.3103346824646,0.44669413566589355,4.310333094467897,-110.33309446789642,1181435.305443732,99.9960192673622,0.020907412201725265,71,wake,34.828000000008615,2
320000,nan,4.2,0.0012637519976124167,4.3103346824646,0.44669413566589355,4.30977017185833,-109.77017185832949,3323.4368831344937,99.9959848459003,0.02108819894582795,72,sleep,35.23399999999674,2
320000,nan,4.2,0.0012637519976124167,4.3103346824646,0.44669413566589355,4.30977017185833,-109.77017185832949,3323.4368831344937,99.9959848459003,0.02108819894582795,72,sleep,35.29700000000594,2
320000,nan,4.2,0.0012637519976124167,4.3103346824646,0.44669413566589355,4.30977017185833,-109.77017185832949,3323.4368831344937,99.9959848459003,0.02108819894582795,72,sleep,35.34399999999732,2
320000,nan,4.2,0.0012637519976124167,4.3103346824646,0.44669413566589355,4.30977017185833,-109.77017185832949,3323.4368831344937,99.9959848459003,0.02108819894582795,72,sleep,35.39100000000326,2
320000,nan,4.2,0.0011372772278264165,4.3103346824646,0.44669413566589355,4.309826667396303,-109.82666739630264,3693.0309490387945,99.99595380914788,0.021251208681817433,73,sleep,35.437000000005355,2
320000,nan,4.2,0.0011372772278264165,4.3103346824646,0.44669413566589355,4.309826667396303,-109.82666739630264,3693.0309490387945,99.99595380914788,0.021251208681817433,73,sleep,35.5,2
320000,nan,4.2,0.0011372772278264165,4.3103346824646,0.44669413566589355,4.309826667396303,-109.82666739630264,3693.0309490387945,99.99595380914788,0.021251208681817433,73,sleep,35.54700000000594,2
320000,nan,4.2,0.0011372772278264165,4.3103346824646,0.44669413566589355,4.309826667396303,-109.82666739630264,3693.0309490387945,99.99595380914788,0.021251208681817433,73,sleep,35.59399999999732,2
320000,nan,4.2,0.0011372772278264165,4.3103346824646,0.44669413566589355,4.309826667396303,-109.82666739630264,3693.0309490387945,99.99595380914788,0.021251208681817433,73,sleep,35.64100000000326,2
320000,nan,4.2,0.0011372772278264165,4.3103346824646,0.44669413566589355,4.309826667396303,-109.82666739630264,3693.0309490387945,99.99595380914788,0.021251208681817433,73,sleep,35.687000000005355,2
320000,nan,4.2,0.0011372772278264165,4.3103346824646,0.44669413566589355,4.309826667396303,-109.82666739630264,3693.0309490387945,99.99595380914788,0.021251208681817433,73,sleep,35.75,2
320000,nan,4.2,0.0011372772278264165,4.3103346824646,0.44669413566589355,4.309826667396303,-109.82666739630264,3693.0309490387945,99.99595380914788,0.021251208681817433,73,sleep,35.79700000000594,2
320000,nan,4.2,0.0011372772278264165,4.3103346824646,0.44669413566589355,4.309826667396303,-109.82666739630264,3693.0309490387945,99.99595380914788,0.021251208681817433,73,sleep,35.84399999999732,2
320000,nan,4.2,0.0011372772278264165,4.3103346824646,0.44669413566589355,4.309826667396303,-109.82666739630264,3693.0309490387945,99.99595380914788,0.021251208681817433,73,sleep,35.89100000000326,2
320000,nan,4.2,-3.0350022370839724e-06,4.3103346824646,0.44669413566589355,4.3103360381823,-110.3360381823002,1383854.0046795341,99.9959538919743,0.021250773664830115,74,sleep,35.937000000005355,2
320000,nan,4.2,-3.0350022370839724e-06,4.3103346824646,0.44669413566589355,4.3103360381823,-110.3360381823002,1383854.0046795341,99.9959538919743,0.021250773664830115,74,sleep,36.0,2
320000,nan,4.2,-3.0350022370839724e-06,4.3103346824646,0.44669413566589355,4.3103360381823,-110.3360381823002,1383854.0046795341,99.9959538919743,0.021250773664830115,74,sleep,36.04700000000594,2
320000,nan,4.2,-3.0350022370839724e-06,4.3103346824646,0.44669413566589355,4.3103360381823,-110.3360381823002,1383854.0046795341,99.9959538919743,0.021250773664830115,74,sleep,36.09399999999732,2
320000,nan,4.2,-3.0350022370839724e-06,4.3103346824646,0.44669413566589355,4.3103360381823,-110.3360381823002,1383854.0046795341,99.9959538919743,0.021250773664830115,74,sleep,36.14100000000326,2
320000,nan,4.2,-3.0350022370839724e-06,4.3103346824646,0.44669413566589355,4.3103360381823,-110.3360381823002,1383854.0046795341,99.9959538919743,0.021250773664830115,74,sleep,36.187000000005355,2
320000,nan,4.2,-3.0350022370839724e-06,4.3103346824646,0.44669413566589355,4.3103360381823,-110.3360381823002,1383854.0046795341,99.9959538919743,0.021250773664830115,74,sleep,36.25,2
320000,nan,4.2,-3.0350022370839724e-06,4.3103346824646,0.44669413566589355,4.3103360381823,-110.3360381823002,1383854.0046795341,99.9959538919743,0.021250773664830115,74,sleep,36.29700000000594,2
320000,nan,4.2,-3.0350022370839724e-06,4.3103346824646,0.44669413566589355,4.3103360381823,-110.3360381823002,1383854.0046795341,99.9959538919743,0.021250773664830115,74,sleep,36.34399999999732,2
320000,nan,4.2,-3.0350022370839724e-06,4.3103346824646,0.44669413566589355,4.3103360381823,-110.3360381823002,1383854.0046795341,99.9959538919743,0.021250773664830115,74,sleep,36.39100000000326,2
320000,nan,4.2,7.65500317356782e-06,4.3103346824646,0.44669413566589355,4.310331263019574,-110.33126301957364,548660.7784177413,99.99595368347104,0.021251868755561888,75,sleep,36.437000000005355,2
320000,nan,4.2,7.65500317356782e-06,4.3103346824646,0.44669413566589355,4.310331263019574,-110.33126301957364,548660.7784177413,99.99595368347104,0.021251868755561888,75,sleep,36.5,2
320000,nan,4.2,7.65500317356782e-06,4.3103346824646,0.44669413566589355,4.310331263019574,-110.33126301957364,548660.7784177413,99.99595368347104,0.021251868755561888,75,sleep,36.54700000000594,2
320000,nan,4.2,7.65500317356782e-06,4.3103346824646,0.44669413566589355,4.310331263019574,-110.33126301957364,548660.7784177413,99.99595368347104,0.021251868755561888,75,sleep,36.59399999999732,2
320000,nan,4.2,7.65500317356782e-06,4.3103346824646,0.44669413566589355,4.310331263019574,-110.33126301957364,548660.7784177413,99.99595368347104,0.021251868755561888,75,sleep,36.64100000000326,2
320000,nan,4.2,7.65500317356782e-06,4.3103346824646,0.44669413566589355,4.310331263019574,-110.33126301957364,548660.7784177413,99.99595368347104,0.021251868755561888,75,sleep,36.687000000005355,2
100,nan,4.2,1.0955009202007204e-05,4.3103346824646,0.44669413566589355,4.310329788926233,-110.32978892623291,383386.2594319378,99.99595338450446,0.02125343897354752,76,tx,37.078000000008615,2
100,nan,4.2,1.0955009202007204e-05,4.3103346824646,0.44669413566589355,4.310329788926233,-110.32978892623291,383386.2594319378,99.99595338450446,0.02125343897354752,76,tx,37.14100000000326,2
100,nan,4.2,1.0955009202007204e-05,4.3103346824646,0.44669413566589355,4.310329788926233,-110.32978892623291,383386.2594319378,99.99595338450446,0.02125343897354752,76,tx,37.187000000005355,2
100,nan,4.2,1.0955009202007204e-05,4.3103346824646,0.44669413566589355,4.310329788926233,-110.32978892623291,383386.2594319378,99.99595338450446,0.02125343897354752,76,tx,37.23399999999674,2
100,nan,4.2,1.0955009202007204e-05,4.3103346824646,0.44669413566589355,4.310329788926233,-110.32978892623291,383386.2594319378,99.99595338450446,0.02125343897354752,76,tx,37.28100000000268,2
100,nan,4.2,1.0955009202007204e-05,4.3103346824646,0.44669413566589355,4.310329788926233,-110.32978892623291,383386.2594319378,99.99595338450446,0.02125343897354752,76,tx,37.34399999999732,2
100,nan,4.2,1.0955009202007204e-05,4.3103346824646,0.44669413566589355,4.310329788926233,-110.32978892623291,383386.2594319378,99.99595338450446,0.02125343897354752,76,tx,37.39100000000326,2
100,nan,4.2,1.0955009202007204e-05,4.3103346824646,0.44669413566589355,4.310329788926233,-110.32978892623291,383386.2594319378,99.99595338450446,0.02125343897354752,76,tx,37.437000000005355,2
320000,nan,4.2,0.027077199891209602,4.3103346824646,0.44669413566589355,4.298239456062943,-98.23945606294248,155.11205061360488,99.99523734994756,0.025014161180659966,77,sleep,37.84399999999732,2
320000,nan,4.2,0.027077199891209602,4.3103346824646,0.44669413566589355,4.298239456062943,-98.23945606294248,155.11205061360488,99.99523734994756,0.025014161180659966,77,sleep,37.90600000000268,2
320000,nan,4.2,0.027077199891209602,4.3103346824646,0.44669413566589355,4.298239456062943,-98.23945606294248,155.11205061360488,99.99523734994756,0.025014161180659966,77,sleep,37.953000000008615,2
320000,nan,4.2,0.03864964470267296,4.3103346824646,0.44669413566589355,4.293070112830345,-93.07011283034505,108.66852806306738,99.9941846297339,0.03054320757561943,78,sleep,38.0,2
320000,nan,4.2,0.03864964470267296,4.3103346824646,0.44669413566589355,4.293070112830345,-93.07011283034505,108.66852806306738,99.9941846297339,0.03054320757561943,78,sleep,38.04700000000594,2
320000,nan,4.2,0.03864964470267296,4.3103346824646,0.44669413566589355,4.293070112830345,-93.07011283034505,108.66852806306738,99.9941846297339,0.03054320757561943,78,sleep,38.10899999999674,2
320000,nan,4.2,0.03864964470267296,4.3103346824646,0.44669413566589355,4.293070112830345,-93.07011283034505,108.66852806306738,99.9941846297339,0.03054320757561943,78,sleep,38.15600000000268,2
320000,nan,4.2,0.03864964470267296,4.3103346824646,0.44669413566589355,4.293070112830345,-93.07011283034505,108.66852806306738,99.9941846297339,0.03054320757561943,78,sleep,38.203000000008615,2
320000,nan,4.2,0.03864964470267296,4.3103346824646,0.44669413566589355,4.293070112830345,-93.07011283034505,108.66852806306738,99.9941846297339,0.03054320757561943,78,sleep,38.25,2
320000,nan,4.2,0.03864964470267296,4.3103346824646,0.44669413566589355,4.293070112830345,-93.07011283034505,108.66852806306738,99.9941846297339,0.03054320757561943,78,sleep,38.29700000000594,2
320000,nan,4.2,0.03864964470267296,4.3103346824646,0.44669413566589355,4.293070112830345,-93.07011283034505,108.66852806306738,99.9941846297339,0.03054320757561943,78,sleep,38.35899999999674,2
320000,nan,4.2,0.03864964470267296,4.3103346824646,0.44669413566589355,4.293070112830345,-93.07011283034505,108.66852806306738,99.9941846297339,0.03054320757561943,78,sleep,38.40600000000268,2
320000,nan,4.2,0.03864964470267296,4.3103346824646,0.44669413566589355,4.293070112830345,-93.07011283034505,108.66852806306738,99.9941846297339,0.03054320757561943,78,sleep,38.453000000008615,2
320000,nan,4.2,2.5499852540633583e-07,4.3103346824646,0.44669413566589355,4.310334568558254,-110.33456855825375,16470683.480649041,99.99418462277488,0.03054324412540807,79,sleep,38.5,2
320000,nan,4.2,2.5499852540633583e-07,4.3103346824646,0.44669413566589355,4.310334568558254,-110.33456855825375,16470683.480649041,99.99418462277488,0.03054324412540807,79,sleep,38.54700000000594,2
320000,nan,4.2,2.5499852540633583e-07,4.3103346824646,0.44669413566589355,4.310334568558254,-110.33456855825375,16470683.480649041,99.99418462277488,0.03054324412540807,79,sleep,38.60899999999674,2
320000,nan,4.2,2.5499852540633583e-07,4.3103346824646,0.44669413566589355,4.310334568558254,-110.33456855825375,16470683.480649041,99.99418462277488,0.03054324412540807,79,sleep,38.65600000000268,2
320000,nan,4.2,2.5499852540633583e-07,4.3103346824646,0.44669413566589355,4.310334568558254,-110.33456855825375,16470683.480649041,99.99418462277488,0.03054324412540807,79,sleep,38.703000000008615,2
320000,nan,4.2,2.5499852540633583e-07,4.3103346824646,0.44669413566589355,4.310334568558254,-110.33456855825375,16470683.480649041,99.99418462277488,0.03054324412540807,79,sleep,38.75,2
320000,nan,4.2,2.5499852540633583e-07,4.3103346824646,0.44669413566589355,4.310334568558254,-110.33456855825375,16470683.480649041,99.99418462277488,0.03054324412540807,79,sleep,38.79700000000594,2
320000,nan,4.2,2.5499852540633583e-07,4.3103346824646,0.44669413566589355,4.310334568558254,-110.33456855825375,16470683.480649041,99.99418462277488,0.03054324412540807,79,sleep,38.85899999999674,2
320000,nan,4.2,2.5499852540633583e-07,4.3103346824646,0.44669413566589355,4.310334568558254,-110.33456855825375,16470683.480649041,99.99418462277488,0.03054324412540807,79,sleep,38.90600000000268,2
320000,nan,4.2,2.5499852540633583e-07,4.3103346824646,0.44669413566589355,4.310334568558254,-110.33456855825375,16470683.480649041,99.99418462277488,0.03054324412540807,79,sleep,38.953000000008615,2
320000,nan,4.2,7.629998435731977e-06,4.3103346824646,0.44669413566589355,4.310331274189044,-110.33127418904343,550458.8284489048,99.99418441454915,0.030544337758517167,80,sleep,39.0,2
320000,nan,4.2,7.629998435731977e-06,4.3103346824646,0.44669413566589355,4.310331274189044,-110.33127418904343,550458.8284489048,99.99418441454915,0.030544337758517167,80,sleep,39.04700000000594,2
320000,nan,4.2,7.629998435731977e-06,4.3103346824646,0.44669413566589355,4.310331274189044,-110.33127418904343,550458.8284489048,99.99418441454915,0.030544337758517167,80,sleep,39.10899999999674,2
320000,nan,4.2,7.629998435731977e-06,4.3103346824646,0.44669413566589355,4.310331274189044,-110.33127418904343,550458.8284489048,99.99418441454915,0.030544337758517167,80,sleep,39.15600000000268,2
320000,nan,4.2,7.629998435731977e-06,4.3103346824646,0.44669413566589355,4.310331274189044,-110.33127418904343,550458.8284489048,99.99418441454915,0.030544337758517167,80,sleep,39.203000000008615,2
320000,nan,4.2,7.629998435731977e-06,4.3103346824646,0.44669413566589355,4.310331274189044,-110.33127418904343,550458.8284489048,99.99418441454915,0.030544337758517167,80,sleep,39.25,2
320000,nan,4.2,7.629998435731977e-06,4.3103346824646,0.44669413566589355,4.310331274189044,-110.33127418904343,550458.8284489048,99.99418441454915,0.030544337758517167,80,sleep,39.29700000000594,2
320000,nan,4.2,7.629998435731977e-06,4.3103346824646,0.44669413566589355,4.310331274189044,-110.33127418904343,550458.8284489048,99.99418441454915,0.030544337758517167,80,sleep,39.35899999999674,2
320000,nan,4.2,7.629998435731977e-06,4.3103346824646,0.44669413566589355,4.310331274189044,-110.33127418904343,550458.8284489048,99.99418441454915,0.030544337758517167,80,sleep,39.40600000000268,2
320000,nan,4.2,7.629998435731977e-06,4.3103346824646,0.44669413566589355,4.310331274189044,-110.33127418904343,550458.8284489048,99.99418441454915,0.030544337758517167,80,sleep,39.453000000008615,2
320000,nan,4.2,8.870002602634486e-06,4.3103346824646,0.44669413566589355,4.310330720286454,-110.33072028645385,473506.06174033764,99.99418417295234,0.030545606661667266,81,sleep,39.5,2
320000,nan,4.2,8.870002602634486e-06,4.3103346824646,0.44669413566589355,4.310330720286454,-110.33072028645385,473506.06174033764,99.99418417295234,0.030545606661667266,81,sleep,39.54700000000594,2
320000,nan,4.2,8.870002602634486e-06,4.3103346824646,0.44669413566589355,4.310330720286454,-110.33072028645385,473506.06174033764,99.99418417295234,0.030545606661667266,81,sleep,39.60899999999674,2
320000,nan,4.2,8.870002602634486e-06,4.3103346824646,0.44669413566589355,4.310330720286454,-110.33072028645385,473506.06174033764,99.99418417295234,0.030545606661667266,81,sleep,39.65600000000268,2
320000,nan,4.2,8.870002602634486e-06,4.3103346824646,0.44669413566589355,4.310330720286454,-110.33072028645385,473506.06174033764,99.99418417295234,0.030545606661667266,81,sleep,39.703000000008615,2
320000,nan,4.2,8.870002602634486e-06,4.3103346824646,0.44669413566589355,4.310330720286454,-110.33072028645385,473506.06174033764,99.99418417295234,0.030545606661667266,81,sleep,39.75,2
320000,nan,4.2,8.870002602634486e-06,4.3103346824646,0.44669413566589355,4.310330720286454,-110.33072028645385,473506.06174033764,99.99418417295234,0.030545606661667266,81,sleep,39.79700000000594,2
320000,nan,4.2,8.870002602634486e-06,4.3103346824646,0.44669413566589355,4.310330720286454,-110.33072028645385,473506.06174033764,99.99418417295234,0.030545606661667266,81,sleep,39.85899999999674,2
320000,nan,4.2,8.870002602634486e-06,4.3103346824646,0.44669413566589355,4.310330720286454,-110.33072028645385,473506.06174033764,99.99418417295234,0.030545606661667266,81,sleep,39.90600000000268,2
320000,nan,4.2,8.870002602634486e-06,4.3103346824646,0.44669413566589355,4.310330720286454,-110.33072028645385,473506.06174033764,99.99418417295234,0.030545606661667266,81,sleep,39.953000000008615,2
320000,nan,4.2,8.870002602634486e-06,4.3103346824646,0.44669413566589355,4.310330720286454,-110.33072028645385,473506.06174033764,99.99418417295234,0.030545606661667266,81,sleep,40.0,2
320000,nan,4.2,5.990000772726489e-06,4.3103346824646,0.44669413566589355,4.310332006766382,-110.33200676638177,701168.5239045924,99.99418400948281,0.030546465228444696,82,sleep,40.04700000000594,2
320000,nan,4.2,5.990000772726489e-06,4.3103346824646,0.44669413566589355,4.310332006766382,-110.33200676638177,701168.5239045924,99.99418400948281,0.030546465228444696,82,sleep,40.10899999999674,2
320000,nan,4.2,5.990000772726489e-06,4.3103346824646,0.44669413566589355,4.310332006766382,-110.33200676638177,701168.5239045924,99.99418400948281,0.030546465228444696,82,sleep,40.15600000000268,2
320000,nan,4.2,5.990000772726489e-06,4.3103346824646,0.44669413566589355,4.310332006766382,-110.33200676638177,701168.5239045924,99.99418400948281,0.030546465228444696,82,sleep,40.203000000008615,2
320000,nan,4.2,5.990000772726489e-06,4.3103346824646,0.44669413566589355,4.310332006766382,-110.33200676638177,701168.5239045924,99.99418400948281,0.030546465228444696,82,sleep,40.25,2
320000,nan,4.2,5.990000772726489e-06,4.3103346824646,0.44669413566589355,4.310332006766382,-110.33200676638177,701168.5239045924,99.99418400948281,0.030546465228444696,82,sleep,40.29700000000594,2
320000,nan,4.2,5.990000772726489e-06,4.3103346824646,0.44669413566589355,4.310332006766382,-110.33200676638177,701168.5239045924,99.99418400948281,0.030546465228444696,82,sleep,40.35899999999674,2
320000,nan,4.2,5.990000772726489e-06,4.3103346824646,0.44669413566589355,4.310332006766382,-110.33200676638177,701168.5239045924,99.99418400948281,0.030546465228444696,82,sleep,40.40600000000268,2
320000,nan,4.2,5.990000772726489e-06,4.3103346824646,0.44669413566589355,4.310332006766382,-110.33200676638177,701168.5239045924,99.99418400948281,0.030546465228444696,82,sleep,40.453000000008615,2
320000,nan,4.2,5.990000772726489e-06,4.3103346824646,0.44669413566589355,4.310332006766382,-110.33200676638177,701168.5239045924,99.99418400948281,0.030546465228444696,82,sleep,40.5,2
320000,nan,4.2,1.1099987204943318e-06,4.3103346824646,0.44669413566589355,4.31033418663468,-110.3341866346801,3783788.1453859275,99.99418397919051,0.0305466243282613,83,sleep,40.54700000000594,2
320000,nan,4.2,1.1099987204943318e-06,4.3103346824646,0.44669413566589355,4.31033418663468,-110.3341866346801,3783788.1453859275,99.99418397919051,0.0305466243282613,83,sleep,40.60899999999674,2
320000,nan,4.2,1.1099987204943318e-06,4.3103346824646,0.44669413566589355,4.31033418663468,-110.3341866346801,3783788.1453859275,99.99418397919051,0.0305466243282613,83,sleep,40.65600000000268,2
320000,nan,4.2,1.1099987204943318e-06,4.3103346824646,0.44669413566589355,4.31033418663468,-110.3341866346801,3783788.1453859275,99.99418397919051,0.0305466243282613,83,sleep,40.703000000008615,2
320000,nan,4.2,1.1099987204943318e-06,4.3103346824646,0.44669413566589355,4.31033418663468,-110.3341866346801,3783788.1453859275,99.99418397919051,0.0305466243282613,83,sleep,40.75,2
320000,nan,4.2,1.1099987204943318e-06,4.3103346824646,0.44669413566589355,4.31033418663468,-110.3341866346801,3783788.1453859275,99.99418397919051,0.0305466243282613,83,sleep,40.79700000000594,2
320000,nan,4.2,1.1099987204943318e-06,4.3103346824646,0.44669413566589355,4.31033418663468,-110.3341866346801,3783788.1453859275,99.99418397919051,0.0305466243282613,83,sleep,40.85899999999674,2
320000,nan,4.2,1.1099987204943318e-06,4.3103346824646,0.44669413566589355,4.31033418663468,-110.3341866346801,3783788.1453859275,99.99418397919051,0.0305466243282613,83,sleep,40.90600000000268,2
320000,nan,4.2,1.1099987204943318e-06,4.3103346824646,0.44669413566589355,4.31033418663468,-110.3341866346801,3783788.1453859275,99.99418397919051,0.0305466243282613,83,sleep,40.953000000008615,2
320000,nan,4.2,1.1099987204943318e-06,4.3103346824646,0.44669413566589355,4.31033418663468,-110.3341866346801,3783788.1453859275,99.99418397919051,0.0305466243282613,83,sleep,41.0,2
320000,nan,4.2,8.480006727040745e-06,4.3103346824646,0.44669413566589355,4.3103308944953245,-110.33089449532429,495282.6259685843,99.9941837549436,0.03054780210697339,84,sleep,41.04700000000594,2
320000,nan,4.2,8.480006727040745e-06,4.3103346824646,0.44669413566589355,4.3103308944953245,-110.33089449532429,495282.6259685843,99.9941837549436,0.03054780210697339,84,sleep,41.10899999999674,2
320000,nan,4.2,8.480006727040745e-06,4.3103346824646,0.44669413566589355,4.3103308944953245,-110.33089449532429,495282.6259685843,99.9941837549436,0.03054780210697339,84,sleep,41.15600000000268,2
320000,nan,4.2,8.480006727040745e-06,4.3103346824646,0.44669413566589355,4.3103308944953245,-110.33089449532429,495282.6259685843,99.9941837549436,0.03054780210697339,84,sleep,41.203000000008615,2
320000,nan,4.2,8.480006727040745e-06,4.3103346824646,0.44669413566589355,4.3103308944953245,-110.33089449532429,495282.6259685843,99.9941837549436,0.03054780210697339,84,sleep,41.25,2
320000,nan,4.2,8.480006727040745e-06,4.3103346824646,0.44669413566589355,4.3103308944953245,-110.33089449532429,495282.6259685843,99.9941837549436,0.03054780210697339,84,sleep,41.29700000000594,2
320000,nan,4.2,8.480006727040745e-06,4.3103346824646,0.44669413566589355,4.3103308944953245,-110.33089449532429,495282.6259685843,99.9941837549436,0.03054780210697339,84,sleep,41.35899999999674,2
320000,nan,4.2,8.480006727040745e-06,4.3103346824646,0.44669413566589355,4.3103308944953245,-110.33089449532429,495282.6259685843,99.9941837549436,0.03054780210697339,84,sleep,41.40600000000268,2
320000,nan,4.2,8.480006727040745e-06,4.3103346824646,0.44669413566589355,4.3103308944953245,-110.33089449532429,495282.6259685843,99.9941837549436,0.03054780210697339,84,sleep,41.453000000008615,2
320000,nan,4.2,8.480006727040745e-06,4.3103346824646,0.44669413566589355,4.3103308944953245,-110.33089449532429,495282.6259685843,99.9941837549436,0.03054780210697339,84,sleep,41.5,2
320000,nan,4.2,8.480006727040745e-06,4.3103346824646,0.44669413566589355,4.3103308944953245,-110.33089449532429,495282.6259685843,99.9941837549436,0.03054780210697339,84,sleep,41.54700000000594,2
320000,nan,4.2,1.4750004311281373e-06,4.3103346824646,0.44669413566589355,4.310334023590557,-110.334023590557,2847456.79483475,99.99418371476827,0.03054801311397951,85,sleep,41.60899999999674,2
320000,nan,4.2,1.4750004311281373e-06,4.3103346824646,0.44669413566589355,4.310334023590557,-110.334023590557,2847456.79483475,99.99418371476827,0.03054801311397951,85,sleep,41.65600000000268,2
320000,nan,4.2,1.4750004311281373e-06,4.3103346824646,0.44669413566589355,4.310334023590557,-110.334023590557,2847456.79483475,99.99418371476827,0.03054801311397951,85,sleep,41.703000000008615,2
320000,nan,4.2,1.4750004311281373e-06,4.3103346824646,0.44669413566589355,4.310334023590557,-110.334023590557,2847456.79483475,99.99418371476827,0.03054801311397951,85,sleep,41.75,2
320000,nan,4.2,1.4750004311281373e-06,4.3103346824646,0.44669413566589355,4.310334023590557,-110.334023590557,2847456.79483475,99.99418371476827,0.03054801311397951,85,sleep,41.79700000000594,2
320000,nan,4.2,1.4750004311281373e-06,4.3103346824646,0.44669413566589355,4.310334023590557,-110.334023590557,2847456.79483475,99.99418371476827,0.03054801311397951,85,sleep,41.85899999999674,2
320000,nan,4.2,1.4750004311281373e-06,4.3103346824646,0.44669413566589355,4.310334023590557,-110.334023590557,2847456.79483475,99.99418371476827,0.03054801311397951,85,sleep,41.90600000000268,2
320000,nan,4.2,1.4750004311281373e-06,4.3103346824646,0.44669413566589355,4.310334023590557,-110.334023590557,2847456.79483475,99.99418371476827,0.03054801311397951,85,sleep,41.953000000008615,2
320000,nan,4.2,1.4750004311281373e-06,4.3103346824646,0.44669413566589355,4.310334023590557,-110.334023590557,2847456.79483475,99.99418371476827,0.03054801311397951,85,sleep,42.0,2
320000,nan,4.2,1.4750004311281373e-06,4.3103346824646,0.44669413566589355,4.310334023590557,-110.334023590557,2847456.79483475,99.99418371476827,0.03054801311397951,85,sleep,42.04700000000594,2
320000,nan,4.2,1.5249993339239154e-06,4.3103346824646,0.44669413566589355,4.31033400125634,-110.33400125633986,2754099.5635671173,99.99418367315043,0.030548231697217373,86,sleep,42.10899999999674,2
320000,nan,4.2,1.5249993339239154e-06,4.3103346824646,0.44669413566589355,4.31033400125634,-110.33400125633986,2754099.5635671173,99.99418367315043,0.030548231697217373,86,sleep,42.15600000000268,2
320000,nan,4.2,1.5249993339239154e-06,4.3103346824646,0.44669413566589355,4.31033400125634,-110.33400125633986,2754099.5635671173,99.99418367315043,0.030548231697217373,86,sleep,42.203000000008615,2
320000,nan,4.2,1.5249993339239154e-06,4.3103346824646,0.44669413566589355,4.31033400125634,-110.33400125633986,2754099.5635671173,99.99418367315043,0.030548231697217373,86,sleep,42.25,2
320000,nan,4.2,1.5249993339239154e-06,4.3103346824646,0.44669413566589355,4.31033400125634,-110.33400125633986,2754099.5635671173,99.99418367315043,0.030548231697217373,86,sleep,42.29700000000594,2
320000,nan,4.2,1.5249993339239154e-06,4.3103346824646,0.44669413566589355,4.31033400125634,-110.33400125633986,2754099.5635671173,99.99418367315043,0.030548231697217373,86,sleep,42.35899999999674,2
320000,nan,4.2,1.5249993339239154e-06,4.3103346824646,0.44669413566589355,4.31033400125634,-110.33400125633986,2754099.5635671173,99.99418367315043,0.030548231697217373,86,sleep,42.40600000000268,2
320000,nan,4.2,1.5249993339239154e-06,4.3103346824646,0.44669413566589355,4.31033400125634,-110.33400125633986,2754099.5635671173,99.99418367315043,0.030548231697217373,86,sleep,42.453000000008615,2
320000,nan,4.2,1.5249993339239154e-06,4.3103346824646,0.44669413566589355,4.31033400125634,-110.33400125633986,2754099.5635671173,99.99418367315043,0.030548231697217373,86,sleep,42.5,2
320000,nan,4.2,1.5249993339239154e-06,4.3103346824646,0.44669413566589355,4.31033400125634,-110.33400125633986,2754099.5635671173,99.99418367315043,0.030548231697217373,86,sleep,42.54700000000594,2
320000,nan,4.2,-1.8300019064554363e-06,4.3103346824646,0.44669413566589355,4.31033549991572,-110.33549991571957,2295079.5762475766,99.99418372299513,0.03054796990527798,87,sleep,42.60899999999674,2
320000,nan,4.2,-1.8300019064554363e-06,4.3103346824646,0.44669413566589355,4.31033549991572,-110.33549991571957,2295079.5762475766,99.99418372299513,0.03054796990527798,87,sleep,42.65600000000268,2
320000,nan,4.2,-1.8300019064554363e-06,4.3103346824646,0.44669413566589355,4.31033549991572,-110.33549991571957,2295079.5762475766,99.99418372299513,0.03054796990527798,87,sleep,42.703000000008615,2
320000,nan,4.2,-1.8300019064554363e-06,4.3103346824646,0.44669413566589355,4.31033549991572,-110.33549991571957,2295079.5762475766,99.99418372299513,0.03054796990527798,87,sleep,42.75,2
320000,nan,4.2,-1.8300019064554363e-06,4.3103346824646,0.44669413566589355,4.31033549991572,-110.33549991571957,2295079.5762475766,99.99418372299513,0.03054796990527798,87,sleep,42.79700000000594,2
