r_setpoint_ohm,r_actual_ohm,v_out_V,i_measured_A,ocv_V,esr_ohm,v_predicted_V,voltage_error_mV,r_inferred_ohm,soc_pct,used_capacity_mAh,iteration,phase,t_s,cycle
320000,nan,4.2,-1.0419997124699876e-05,4.3103346824646,0.44669413566589355,4.310339337016209,-110.33933701620846,403071.12849812536,100.0,0.0,3,sleep,0.0,0
320000,nan,4.2,-3.4400018193991855e-06,4.3103346824646,0.44669413566589355,4.310336219093239,-110.33621909323887,1220929.586814449,100.0,0.0,4,sleep,0.0629999999946449,0
320000,nan,4.2,-3.4400018193991855e-06,4.3103346824646,0.44669413566589355,4.310336219093239,-110.33621909323887,1220929.586814449,100.0,0.0,4,sleep,0.11000000000058208,0
320000,nan,4.2,-3.4400018193991855e-06,4.3103346824646,0.44669413566589355,4.310336219093239,-110.33621909323887,1220929.586814449,100.0,0.0,4,sleep,0.15600000000267755,0
320000,nan,4.2,-3.4400018193991855e-06,4.3103346824646,0.44669413566589355,4.310336219093239,-110.33621909323887,1220929.586814449,100.0,0.0,4,sleep,0.20299999999406282,0
320000,nan,4.2,-3.4400018193991855e-06,4.3103346824646,0.44669413566589355,4.310336219093239,-110.33621909323887,1220929.586814449,100.0,0.0,4,sleep,0.26600000000325963,0
320000,nan,4.2,-3.4400018193991855e-06,4.3103346824646,0.44669413566589355,4.310336219093239,-110.33621909323887,1220929.586814449,100.0,0.0,4,sleep,0.3129999999946449,0
320000,nan,4.2,-3.4400018193991855e-06,4.3103346824646,0.44669413566589355,4.310336219093239,-110.33621909323887,1220929.586814449,100.0,0.0,4,sleep,0.3600000000005821,0
320000,nan,4.2,-3.4400018193991855e-06,4.3103346824646,0.44669413566589355,4.310336219093239,-110.33621909323887,1220929.586814449,100.0,0.0,4,sleep,0.40600000000267755,0
320000,nan,4.2,-3.4400018193991855e-06,4.3103346824646,0.44669413566589355,4.310336219093239,-110.33621909323887,1220929.586814449,100.0,0.0,4,sleep,0.4529999999940628,0
320000,nan,4.2,-3.4400018193991855e-06,4.3103346824646,0.44669413566589355,4.310336219093239,-110.33621909323887,1220929.586814449,100.0,0.0,4,sleep,0.5160000000032596,0
320000,nan,4.2,-1.2085002708772663e-05,4.3103346824646,0.44669413566589355,4.310340080764439,-110.34008076443857,347538.19268498506,100.0,0.0,5,sleep,0.5629999999946449,0
320000,nan,4.2,-1.2085002708772663e-05,4.3103346824646,0.44669413566589355,4.310340080764439,-110.34008076443857,347538.19268498506,100.0,0.0,5,sleep,0.6100000000005821,0
320000,nan,4.2,-1.2085002708772663e-05,4.3103346824646,0.44669413566589355,4.310340080764439,-110.34008076443857,347538.19268498506,100.0,0.0,5,sleep,0.6560000000026776,0
320000,nan,4.2,-1.2085002708772663e-05,4.3103346824646,0.44669413566589355,4.310340080764439,-110.34008076443857,347538.19268498506,100.0,0.0,5,sleep,0.7029999999940628,0
320000,nan,4.2,-1.2085002708772663e-05,4.3103346824646,0.44669413566589355,4.310340080764439,-110.34008076443857,347538.19268498506,100.0,0.0,5,sleep,0.7660000000032596,0
320000,nan,4.2,-1.2085002708772663e-05,4.3103346824646,0.44669413566589355,4.310340080764439,-110.34008076443857,347538.19268498506,100.0,0.0,5,sleep,0.8129999999946449,0
320000,nan,4.2,-1.2085002708772663e-05,4.3103346824646,0.44669413566589355,4.310340080764439,-110.34008076443857,347538.19268498506,100.0,0.0,5,sleep,0.8600000000005821,0
320000,nan,4.2,-1.2085002708772663e-05,4.3103346824646,0.44669413566589355,4.310340080764439,-110.34008076443857,347538.19268498506,100.0,0.0,5,sleep,0.9060000000026776,0
320000,nan,4.2,-1.2085002708772663e-05,4.3103346824646,0.44669413566589355,4.310340080764439,-110.34008076443857,347538.19268498506,100.0,0.0,5,sleep,0.9529999999940628,0
320000,nan,4.2,-1.2085002708772663e-05,4.3103346824646,0.44669413566589355,4.310340080764439,-110.34008076443857,347538.19268498506,100.0,0.0,5,sleep,1.0160000000032596,0
320000,nan,4.2,-1.2085002708772663e-05,4.3103346824646,0.44669413566589355,4.310340080764439,-110.34008076443857,347538.19268498506,100.0,0.0,5,sleep,1.062999999994645,0
320000,nan,4.2,-3.830001332971733e-06,4.3103346824646,0.44669413566589355,4.310336393303735,-110.33639330373468,1096605.3624689425,100.0,0.0,6,sleep,1.110000000000582,0
320000,nan,4.2,-3.830001332971733e-06,4.3103346824646,0.44669413566589355,4.310336393303735,-110.33639330373468,1096605.3624689425,100.0,0.0,6,sleep,1.1560000000026776,0
320000,nan,4.2,-3.830001332971733e-06,4.3103346824646,0.44669413566589355,4.310336393303735,-110.33639330373468,1096605.3624689425,100.0,0.0,6,sleep,1.2029999999940628,0
320000,nan,4.2,-3.830001332971733e-06,4.3103346824646,0.44669413566589355,4.310336393303735,-110.33639330373468,1096605.3624689425,100.0,0.0,6,sleep,1.2660000000032596,0
320000,nan,4.2,-3.830001332971733e-06,4.3103346824646,0.44669413566589355,4.310336393303735,-110.33639330373468,1096605.3624689425,100.0,0.0,6,sleep,1.312999999994645,0
320000,nan,4.2,-3.830001332971733e-06,4.3103346824646,0.44669413566589355,4.310336393303735,-110.33639330373468,1096605.3624689425,100.0,0.0,6,sleep,1.360000000000582,0
320000,nan,4.2,-3.830001332971733e-06,4.3103346824646,0.44669413566589355,4.310336393303735,-110.33639330373468,1096605.3624689425,100.0,0.0,6,sleep,1.4060000000026776,0
320000,nan,4.2,-3.830001332971733e-06,4.3103346824646,0.44669413566589355,4.310336393303735,-110.33639330373468,1096605.3624689425,100.0,0.0,6,sleep,1.4529999999940628,0
320000,nan,4.2,-3.830001332971733e-06,4.3103346824646,0.44669413566589355,4.310336393303735,-110.33639330373468,1096605.3624689425,100.0,0.0,6,sleep,1.5160000000032596,0
320000,nan,4.2,-3.830001332971733e-06,4.3103346824646,0.44669413566589355,4.310336393303735,-110.33639330373468,1096605.3624689425,100.0,0.0,6,sleep,1.562999999994645,0
320000,nan,4.2,-4.290005108487094e-06,4.3103346824646,0.44669413566589355,4.3103365987847235,-110.33659878472335,979019.8132144335,100.0,0.0,7,sleep,1.610000000000582,0
320000,nan,4.2,-4.290005108487094e-06,4.3103346824646,0.44669413566589355,4.3103365987847235,-110.33659878472335,979019.8132144335,100.0,0.0,7,sleep,1.6560000000026776,0
320000,nan,4.2,-4.290005108487094e-06,4.3103346824646,0.44669413566589355,4.3103365987847235,-110.33659878472335,979019.8132144335,100.0,0.0,7,sleep,1.7029999999940628,0
320000,nan,4.2,-4.290005108487094e-06,4.3103346824646,0.44669413566589355,4.3103365987847235,-110.33659878472335,979019.8132144335,100.0,0.0,7,sleep,1.7660000000032596,0
320000,nan,4.2,-4.290005108487094e-06,4.3103346824646,0.44669413566589355,4.3103365987847235,-110.33659878472335,979019.8132144335,100.0,0.0,7,sleep,1.812999999994645,0
320000,nan,4.2,-4.290005108487094e-06,4.3103346824646,0.44669413566589355,4.3103365987847235,-110.33659878472335,979019.8132144335,100.0,0.0,7,sleep,1.860000000000582,0
320000,nan,4.2,-4.290005108487094e-06,4.3103346824646,0.44669413566589355,4.3103365987847235,-110.33659878472335,979019.8132144335,100.0,0.0,7,sleep,1.9060000000026776,0
320000,nan,4.2,-4.290005108487094e-06,4.3103346824646,0.44669413566589355,4.3103365987847235,-110.33659878472335,979019.8132144335,100.0,0.0,7,sleep,1.9529999999940628,0
320000,nan,4.2,-4.290005108487094e-06,4.3103346824646,0.44669413566589355,4.3103365987847235,-110.33659878472335,979019.8132144335,100.0,0.0,7,sleep,2.0160000000032596,0
320000,nan,4.2,-4.290005108487094e-06,4.3103346824646,0.44669413566589355,4.3103365987847235,-110.33659878472335,979019.8132144335,100.0,0.0,7,sleep,2.062999999994645,0
320000,nan,4.2,-6.724993454554351e-06,4.3103346824646,0.44669413566589355,4.3103376864797385,-110.3376864797383,624535.9238462372,100.0,0.0,8,sleep,2.110000000000582,0
320000,nan,4.2,-6.724993454554351e-06,4.3103346824646,0.44669413566589355,4.3103376864797385,-110.3376864797383,624535.9238462372,100.0,0.0,8,sleep,2.1560000000026776,0
320000,nan,4.2,-6.724993454554351e-06,4.3103346824646,0.44669413566589355,4.3103376864797385,-110.3376864797383,624535.9238462372,100.0,0.0,8,sleep,2.202999999994063,0
320000,nan,4.2,-6.724993454554351e-06,4.3103346824646,0.44669413566589355,4.3103376864797385,-110.3376864797383,624535.9238462372,100.0,0.0,8,sleep,2.2660000000032596,0
320000,nan,4.2,-6.724993454554351e-06,4.3103346824646,0.44669413566589355,4.3103376864797385,-110.3376864797383,624535.9238462372,100.0,0.0,8,sleep,2.312999999994645,0
320000,nan,4.2,-6.724993454554351e-06,4.3103346824646,0.44669413566589355,4.3103376864797385,-110.3376864797383,624535.9238462372,100.0,0.0,8,sleep,2.360000000000582,0
320000,nan,4.2,-6.724993454554351e-06,4.3103346824646,0.44669413566589355,4.3103376864797385,-110.3376864797383,624535.9238462372,100.0,0.0,8,sleep,2.4060000000026776,0
320000,nan,4.2,-6.724993454554351e-06,4.3103346824646,0.44669413566589355,4.3103376864797385,-110.3376864797383,624535.9238462372,100.0,0.0,8,sleep,2.452999999994063,0
320000,nan,4.2,-6.724993454554351e-06,4.3103346824646,0.44669413566589355,4.3103376864797385,-110.3376864797383,624535.9238462372,100.0,0.0,8,sleep,2.5160000000032596,0
320000,nan,4.2,-6.724993454554351e-06,4.3103346824646,0.44669413566589355,4.3103376864797385,-110.3376864797383,624535.9238462372,100.0,0.0,8,sleep,2.562999999994645,0
320000,nan,4.2,-2.6500010790186934e-06,4.3103346824646,0.44669413566589355,4.310335866204541,-110.33586620454105,1584905.0150407024,100.0,0.0,9,sleep,2.610000000000582,0
320000,nan,4.2,-2.6500010790186934e-06,4.3103346824646,0.44669413566589355,4.310335866204541,-110.33586620454105,1584905.0150407024,100.0,0.0,9,sleep,2.6560000000026776,0
320000,nan,4.2,-2.6500010790186934e-06,4.3103346824646,0.44669413566589355,4.310335866204541,-110.33586620454105,1584905.0150407024,100.0,0.0,9,sleep,2.702999999994063,0
320000,nan,4.2,-2.6500010790186934e-06,4.3103346824646,0.44669413566589355,4.310335866204541,-110.33586620454105,1584905.0150407024,100.0,0.0,9,sleep,2.7660000000032596,0
320000,nan,4.2,-2.6500010790186934e-06,4.3103346824646,0.44669413566589355,4.310335866204541,-110.33586620454105,1584905.0150407024,100.0,0.0,9,sleep,2.812999999994645,0
320000,nan,4.2,-2.6500010790186934e-06,4.3103346824646,0.44669413566589355,4.310335866204541,-110.33586620454105,1584905.0150407024,100.0,0.0,9,sleep,2.860000000000582,0
320000,nan,4.2,-2.6500010790186934e-06,4.3103346824646,0.44669413566589355,4.310335866204541,-110.33586620454105,1584905.0150407024,100.0,0.0,9,sleep,2.9060000000026776,0
320000,nan,4.2,-2.6500010790186934e-06,4.3103346824646,0.44669413566589355,4.310335866204541,-110.33586620454105,1584905.0150407024,100.0,0.0,9,sleep,2.952999999994063,0
320000,nan,4.2,-2.6500010790186934e-06,4.3103346824646,0.44669413566589355,4.310335866204541,-110.33586620454105,1584905.0150407024,100.0,0.0,9,sleep,3.0160000000032596,0
320000,nan,4.2,-2.6500010790186934e-06,4.3103346824646,0.44669413566589355,4.310335866204541,-110.33586620454105,1584905.0150407024,100.0,0.0,9,sleep,3.062999999994645,0
320000,nan,4.2,-8.800000614428427e-06,4.3103346824646,0.44669413566589355,4.3103386133732675,-110.33861337326734,477272.6939488738,100.0,0.0,10,sleep,3.110000000000582,0
320000,nan,4.2,-8.800000614428427e-06,4.3103346824646,0.44669413566589355,4.3103386133732675,-110.33861337326734,477272.6939488738,100.0,0.0,10,sleep,3.1560000000026776,0
320000,nan,4.2,-8.800000614428427e-06,4.3103346824646,0.44669413566589355,4.3103386133732675,-110.33861337326734,477272.6939488738,100.0,0.0,10,sleep,3.202999999994063,0
320000,nan,4.2,-8.800000614428427e-06,4.3103346824646,0.44669413566589355,4.3103386133732675,-110.33861337326734,477272.6939488738,100.0,0.0,10,sleep,3.2660000000032596,0
320000,nan,4.2,-8.800000614428427e-06,4.3103346824646,0.44669413566589355,4.3103386133732675,-110.33861337326734,477272.6939488738,100.0,0.0,10,sleep,3.312999999994645,0
320000,nan,4.2,-8.800000614428427e-06,4.3103346824646,0.44669413566589355,4.3103386133732675,-110.33861337326734,477272.6939488738,100.0,0.0,10,sleep,3.360000000000582,0
320000,nan,4.2,-8.800000614428427e-06,4.3103346824646,0.44669413566589355,4.3103386133732675,-110.33861337326734,477272.6939488738,100.0,0.0,10,sleep,3.4060000000026776,0
320000,nan,4.2,-8.800000614428427e-06,4.3103346824646,0.44669413566589355,4.3103386133732675,-110.33861337326734,477272.6939488738,100.0,0.0,10,sleep,3.452999999994063,0
320000,nan,4.2,-8.800000614428427e-06,4.3103346824646,0.44669413566589355,4.3103386133732675,-110.33861337326734,477272.6939488738,100.0,0.0,10,sleep,3.5160000000032596,0
320000,nan,4.2,-8.800000614428427e-06,4.3103346824646,0.44669413566589355,4.3103386133732675,-110.33861337326734,477272.6939488738,100.0,0.0,10,sleep,3.562999999994645,0
320000,nan,4.2,-8.800000614428427e-06,4.3103346824646,0.44669413566589355,4.3103386133732675,-110.33861337326734,477272.6939488738,100.0,0.0,10,sleep,3.610000000000582,0
320000,nan,4.2,-1.168499693449121e-05,4.3103346824646,0.44669413566589355,4.3103399020842055,-110.3399020842053,359435.26759537635,100.0,0.0,11,sleep,3.6560000000026776,0
320000,nan,4.2,-1.168499693449121e-05,4.3103346824646,0.44669413566589355,4.3103399020842055,-110.3399020842053,359435.26759537635,100.0,0.0,11,sleep,3.702999999994063,0
320000,nan,4.2,-1.168499693449121e-05,4.3103346824646,0.44669413566589355,4.3103399020842055,-110.3399020842053,359435.26759537635,100.0,0.0,11,sleep,3.7660000000032596,0
320000,nan,4.2,-1.168499693449121e-05,4.3103346824646,0.44669413566589355,4.3103399020842055,-110.3399020842053,359435.26759537635,100.0,0.0,11,sleep,3.812999999994645,0
320000,nan,4.2,-1.168499693449121e-05,4.3103346824646,0.44669413566589355,4.3103399020842055,-110.3399020842053,359435.26759537635,100.0,0.0,11,sleep,3.860000000000582,0
320000,nan,4.2,-1.168499693449121e-05,4.3103346824646,0.44669413566589355,4.3103399020842055,-110.3399020842053,359435.26759537635,100.0,0.0,11,sleep,3.9060000000026776,0
320000,nan,4.2,-1.168499693449121e-05,4.3103346824646,0.44669413566589355,4.3103399020842055,-110.3399020842053,359435.26759537635,100.0,0.0,11,sleep,3.952999999994063,0
320000,nan,4.2,-1.168499693449121e-05,4.3103346824646,0.44669413566589355,4.3103399020842055,-110.3399020842053,359435.26759537635,100.0,0.0,11,sleep,4.01600000000326,0
320000,nan,4.2,-1.168499693449121e-05,4.3103346824646,0.44669413566589355,4.3103399020842055,-110.3399020842053,359435.26759537635,100.0,0.0,11,sleep,4.062999999994645,0
320000,nan,4.2,-1.168499693449121e-05,4.3103346824646,0.44669413566589355,4.3103399020842055,-110.3399020842053,359435.26759537635,100.0,0.0,11,sleep,4.110000000000582,0
320000,nan,4.2,-8.784998499322683e-06,4.3103346824646,0.44669413566589355,4.310338606671911,-110.33860667191053,478087.731070622,100.0,0.0,12,sleep,4.1560000000026776,0
320000,nan,4.2,-8.784998499322683e-06,4.3103346824646,0.44669413566589355,4.310338606671911,-110.33860667191053,478087.731070622,100.0,0.0,12,sleep,4.202999999994063,0
320000,nan,4.2,-8.784998499322683e-06,4.3103346824646,0.44669413566589355,4.310338606671911,-110.33860667191053,478087.731070622,100.0,0.0,12,sleep,4.26600000000326,0
320000,nan,4.2,-8.784998499322683e-06,4.3103346824646,0.44669413566589355,4.310338606671911,-110.33860667191053,478087.731070622,100.0,0.0,12,sleep,4.312999999994645,0
320000,nan,4.2,-8.784998499322683e-06,4.3103346824646,0.44669413566589355,4.310338606671911,-110.33860667191053,478087.731070622,100.0,0.0,12,sleep,4.360000000000582,0
320000,nan,4.2,-8.784998499322683e-06,4.3103346824646,0.44669413566589355,4.310338606671911,-110.33860667191053,478087.731070622,100.0,0.0,12,sleep,4.4060000000026776,0
320000,nan,4.2,-8.784998499322683e-06,4.3103346824646,0.44669413566589355,4.310338606671911,-110.33860667191053,478087.731070622,100.0,0.0,12,sleep,4.452999999994063,0
320000,nan,4.2,-8.784998499322683e-06,4.3103346824646,0.44669413566589355,4.310338606671911,-110.33860667191053,478087.731070622,100.0,0.0,12,sleep,4.51600000000326,0
320000,nan,4.2,-8.784998499322683e-06,4.3103346824646,0.44669413566589355,4.310338606671911,-110.33860667191053,478087.731070622,100.0,0.0,12,sleep,4.562999999994645,0
320000,nan,4.2,-8.784998499322683e-06,4.3103346824646,0.44669413566589355,4.310338606671911,-110.33860667191053,478087.731070622,100.0,0.0,12,sleep,4.610000000000582,0
320000,nan,4.2,-4.255002750142012e-06,4.3103346824646,0.44669413566589355,4.310336583149375,-110.33658314937523,987073.3925753218,100.0,0.0,13,sleep,4.6560000000026776,0
320000,nan,4.2,-4.255002750142012e-06,4.3103346824646,0.44669413566589355,4.310336583149375,-110.33658314937523,987073.3925753218,100.0,0.0,13,sleep,4.702999999994063,0
320000,nan,4.2,-4.255002750142012e-06,4.3103346824646,0.44669413566589355,4.310336583149375,-110.33658314937523,987073.3925753218,100.0,0.0,13,sleep,4.76600000000326,0
320000,nan,4.2,-4.255002750142012e-06,4.3103346824646,0.44669413566589355,4.310336583149375,-110.33658314937523,987073.3925753218,100.0,0.0,13,sleep,4.812999999994645,0
320000,nan,4.2,-4.255002750142012e-06,4.3103346824646,0.44669413566589355,4.310336583149375,-110.33658314937523,987073.3925753218,100.0,0.0,13,sleep,4.860000000000582,0
320000,nan,4.2,-4.255002750142012e-06,4.3103346824646,0.44669413566589355,4.310336583149375,-110.33658314937523,987073.3925753218,100.0,0.0,13,sleep,4.9060000000026776,0
320000,nan,4.2,-4.255002750142012e-06,4.3103346824646,0.44669413566589355,4.310336583149375,-110.33658314937523,987073.3925753218,100.0,0.0,13,sleep,4.952999999994063,0
3200,nan,4.2,-4.255002750142012e-06,4.3103346824646,0.44669413566589355,4.310336583149375,-110.33658314937523,987073.3925753218,100.0,0.0,13,wake,5.01600000000326,0
3200,nan,4.2,-4.255002750142012e-06,4.3103346824646,0.44669413566589355,4.310336583149375,-110.33658314937523,987073.3925753218,100.0,0.0,13,wake,5.077999999994063,0
3200,nan,4.2,-4.255002750142012e-06,4.3103346824646,0.44669413566589355,4.310336583149375,-110.33658314937523,987073.3925753218,100.0,0.0,13,wake,5.125,0
3200,nan,4.2,-8.799999704933725e-06,4.3103346824646,0.44669413566589355,4.310338613372862,-110.33861337286143,477272.7432758057,100.0,0.0,14,wake,5.172000000005937,0
3200,nan,4.2,-8.799999704933725e-06,4.3103346824646,0.44669413566589355,4.310338613372862,-110.33861337286143,477272.7432758057,100.0,0.0,14,wake,5.2189999999973224,0
3200,nan,4.2,-8.799999704933725e-06,4.3103346824646,0.44669413566589355,4.310338613372862,-110.33861337286143,477272.7432758057,100.0,0.0,14,wake,5.2810000000026776,0
3200,nan,4.2,-8.799999704933725e-06,4.3103346824646,0.44669413566589355,4.310338613372862,-110.33861337286143,477272.7432758057,100.0,0.0,14,wake,5.327999999994063,0
3200,nan,4.2,-8.799999704933725e-06,4.3103346824646,0.44669413566589355,4.310338613372862,-110.33861337286143,477272.7432758057,100.0,0.0,14,wake,5.375,0
3200,nan,4.2,-8.799999704933725e-06,4.3103346824646,0.44669413566589355,4.310338613372862,-110.33861337286143,477272.7432758057,100.0,0.0,14,wake,5.422000000005937,0
3200,nan,4.2,-8.799999704933725e-06,4.3103346824646,0.44669413566589355,4.310338613372862,-110.33861337286143,477272.7432758057,100.0,0.0,14,wake,5.4689999999973224,0
3200,nan,4.2,-8.799999704933725e-06,4.3103346824646,0.44669413566589355,4.310338613372862,-110.33861337286143,477272.7432758057,100.0,0.0,14,wake,5.5310000000026776,0
3200,nan,4.2,-8.799999704933725e-06,4.3103346824646,0.44669413566589355,4.310338613372862,-110.33861337286143,477272.7432758057,100.0,0.0,14,wake,5.577999999994063,0
320000,nan,4.2,-8.799999704933725e-06,4.3103346824646,0.44669413566589355,4.310338613372862,-110.33861337286143,477272.7432758057,100.0,0.0,14,sleep,5.625,0
320000,nan,4.2,1.9049979300689301e-06,4.3103346824646,0.44669413566589355,4.310333831513196,-110.33383151319586,2204726.805056438,99.99999994811259,2.7252053721788615e-07,15,sleep,5.687999999994645,0
320000,nan,4.2,1.9049979300689301e-06,4.3103346824646,0.44669413566589355,4.310333831513196,-110.33383151319586,2204726.805056438,99.99999994811259,2.7252053721788615e-07,15,sleep,5.735000000000582,0
320000,nan,4.2,1.9049979300689301e-06,4.3103346824646,0.44669413566589355,4.310333831513196,-110.33383151319586,2204726.805056438,99.99999994811259,2.7252053721788615e-07,15,sleep,5.7810000000026776,0
320000,nan,4.2,1.9049979300689301e-06,4.3103346824646,0.44669413566589355,4.310333831513196,-110.33383151319586,2204726.805056438,99.99999994811259,2.7252053721788615e-07,15,sleep,5.827999999994063,0
320000,nan,4.2,1.9049979300689301e-06,4.3103346824646,0.44669413566589355,4.310333831513196,-110.33383151319586,2204726.805056438,99.99999994811259,2.7252053721788615e-07,15,sleep,5.89100000000326,0
320000,nan,4.2,1.9049979300689301e-06,4.3103346824646,0.44669413566589355,4.310333831513196,-110.33383151319586,2204726.805056438,99.99999994811259,2.7252053721788615e-07,15,sleep,5.937999999994645,0
320000,nan,4.2,1.9049979300689301e-06,4.3103346824646,0.44669413566589355,4.310333831513196,-110.33383151319586,2204726.805056438,99.99999994811259,2.7252053721788615e-07,15,sleep,5.985000000000582,0
320000,nan,4.2,1.9049979300689301e-06,4.3103346824646,0.44669413566589355,4.310333831513196,-110.33383151319586,2204726.805056438,99.99999994811259,2.7252053721788615e-07,15,sleep,6.0310000000026776,0
320000,nan,4.2,1.9049979300689301e-06,4.3103346824646,0.44669413566589355,4.310333831513196,-110.33383151319586,2204726.805056438,99.99999994811259,2.7252053721788615e-07,15,sleep,6.077999999994063,0
320000,nan,4.2,1.9049979300689301e-06,4.3103346824646,0.44669413566589355,4.310333831513196,-110.33383151319586,2204726.805056438,99.99999994811259,2.7252053721788615e-07,15,sleep,6.14100000000326,0
320000,nan,4.2,-3.025003252332681e-06,4.3103346824646,0.44669413566589355,4.310336033715813,-110.33603371581258,1388428.2592956687,100.0,0.0,16,sleep,6.187999999994645,0
320000,nan,4.2,-3.025003252332681e-06,4.3103346824646,0.44669413566589355,4.310336033715813,-110.33603371581258,1388428.2592956687,100.0,0.0,16,sleep,6.235000000000582,0
320000,nan,4.2,-3.025003252332681e-06,4.3103346824646,0.44669413566589355,4.310336033715813,-110.33603371581258,1388428.2592956687,100.0,0.0,16,sleep,6.2810000000026776,0
320000,nan,4.2,-3.025003252332681e-06,4.3103346824646,0.44669413566589355,4.310336033715813,-110.33603371581258,1388428.2592956687,100.0,0.0,16,sleep,6.327999999994063,0
320000,nan,4.2,-3.025003252332681e-06,4.3103346824646,0.44669413566589355,4.310336033715813,-110.33603371581258,1388428.2592956687,100.0,0.0,16,sleep,6.39100000000326,0
320000,nan,4.2,-3.025003252332681e-06,4.3103346824646,0.44669413566589355,4.310336033715813,-110.33603371581258,1388428.2592956687,100.0,0.0,16,sleep,6.437999999994645,0
320000,nan,4.2,-3.025003252332681e-06,4.3103346824646,0.44669413566589355,4.310336033715813,-110.33603371581258,1388428.2592956687,100.0,0.0,16,sleep,6.485000000000582,0
320000,nan,4.2,-3.025003252332681e-06,4.3103346824646,0.44669413566589355,4.310336033715813,-110.33603371581258,1388428.2592956687,100.0,0.0,16,sleep,6.5310000000026776,0
320000,nan,4.2,-3.025003252332681e-06,4.3103346824646,0.44669413566589355,4.310336033715813,-110.33603371581258,1388428.2592956687,100.0,0.0,16,sleep,6.577999999994063,0
320000,nan,4.2,-3.025003252332681e-06,4.3103346824646,0.44669413566589355,4.310336033715813,-110.33603371581258,1388428.2592956687,100.0,0.0,16,sleep,6.64100000000326,0
320000,nan,4.2,-1.4500095346647868e-07,4.3103346824646,0.44669413566589355,4.310334747235675,-110.33474723567505,28965326.776081897,100.0,0.0,17,sleep,6.687999999994645,0
320000,nan,4.2,-1.4500095346647868e-07,4.3103346824646,0.44669413566589355,4.310334747235675,-110.33474723567505,28965326.776081897,100.0,0.0,17,sleep,6.735000000000582,0
320000,nan,4.2,-1.4500095346647868e-07,4.3103346824646,0.44669413566589355,4.310334747235675,-110.33474723567505,28965326.776081897,100.0,0.0,17,sleep,6.7810000000026776,0
320000,nan,4.2,-1.4500095346647868e-07,4.3103346824646,0.44669413566589355,4.310334747235675,-110.33474723567505,28965326.776081897,100.0,0.0,17,sleep,6.827999999994063,0
320000,nan,4.2,-1.4500095346647868e-07,4.3103346824646,0.44669413566589355,4.310334747235675,-110.33474723567505,28965326.776081897,100.0,0.0,17,sleep,6.89100000000326,0
320000,nan,4.2,-1.4500095346647868e-07,4.3103346824646,0.44669413566589355,4.310334747235675,-110.33474723567505,28965326.776081897,100.0,0.0,17,sleep,6.937999999994645,0
320000,nan,4.2,-1.4500095346647868e-07,4.3103346824646,0.44669413566589355,4.310334747235675,-110.33474723567505,28965326.776081897,100.0,0.0,17,sleep,6.985000000000582,0
320000,nan,4.2,-1.4500095346647868e-07,4.3103346824646,0.44669413566589355,4.310334747235675,-110.33474723567505,28965326.776081897,100.0,0.0,17,sleep,7.0310000000026776,0
320000,nan,4.2,-1.4500095346647868e-07,4.3103346824646,0.44669413566589355,4.310334747235675,-110.33474723567505,28965326.776081897,100.0,0.0,17,sleep,7.077999999994063,0
100,nan,4.2,-1.4500095346647868e-07,4.3103346824646,0.44669413566589355,4.310334747235675,-110.33474723567505,28965326.776081897,100.0,0.0,17,tx,7.125,0
100,nan,4.2,-9.224992027156986e-06,4.3103346824646,0.44669413566589355,4.31033880321444,-110.33880321443945,455284.9463322931,100.0,0.0,18,tx,7.187999999994645,0
100,nan,4.2,-9.224992027156986e-06,4.3103346824646,0.44669413566589355,4.31033880321444,-110.33880321443945,455284.9463322931,100.0,0.0,18,tx,7.235000000000582,0
100,nan,4.2,-9.224992027156986e-06,4.3103346824646,0.44669413566589355,4.31033880321444,-110.33880321443945,455284.9463322931,100.0,0.0,18,tx,7.2810000000026776,0
100,nan,4.2,-9.224992027156986e-06,4.3103346824646,0.44669413566589355,4.31033880321444,-110.33880321443945,455284.9463322931,100.0,0.0,18,tx,7.327999999994063,0
100,nan,4.2,-9.224992027156986e-06,4.3103346824646,0.44669413566589355,4.31033880321444,-110.33880321443945,455284.9463322931,100.0,0.0,18,tx,7.39100000000326,0
100,nan,4.2,-9.224992027156986e-06,4.3103346824646,0.44669413566589355,4.31033880321444,-110.33880321443945,455284.9463322931,100.0,0.0,18,tx,7.437999999994645,0
100,nan,4.2,-9.224992027156986e-06,4.3103346824646,0.44669413566589355,4.31033880321444,-110.33880321443945,455284.9463322931,100.0,0.0,18,tx,7.485000000000582,0
320000,nan,4.2,-9.224992027156986e-06,4.3103346824646,0.44669413566589355,4.31033880321444,-110.33880321443945,455284.9463322931,100.0,0.0,18,sleep,7.5310000000026776,0
320000,nan,4.2,-9.224992027156986e-06,4.3103346824646,0.44669413566589355,4.31033880321444,-110.33880321443945,455284.9463322931,100.0,0.0,18,sleep,7.5939999999973224,0
320000,nan,4.2,-9.224992027156986e-06,4.3103346824646,0.44669413566589355,4.31033880321444,-110.33880321443945,455284.9463322931,100.0,0.0,18,sleep,7.64100000000326,0
320000,nan,4.2,-9.594991752237547e-06,4.3103346824646,0.44669413566589355,4.3103389684911475,-110.33896849114733,437728.3595914048,100.0,0.0,19,sleep,7.687999999994645,0
320000,nan,4.2,-9.594991752237547e-06,4.3103346824646,0.44669413566589355,4.3103389684911475,-110.33896849114733,437728.3595914048,100.0,0.0,19,sleep,7.735000000000582,0
320000,nan,4.2,-9.594991752237547e-06,4.3103346824646,0.44669413566589355,4.3103389684911475,-110.33896849114733,437728.3595914048,100.0,0.0,19,sleep,7.797000000005937,0
320000,nan,4.2,-9.594991752237547e-06,4.3103346824646,0.44669413566589355,4.3103389684911475,-110.33896849114733,437728.3595914048,100.0,0.0,19,sleep,7.8439999999973224,0
320000,nan,4.2,-9.594991752237547e-06,4.3103346824646,0.44669413566589355,4.3103389684911475,-110.33896849114733,437728.3595914048,100.0,0.0,19,sleep,7.89100000000326,0
320000,nan,4.2,-9.594991752237547e-06,4.3103346824646,0.44669413566589355,4.3103389684911475,-110.33896849114733,437728.3595914048,100.0,0.0,19,sleep,7.937999999994645,0
320000,nan,4.2,-9.594991752237547e-06,4.3103346824646,0.44669413566589355,4.3103389684911475,-110.33896849114733,437728.3595914048,100.0,0.0,19,sleep,7.985000000000582,0
320000,nan,4.2,-9.594991752237547e-06,4.3103346824646,0.44669413566589355,4.3103389684911475,-110.33896849114733,437728.3595914048,100.0,0.0,19,sleep,8.047000000005937,0
320000,nan,4.2,-9.594991752237547e-06,4.3103346824646,0.44669413566589355,4.3103389684911475,-110.33896849114733,437728.3595914048,100.0,0.0,19,sleep,8.093999999997322,0
320000,nan,4.2,-9.594991752237547e-06,4.3103346824646,0.44669413566589355,4.3103389684911475,-110.33896849114733,437728.3595914048,100.0,0.0,19,sleep,8.14100000000326,0
320000,nan,4.2,-9.594991752237547e-06,4.3103346824646,0.44669413566589355,4.3103389684911475,-110.33896849114733,437728.3595914048,100.0,0.0,19,sleep,8.187999999994645,0
320000,nan,4.2,0.014436007477343082,4.3103346824646,0.44669413566589355,4.303886202582041,-103.88620258204107,290.9391676744269,99.99961825150832,0.0020050010385198724,20,sleep,8.235000000000582,0
320000,nan,4.2,0.014436007477343082,4.3103346824646,0.44669413566589355,4.303886202582041,-103.88620258204107,290.9391676744269,99.99961825150832,0.0020050010385198724,20,sleep,8.297000000005937,0
320000,nan,4.2,0.014436007477343082,4.3103346824646,0.44669413566589355,4.303886202582041,-103.88620258204107,290.9391676744269,99.99961825150832,0.0020050010385198724,20,sleep,8.343999999997322,0
320000,nan,4.2,0.014436007477343082,4.3103346824646,0.44669413566589355,4.303886202582041,-103.88620258204107,290.9391676744269,99.99961825150832,0.0020050010385198724,20,sleep,8.39100000000326,0
320000,nan,4.2,0.014436007477343082,4.3103346824646,0.44669413566589355,4.303886202582041,-103.88620258204107,290.9391676744269,99.99961825150832,0.0020050010385198724,20,sleep,8.437999999994645,0
320000,nan,4.2,0.014436007477343082,4.3103346824646,0.44669413566589355,4.303886202582041,-103.88620258204107,290.9391676744269,99.99961825150832,0.0020050010385198724,20,sleep,8.485000000000582,0
320000,nan,4.2,0.014436007477343082,4.3103346824646,0.44669413566589355,4.303886202582041,-103.88620258204107,290.9391676744269,99.99961825150832,0.0020050010385198724,20,sleep,8.547000000005937,0
320000,nan,4.2,0.014436007477343082,4.3103346824646,0.44669413566589355,4.303886202582041,-103.88620258204107,290.9391676744269,99.99961825150832,0.0020050010385198724,20,sleep,8.593999999997322,0
320000,nan,4.2,0.014436007477343082,4.3103346824646,0.44669413566589355,4.303886202582041,-103.88620258204107,290.9391676744269,99.99961825150832,0.0020050010385198724,20,sleep,8.64100000000326,0
320000,nan,4.2,0.014436007477343082,4.3103346824646,0.44669413566589355,4.303886202582041,-103.88620258204107,290.9391676744269,99.99961825150832,0.0020050010385198724,20,sleep,8.687999999994645,0
320000,nan,4.2,-6.75999945087824e-06,4.3103346824646,0.44669413566589355,4.310337702116711,-110.3377021167109,621301.825616916,99.99961843599142,0.0020040321052652676,21,sleep,8.735000000000582,0
320000,nan,4.2,-6.75999945087824e-06,4.3103346824646,0.44669413566589355,4.310337702116711,-110.3377021167109,621301.825616916,99.99961843599142,0.0020040321052652676,21,sleep,8.797000000005937,0
320000,nan,4.2,-6.75999945087824e-06,4.3103346824646,0.44669413566589355,4.310337702116711,-110.3377021167109,621301.825616916,99.99961843599142,0.0020040321052652676,21,sleep,8.843999999997322,0
320000,nan,4.2,-6.75999945087824e-06,4.3103346824646,0.44669413566589355,4.310337702116711,-110.3377021167109,621301.825616916,99.99961843599142,0.0020040321052652676,21,sleep,8.89100000000326,0
320000,nan,4.2,-6.75999945087824e-06,4.3103346824646,0.44669413566589355,4.310337702116711,-110.3377021167109,621301.825616916,99.99961843599142,0.0020040321052652676,21,sleep,8.937999999994645,0
320000,nan,4.2,-6.75999945087824e-06,4.3103346824646,0.44669413566589355,4.310337702116711,-110.3377021167109,621301.825616916,99.99961843599142,0.0020040321052652676,21,sleep,8.985000000000582,0
320000,nan,4.2,-6.75999945087824e-06,4.3103346824646,0.44669413566589355,4.310337702116711,-110.3377021167109,621301.825616916,99.99961843599142,0.0020040321052652676,21,sleep,9.047000000005937,0
320000,nan,4.2,-6.75999945087824e-06,4.3103346824646,0.44669413566589355,4.310337702116711,-110.3377021167109,621301.825616916,99.99961843599142,0.0020040321052652676,21,sleep,9.093999999997322,0
320000,nan,4.2,-6.75999945087824e-06,4.3103346824646,0.44669413566589355,4.310337702116711,-110.3377021167109,621301.825616916,99.99961843599142,0.0020040321052652676,21,sleep,9.14100000000326,0
320000,nan,4.2,-6.75999945087824e-06,4.3103346824646,0.44669413566589355,4.310337702116711,-110.3377021167109,621301.825616916,99.99961843599142,0.0020040321052652676,21,sleep,9.187999999994645,0
320000,nan,4.2,-8.779998097452335e-06,4.3103346824646,0.44669413566589355,4.310338604438261,-110.33860443826083,478360.0125401737,99.99961867513673,0.002002776077759661,22,sleep,9.235000000000582,0
320000,nan,4.2,-8.779998097452335e-06,4.3103346824646,0.44669413566589355,4.310338604438261,-110.33860443826083,478360.0125401737,99.99961867513673,0.002002776077759661,22,sleep,9.297000000005937,0
320000,nan,4.2,-8.779998097452335e-06,4.3103346824646,0.44669413566589355,4.310338604438261,-110.33860443826083,478360.0125401737,99.99961867513673,0.002002776077759661,22,sleep,9.343999999997322,0
320000,nan,4.2,-8.779998097452335e-06,4.3103346824646,0.44669413566589355,4.310338604438261,-110.33860443826083,478360.0125401737,99.99961867513673,0.002002776077759661,22,sleep,9.39100000000326,0
320000,nan,4.2,-8.779998097452335e-06,4.3103346824646,0.44669413566589355,4.310338604438261,-110.33860443826083,478360.0125401737,99.99961867513673,0.002002776077759661,22,sleep,9.437999999994645,0
320000,nan,4.2,-8.779998097452335e-06,4.3103346824646,0.44669413566589355,4.310338604438261,-110.33860443826083,478360.0125401737,99.99961867513673,0.002002776077759661,22,sleep,9.485000000000582,0
320000,nan,4.2,-8.779998097452335e-06,4.3103346824646,0.44669413566589355,4.310338604438261,-110.33860443826083,478360.0125401737,99.99961867513673,0.002002776077759661,22,sleep,9.547000000005937,0
320000,nan,4.2,-8.779998097452335e-06,4.3103346824646,0.44669413566589355,4.310338604438261,-110.33860443826083,478360.0125401737,99.99961867513673,0.002002776077759661,22,sleep,9.593999999997322,0
320000,nan,4.2,-8.779998097452335e-06,4.3103346824646,0.44669413566589355,4.310338604438261,-110.33860443826083,478360.0125401737,99.99961867513673,0.002002776077759661,22,sleep,9.64100000000326,0
320000,nan,4.2,-8.779998097452335e-06,4.3103346824646,0.44669413566589355,4.310338604438261,-110.33860443826083,478360.0125401737,99.99961867513673,0.002002776077759661,22,sleep,9.687999999994645,0
320000,nan,4.2,-8.784998499322683e-06,4.3103346824646,0.44669413566589355,4.310338606671911,-110.33860667191053,478087.731070622,99.99961891488289,0.002001516894641417,23,sleep,9.735000000000582,0
320000,nan,4.2,-8.784998499322683e-06,4.3103346824646,0.44669413566589355,4.310338606671911,-110.33860667191053,478087.731070622,99.99961891488289,0.002001516894641417,23,sleep,9.797000000005937,0
320000,nan,4.2,-8.784998499322683e-06,4.3103346824646,0.44669413566589355,4.310338606671911,-110.33860667191053,478087.731070622,99.99961891488289,0.002001516894641417,23,sleep,9.843999999997322,0
320000,nan,4.2,-8.784998499322683e-06,4.3103346824646,0.44669413566589355,4.310338606671911,-110.33860667191053,478087.731070622,99.99961891488289,0.002001516894641417,23,sleep,9.89100000000326,0
320000,nan,4.2,-8.784998499322683e-06,4.3103346824646,0.44669413566589355,4.310338606671911,-110.33860667191053,478087.731070622,99.99961891488289,0.002001516894641417,23,sleep,9.937999999994645,0
320000,nan,4.2,-8.784998499322683e-06,4.3103346824646,0.44669413566589355,4.310338606671911,-110.33860667191053,478087.731070622,99.99961891488289,0.002001516894641417,23,sleep,9.985000000000582,0
320000,nan,4.2,-8.784998499322683e-06,4.3103346824646,0.44669413566589355,4.310338606671911,-110.33860667191053,478087.731070622,99.99961891488289,0.002001516894641417,23,sleep,10.047000000005937,0
320000,nan,4.2,-8.784998499322683e-06,4.3103346824646,0.44669413566589355,4.310338606671911,-110.33860667191053,478087.731070622,99.99961891488289,0.002001516894641417,23,sleep,10.093999999997322,0
320000,nan,4.2,-8.784998499322683e-06,4.3103346824646,0.44669413566589355,4.310338606671911,-110.33860667191053,478087.731070622,99.99961891488289,0.002001516894641417,23,sleep,10.14100000000326,0
320000,nan,4.2,-8.784998499322683e-06,4.3103346824646,0.44669413566589355,4.310338606671911,-110.33860667191053,478087.731070622,99.99961891488289,0.002001516894641417,23,sleep,10.187999999994645,0
320000,nan,4.2,-8.784998499322683e-06,4.3103346824646,0.44669413566589355,4.310338606671911,-110.33860667191053,478087.731070622,99.99961891488289,0.002001516894641417,23,sleep,10.235000000000582,0
320000,nan,4.2,-3.860004198941169e-06,4.3103346824646,0.44669413566589355,4.310336406705839,-110.336406705839,1088081.7179297614,99.99961901695755,0.0020009807829471198,24,sleep,10.297000000005937,0
320000,nan,4.2,-3.860004198941169e-06,4.3103346824646,0.44669413566589355,4.310336406705839,-110.336406705839,1088081.7179297614,99.99961901695755,0.0020009807829471198,24,sleep,10.343999999997322,0
320000,nan,4.2,-3.860004198941169e-06,4.3103346824646,0.44669413566589355,4.310336406705839,-110.336406705839,1088081.7179297614,99.99961901695755,0.0020009807829471198,24,sleep,10.39100000000326,0
320000,nan,4.2,-3.860004198941169e-06,4.3103346824646,0.44669413566589355,4.310336406705839,-110.336406705839,1088081.7179297614,99.99961901695755,0.0020009807829471198,24,sleep,10.437999999994645,0
320000,nan,4.2,-3.860004198941169e-06,4.3103346824646,0.44669413566589355,4.310336406705839,-110.336406705839,1088081.7179297614,99.99961901695755,0.0020009807829471198,24,sleep,10.485000000000582,0
320000,nan,4.2,-3.860004198941169e-06,4.3103346824646,0.44669413566589355,4.310336406705839,-110.336406705839,1088081.7179297614,99.99961901695755,0.0020009807829471198,24,sleep,10.547000000005937,0
320000,nan,4.2,-3.860004198941169e-06,4.3103346824646,0.44669413566589355,4.310336406705839,-110.336406705839,1088081.7179297614,99.99961901695755,0.0020009807829471198,24,sleep,10.593999999997322,0
320000,nan,4.2,-3.860004198941169e-06,4.3103346824646,0.44669413566589355,4.310336406705839,-110.336406705839,1088081.7179297614,99.99961901695755,0.0020009807829471198,24,sleep,10.64100000000326,0
320000,nan,4.2,-3.860004198941169e-06,4.3103346824646,0.44669413566589355,4.310336406705839,-110.336406705839,1088081.7179297614,99.99961901695755,0.0020009807829471198,24,sleep,10.687999999994645,0
320000,nan,4.2,-3.860004198941169e-06,4.3103346824646,0.44669413566589355,4.310336406705839,-110.336406705839,1088081.7179297614,99.99961901695755,0.0020009807829471198,24,sleep,10.735000000000582,0
320000,nan,4.2,-4.280003395251697e-06,4.3103346824646,0.44669413566589355,4.310336594317017,-110.33659431701714,981307.6327601857,99.99961913376056,0.0020003673157937964,25,sleep,10.797000000005937,0
320000,nan,4.2,-4.280003395251697e-06,4.3103346824646,0.44669413566589355,4.310336594317017,-110.33659431701714,981307.6327601857,99.99961913376056,0.0020003673157937964,25,sleep,10.843999999997322,0
320000,nan,4.2,-4.280003395251697e-06,4.3103346824646,0.44669413566589355,4.310336594317017,-110.33659431701714,981307.6327601857,99.99961913376056,0.0020003673157937964,25,sleep,10.89100000000326,0
320000,nan,4.2,-4.280003395251697e-06,4.3103346824646,0.44669413566589355,4.310336594317017,-110.33659431701714,981307.6327601857,99.99961913376056,0.0020003673157937964,25,sleep,10.937999999994645,0
320000,nan,4.2,-4.280003395251697e-06,4.3103346824646,0.44669413566589355,4.310336594317017,-110.33659431701714,981307.6327601857,99.99961913376056,0.0020003673157937964,25,sleep,10.985000000000582,0
320000,nan,4.2,-4.280003395251697e-06,4.3103346824646,0.44669413566589355,4.310336594317017,-110.33659431701714,981307.6327601857,99.99961913376056,0.0020003673157937964,25,sleep,11.047000000005937,0
320000,nan,4.2,-4.280003395251697e-06,4.3103346824646,0.44669413566589355,4.310336594317017,-110.33659431701714,981307.6327601857,99.99961913376056,0.0020003673157937964,25,sleep,11.093999999997322,0
320000,nan,4.2,-4.280003395251697e-06,4.3103346824646,0.44669413566589355,4.310336594317017,-110.33659431701714,981307.6327601857,99.99961913376056,0.0020003673157937964,25,sleep,11.14100000000326,0
320000,nan,4.2,-4.280003395251697e-06,4.3103346824646,0.44669413566589355,4.310336594317017,-110.33659431701714,981307.6327601857,99.99961913376056,0.0020003673157937964,25,sleep,11.187999999994645,0
320000,nan,4.2,-4.280003395251697e-06,4.3103346824646,0.44669413566589355,4.310336594317017,-110.33659431701714,981307.6327601857,99.99961913376056,0.0020003673157937964,25,sleep,11.235000000000582,0
320000,nan,4.2,4.379997335490771e-06,4.3103346824646,0.44669413566589355,4.310332725945476,-110.33272594547583,958904.6929247499,99.99961901446032,0.002000993898745956,26,sleep,11.297000000005937,0
320000,nan,4.2,4.379997335490771e-06,4.3103346824646,0.44669413566589355,4.310332725945476,-110.33272594547583,958904.6929247499,99.99961901446032,0.002000993898745956,26,sleep,11.343999999997322,0
320000,nan,4.2,4.379997335490771e-06,4.3103346824646,0.44669413566589355,4.310332725945476,-110.33272594547583,958904.6929247499,99.99961901446032,0.002000993898745956,26,sleep,11.39100000000326,0
320000,nan,4.2,4.379997335490771e-06,4.3103346824646,0.44669413566589355,4.310332725945476,-110.33272594547583,958904.6929247499,99.99961901446032,0.002000993898745956,26,sleep,11.437999999994645,0
320000,nan,4.2,4.379997335490771e-06,4.3103346824646,0.44669413566589355,4.310332725945476,-110.33272594547583,958904.6929247499,99.99961901446032,0.002000993898745956,26,sleep,11.485000000000582,0
320000,nan,4.2,4.379997335490771e-06,4.3103346824646,0.44669413566589355,4.310332725945476,-110.33272594547583,958904.6929247499,99.99961901446032,0.002000993898745956,26,sleep,11.547000000005937,0
320000,nan,4.2,4.379997335490771e-06,4.3103346824646,0.44669413566589355,4.310332725945476,-110.33272594547583,958904.6929247499,99.99961901446032,0.002000993898745956,26,sleep,11.593999999997322,0
320000,nan,4.2,4.379997335490771e-06,4.3103346824646,0.44669413566589355,4.310332725945476,-110.33272594547583,958904.6929247499,99.99961901446032,0.002000993898745956,26,sleep,11.64100000000326,0
320000,nan,4.2,4.379997335490771e-06,4.3103346824646,0.44669413566589355,4.310332725945476,-110.33272594547583,958904.6929247499,99.99961901446032,0.002000993898745956,26,sleep,11.687999999994645,0
320000,nan,4.2,4.379997335490771e-06,4.3103346824646,0.44669413566589355,4.310332725945476,-110.33272594547583,958904.6929247499,99.99961901446032,0.002000993898745956,26,sleep,11.735000000000582,0
320000,nan,4.2,-6.724997547280509e-06,4.3103346824646,0.44669413566589355,4.310337686481566,-110.33768648156617,624535.5437636432,99.99961919229743,0.002000059871308834,27,sleep,11.797000000005937,0
320000,nan,4.2,-6.724997547280509e-06,4.3103346824646,0.44669413566589355,4.310337686481566,-110.33768648156617,624535.5437636432,99.99961919229743,0.002000059871308834,27,sleep,11.843999999997322,0
320000,nan,4.2,-6.724997547280509e-06,4.3103346824646,0.44669413566589355,4.310337686481566,-110.33768648156617,624535.5437636432,99.99961919229743,0.002000059871308834,27,sleep,11.89100000000326,0
320000,nan,4.2,-6.724997547280509e-06,4.3103346824646,0.44669413566589355,4.310337686481566,-110.33768648156617,624535.5437636432,99.99961919229743,0.002000059871308834,27,sleep,11.937999999994645,0
320000,nan,4.2,-6.724997547280509e-06,4.3103346824646,0.44669413566589355,4.310337686481566,-110.33768648156617,624535.5437636432,99.99961919229743,0.002000059871308834,27,sleep,11.985000000000582,0
320000,nan,4.2,-6.724997547280509e-06,4.3103346824646,0.44669413566589355,4.310337686481566,-110.33768648156617,624535.5437636432,99.99961919229743,0.002000059871308834,27,sleep,12.047000000005937,0
320000,nan,4.2,-6.724997547280509e-06,4.3103346824646,0.44669413566589355,4.310337686481566,-110.33768648156617,624535.5437636432,99.99961919229743,0.002000059871308834,27,sleep,12.093999999997322,0
320000,nan,4.2,-6.724997547280509e-06,4.3103346824646,0.44669413566589355,4.310337686481566,-110.33768648156617,624535.5437636432,99.99961919229743,0.002000059871308834,27,sleep,12.14100000000326,0
320000,nan,4.2,-6.724997547280509e-06,4.3103346824646,0.44669413566589355,4.310337686481566,-110.33768648156617,624535.5437636432,99.99961919229743,0.002000059871308834,27,sleep,12.187999999994645,0
320000,nan,4.2,-6.724997547280509e-06,4.3103346824646,0.44669413566589355,4.310337686481566,-110.33768648156617,624535.5437636432,99.99961919229743,0.002000059871308834,27,sleep,12.235000000000582,0
320000,nan,4.2,-7.164997441577725e-06,4.3103346824646,0.44669413566589355,4.310337883026939,-110.33788302693904,586183.0425266927,99.99961938783308,0.0019990328883422014,28,sleep,12.297000000005937,0
320000,nan,4.2,-7.164997441577725e-06,4.3103346824646,0.44669413566589355,4.310337883026939,-110.33788302693904,586183.0425266927,99.99961938783308,0.0019990328883422014,28,sleep,12.343999999997322,0
320000,nan,4.2,-7.164997441577725e-06,4.3103346824646,0.44669413566589355,4.310337883026939,-110.33788302693904,586183.0425266927,99.99961938783308,0.0019990328883422014,28,sleep,12.39100000000326,0
320000,nan,4.2,-7.164997441577725e-06,4.3103346824646,0.44669413566589355,4.310337883026939,-110.33788302693904,586183.0425266927,99.99961938783308,0.0019990328883422014,28,sleep,12.437999999994645,0
320000,nan,4.2,-7.164997441577725e-06,4.3103346824646,0.44669413566589355,4.310337883026939,-110.33788302693904,586183.0425266927,99.99961938783308,0.0019990328883422014,28,sleep,12.485000000000582,0
320000,nan,4.2,-7.164997441577725e-06,4.3103346824646,0.44669413566589355,4.310337883026939,-110.33788302693904,586183.0425266927,99.99961938783308,0.0019990328883422014,28,sleep,12.531000000002678,1
320000,nan,4.2,-7.164997441577725e-06,4.3103346824646,0.44669413566589355,4.310337883026939,-110.33788302693904,586183.0425266927,99.99961938783308,0.0019990328883422014,28,sleep,12.593999999997322,1
320000,nan,4.2,-7.164997441577725e-06,4.3103346824646,0.44669413566589355,4.310337883026939,-110.33788302693904,586183.0425266927,99.99961938783308,0.0019990328883422014,28,sleep,12.64100000000326,1
320000,nan,4.2,-7.164997441577725e-06,4.3103346824646,0.44669413566589355,4.310337883026939,-110.33788302693904,586183.0425266927,99.99961938783308,0.0019990328883422014,28,sleep,12.687999999994645,1
320000,nan,4.2,-7.164997441577725e-06,4.3103346824646,0.44669413566589355,4.310337883026939,-110.33788302693904,586183.0425266927,99.99961938783308,0.0019990328883422014,28,sleep,12.735000000000582,1
320000,nan,4.2,-5.850000093232666e-07,4.3103346824646,0.44669413566589355,4.310334943780673,-110.3349437806731,7179487.065066203,99.99961940330294,0.0019989516383409067,29,sleep,12.797000000005937,1
320000,nan,4.2,-5.850000093232666e-07,4.3103346824646,0.44669413566589355,4.310334943780673,-110.3349437806731,7179487.065066203,99.99961940330294,0.0019989516383409067,29,sleep,12.843999999997322,1
320000,nan,4.2,-5.850000093232666e-07,4.3103346824646,0.44669413566589355,4.310334943780673,-110.3349437806731,7179487.065066203,99.99961940330294,0.0019989516383409067,29,sleep,12.89100000000326,1
320000,nan,4.2,-5.850000093232666e-07,4.3103346824646,0.44669413566589355,4.310334943780673,-110.3349437806731,7179487.065066203,99.99961940330294,0.0019989516383409067,29,sleep,12.937999999994645,1
320000,nan,4.2,-5.850000093232666e-07,4.3103346824646,0.44669413566589355,4.310334943780673,-110.3349437806731,7179487.065066203,99.99961940330294,0.0019989516383409067,29,sleep,12.985000000000582,1
320000,nan,4.2,-5.850000093232666e-07,4.3103346824646,0.44669413566589355,4.310334943780673,-110.3349437806731,7179487.065066203,99.99961940330294,0.0019989516383409067,29,sleep,13.047000000005937,1
320000,nan,4.2,-5.850000093232666e-07,4.3103346824646,0.44669413566589355,4.310334943780673,-110.3349437806731,7179487.065066203,99.99961940330294,0.0019989516383409067,29,sleep,13.093999999997322,1
320000,nan,4.2,-5.850000093232666e-07,4.3103346824646,0.44669413566589355,4.310334943780673,-110.3349437806731,7179487.065066203,99.99961940330294,0.0019989516383409067,29,sleep,13.14100000000326,1
320000,nan,4.2,-5.850000093232666e-07,4.3103346824646,0.44669413566589355,4.310334943780673,-110.3349437806731,7179487.065066203,99.99961940330294,0.0019989516383409067,29,sleep,13.187999999994645,1
320000,nan,4.2,-5.850000093232666e-07,4.3103346824646,0.44669413566589355,4.310334943780673,-110.3349437806731,7179487.065066203,99.99961940330294,0.0019989516383409067,29,sleep,13.235000000000582,1
320000,nan,4.2,-5.850000093232666e-07,4.3103346824646,0.44669413566589355,4.310334943780673,-110.3349437806731,7179487.065066203,99.99961940330294,0.0019989516383409067,29,sleep,13.297000000005937,1
320000,nan,4.2,-4.2500014387769625e-06,4.3103346824646,0.44669413566589355,4.310336580915319,-110.33658091531873,988234.9595647781,99.9996195190624,0.0019983436520239714,30,sleep,13.343999999997322,1
320000,nan,4.2,-4.2500014387769625e-06,4.3103346824646,0.44669413566589355,4.310336580915319,-110.33658091531873,988234.9595647781,99.9996195190624,0.0019983436520239714,30,sleep,13.39100000000326,1
320000,nan,4.2,-4.2500014387769625e-06,4.3103346824646,0.44669413566589355,4.310336580915319,-110.33658091531873,988234.9595647781,99.9996195190624,0.0019983436520239714,30,sleep,13.437999999994645,1
320000,nan,4.2,-4.2500014387769625e-06,4.3103346824646,0.44669413566589355,4.310336580915319,-110.33658091531873,988234.9595647781,99.9996195190624,0.0019983436520239714,30,sleep,13.485000000000582,1
320000,nan,4.2,-4.2500014387769625e-06,4.3103346824646,0.44669413566589355,4.310336580915319,-110.33658091531873,988234.9595647781,99.9996195190624,0.0019983436520239714,30,sleep,13.547000000005937,1
320000,nan,4.2,-4.2500014387769625e-06,4.3103346824646,0.44669413566589355,4.310336580915319,-110.33658091531873,988234.9595647781,99.9996195190624,0.0019983436520239714,30,sleep,13.593999999997322,1
320000,nan,4.2,-4.2500014387769625e-06,4.3103346824646,0.44669413566589355,4.310336580915319,-110.33658091531873,988234.9595647781,99.9996195190624,0.0019983436520239714,30,sleep,13.64100000000326,1
320000,nan,4.2,-4.2500014387769625e-06,4.3103346824646,0.44669413566589355,4.310336580915319,-110.33658091531873,988234.9595647781,99.9996195190624,0.0019983436520239714,30,sleep,13.687999999994645,1
320000,nan,4.2,-4.2500014387769625e-06,4.3103346824646,0.44669413566589355,4.310336580915319,-110.33658091531873,988234.9595647781,99.9996195190624,0.0019983436520239714,30,sleep,13.735000000000582,1
320000,nan,4.2,-4.2500014387769625e-06,4.3103346824646,0.44669413566589355,4.310336580915319,-110.33658091531873,988234.9595647781,99.9996195190624,0.0019983436520239714,30,sleep,13.797000000005937,1
320000,nan,4.2,-1.2909998986287974e-05,4.3103346824646,0.44669413566589355,4.310340449285438,-110.34044928543807,325329.2277141867,99.99961987138147,0.001996493218835925,31,sleep,13.843999999997322,1
320000,nan,4.2,-1.2909998986287974e-05,4.3103346824646,0.44669413566589355,4.310340449285438,-110.34044928543807,325329.2277141867,99.99961987138147,0.001996493218835925,31,sleep,13.89100000000326,1
320000,nan,4.2,-1.2909998986287974e-05,4.3103346824646,0.44669413566589355,4.310340449285438,-110.34044928543807,325329.2277141867,99.99961987138147,0.001996493218835925,31,sleep,13.937999999994645,1
320000,nan,4.2,-1.2909998986287974e-05,4.3103346824646,0.44669413566589355,4.310340449285438,-110.34044928543807,325329.2277141867,99.99961987138147,0.001996493218835925,31,sleep,13.985000000000582,1
320000,nan,4.2,-1.2909998986287974e-05,4.3103346824646,0.44669413566589355,4.310340449285438,-110.34044928543807,325329.2277141867,99.99961987138147,0.001996493218835925,31,sleep,14.047000000005937,1
320000,nan,4.2,-1.2909998986287974e-05,4.3103346824646,0.44669413566589355,4.310340449285438,-110.34044928543807,325329.2277141867,99.99961987138147,0.001996493218835925,31,sleep,14.093999999997322,1
320000,nan,4.2,-1.2909998986287974e-05,4.3103346824646,0.44669413566589355,4.310340449285438,-110.34044928543807,325329.2277141867,99.99961987138147,0.001996493218835925,31,sleep,14.14100000000326,1
320000,nan,4.2,-1.2909998986287974e-05,4.3103346824646,0.44669413566589355,4.310340449285438,-110.34044928543807,325329.2277141867,99.99961987138147,0.001996493218835925,31,sleep,14.187999999994645,1
320000,nan,4.2,-1.2909998986287974e-05,4.3103346824646,0.44669413566589355,4.310340449285438,-110.34044928543807,325329.2277141867,99.99961987138147,0.001996493218835925,31,sleep,14.235000000000582,1
320000,nan,4.2,-1.2909998986287974e-05,4.3103346824646,0.44669413566589355,4.310340449285438,-110.34044928543807,325329.2277141867,99.99961987138147,0.001996493218835925,31,sleep,14.297000000005937,1
320000,nan,4.2,-1.450002287128882e-07,4.3103346824646,0.44669413566589355,4.310334747235351,-110.33474723535086,28965471.553264435,99.99961987533858,0.00199647243546981,32,sleep,14.343999999997322,1
320000,nan,4.2,-1.450002287128882e-07,4.3103346824646,0.44669413566589355,4.310334747235351,-110.33474723535086,28965471.553264435,99.99961987533858,0.00199647243546981,32,sleep,14.39100000000326,1
320000,nan,4.2,-1.450002287128882e-07,4.3103346824646,0.44669413566589355,4.310334747235351,-110.33474723535086,28965471.553264435,99.99961987533858,0.00199647243546981,32,sleep,14.437999999994645,1
320000,nan,4.2,-1.450002287128882e-07,4.3103346824646,0.44669413566589355,4.310334747235351,-110.33474723535086,28965471.553264435,99.99961987533858,0.00199647243546981,32,sleep,14.485000000000582,1
320000,nan,4.2,-1.450002287128882e-07,4.3103346824646,0.44669413566589355,4.310334747235351,-110.33474723535086,28965471.553264435,99.99961987533858,0.00199647243546981,32,sleep,14.547000000005937,1
320000,nan,4.2,-1.450002287128882e-07,4.3103346824646,0.44669413566589355,4.310334747235351,-110.33474723535086,28965471.553264435,99.99961987533858,0.00199647243546981,32,sleep,14.593999999997322,1
320000,nan,4.2,-1.450002287128882e-07,4.3103346824646,0.44669413566589355,4.310334747235351,-110.33474723535086,28965471.553264435,99.99961987533858,0.00199647243546981,32,sleep,14.64100000000326,1
320000,nan,4.2,-1.450002287128882e-07,4.3103346824646,0.44669413566589355,4.310334747235351,-110.33474723535086,28965471.553264435,99.99961987533858,0.00199647243546981,32,sleep,14.687999999994645,1
320000,nan,4.2,-1.450002287128882e-07,4.3103346824646,0.44669413566589355,4.310334747235351,-110.33474723535086,28965471.553264435,99.99961987533858,0.00199647243546981,32,sleep,14.735000000000582,1
320000,nan,4.2,-1.450002287128882e-07,4.3103346824646,0.44669413566589355,4.310334747235351,-110.33474723535086,28965471.553264435,99.99961987533858,0.00199647243546981,32,sleep,14.797000000005937,1
320000,nan,4.2,-5.699995426766691e-07,4.3103346824646,0.44669413566589355,4.310334937080053,-110.3349370800526,7368426.964479935,99.99961989041175,0.0019963932688666602,33,sleep,14.843999999997322,1
320000,nan,4.2,-5.699995426766691e-07,4.3103346824646,0.44669413566589355,4.310334937080053,-110.3349370800526,7368426.964479935,99.99961989041175,0.0019963932688666602,33,sleep,14.89100000000326,1
320000,nan,4.2,-5.699995426766691e-07,4.3103346824646,0.44669413566589355,4.310334937080053,-110.3349370800526,7368426.964479935,99.99961989041175,0.0019963932688666602,33,sleep,14.937999999994645,1
320000,nan,4.2,-5.699995426766691e-07,4.3103346824646,0.44669413566589355,4.310334937080053,-110.3349370800526,7368426.964479935,99.99961989041175,0.0019963932688666602,33,sleep,14.985000000000582,1
320000,nan,4.2,-5.699995426766691e-07,4.3103346824646,0.44669413566589355,4.310334937080053,-110.3349370800526,7368426.964479935,99.99961989041175,0.0019963932688666602,33,sleep,15.047000000005937,1
320000,nan,4.2,-5.699995426766691e-07,4.3103346824646,0.44669413566589355,4.310334937080053,-110.3349370800526,7368426.964479935,99.99961989041175,0.0019963932688666602,33,sleep,15.093999999997322,1
320000,nan,4.2,-5.699995426766691e-07,4.3103346824646,0.44669413566589355,4.310334937080053,-110.3349370800526,7368426.964479935,99.99961989041175,0.0019963932688666602,33,sleep,15.14100000000326,1
320000,nan,4.2,-5.699995426766691e-07,4.3103346824646,0.44669413566589355,4.310334937080053,-110.3349370800526,7368426.964479935,99.99961989041175,0.0019963932688666602,33,sleep,15.187999999994645,1
320000,nan,4.2,-5.699995426766691e-07,4.3103346824646,0.44669413566589355,4.310334937080053,-110.3349370800526,7368426.964479935,99.99961989041175,0.0019963932688666602,33,sleep,15.235000000000582,1
320000,nan,4.2,-5.699995426766691e-07,4.3103346824646,0.44669413566589355,4.310334937080053,-110.3349370800526,7368426.964479935,99.99961989041175,0.0019963932688666602,33,sleep,15.297000000005937,1
320000,nan,4.2,-5.910002528253244e-06,4.3103346824646,0.44669413566589355,4.3103373224280706,-110.33732242807037,710659.5944623647,99.99962004669698,0.001995572435182181,34,sleep,15.343999999997322,1
320000,nan,4.2,-5.910002528253244e-06,4.3103346824646,0.44669413566589355,4.3103373224280706,-110.33732242807037,710659.5944623647,99.99962004669698,0.001995572435182181,34,sleep,15.39100000000326,1
320000,nan,4.2,-5.910002528253244e-06,4.3103346824646,0.44669413566589355,4.3103373224280706,-110.33732242807037,710659.5944623647,99.99962004669698,0.001995572435182181,34,sleep,15.437999999994645,1
320000,nan,4.2,-5.910002528253244e-06,4.3103346824646,0.44669413566589355,4.3103373224280706,-110.33732242807037,710659.5944623647,99.99962004669698,0.001995572435182181,34,sleep,15.485000000000582,1
320000,nan,4.2,-5.910002528253244e-06,4.3103346824646,0.44669413566589355,4.3103373224280706,-110.33732242807037,710659.5944623647,99.99962004669698,0.001995572435182181,34,sleep,15.547000000005937,1
320000,nan,4.2,-5.910002528253244e-06,4.3103346824646,0.44669413566589355,4.3103373224280706,-110.33732242807037,710659.5944623647,99.99962004669698,0.001995572435182181,34,sleep,15.593999999997322,1
320000,nan,4.2,-5.910002528253244e-06,4.3103346824646,0.44669413566589355,4.3103373224280706,-110.33732242807037,710659.5944623647,99.99962004669698,0.001995572435182181,34,sleep,15.64100000000326,1
320000,nan,4.2,-5.910002528253244e-06,4.3103346824646,0.44669413566589355,4.3103373224280706,-110.33732242807037,710659.5944623647,99.99962004669698,0.001995572435182181,34,sleep,15.687999999994645,1
320000,nan,4.2,-5.910002528253244e-06,4.3103346824646,0.44669413566589355,4.3103373224280706,-110.33732242807037,710659.5944623647,99.99962004669698,0.001995572435182181,34,sleep,15.735000000000582,1
320000,nan,4.2,-5.910002528253244e-06,4.3103346824646,0.44669413566589355,4.3103373224280706,-110.33732242807037,710659.5944623647,99.99962004669698,0.001995572435182181,34,sleep,15.797000000005937,1
320000,nan,4.2,-7.990001904545352e-06,4.3103346824646,0.44669413566589355,4.3103382515515944,-110.33825155159427,525656.9460403639,99.99962026432475,0.0019944294210208374,35,sleep,15.843999999997322,1
320000,nan,4.2,-7.990001904545352e-06,4.3103346824646,0.44669413566589355,4.3103382515515944,-110.33825155159427,525656.9460403639,99.99962026432475,0.0019944294210208374,35,sleep,15.89100000000326,1
320000,nan,4.2,-7.990001904545352e-06,4.3103346824646,0.44669413566589355,4.3103382515515944,-110.33825155159427,525656.9460403639,99.99962026432475,0.0019944294210208374,35,sleep,15.937999999994645,1
320000,nan,4.2,-7.990001904545352e-06,4.3103346824646,0.44669413566589355,4.3103382515515944,-110.33825155159427,525656.9460403639,99.99962026432475,0.0019944294210208374,35,sleep,15.985000000000582,1
320000,nan,4.2,-7.990001904545352e-06,4.3103346824646,0.44669413566589355,4.3103382515515944,-110.33825155159427,525656.9460403639,99.99962026432475,0.0019944294210208374,35,sleep,16.047000000005937,1
320000,nan,4.2,-7.990001904545352e-06,4.3103346824646,0.44669413566589355,4.3103382515515944,-110.33825155159427,525656.9460403639,99.99962026432475,0.0019944294210208374,35,sleep,16.093999999997322,1
320000,nan,4.2,-7.990001904545352e-06,4.3103346824646,0.44669413566589355,4.3103382515515944,-110.33825155159427,525656.9460403639,99.99962026432475,0.0019944294210208374,35,sleep,16.14100000000326,1
320000,nan,4.2,-7.990001904545352e-06,4.3103346824646,0.44669413566589355,4.3103382515515944,-110.33825155159427,525656.9460403639,99.99962026432475,0.0019944294210208374,35,sleep,16.187999999994645,1
320000,nan,4.2,-7.990001904545352e-06,4.3103346824646,0.44669413566589355,4.3103382515515944,-110.33825155159427,525656.9460403639,99.99962026432475,0.0019944294210208374,35,sleep,16.235000000000582,1
320000,nan,4.2,-7.990001904545352e-06,4.3103346824646,0.44669413566589355,4.3103382515515944,-110.33825155159427,525656.9460403639,99.99962026432475,0.0019944294210208374,35,sleep,16.297000000005937,1
320000,nan,4.2,2.6799991701409454e-06,4.3103346824646,0.44669413566589355,4.310333485324687,-110.3334853246869,1567164.6643752938,99.99962019345435,0.0019948016431278015,36,sleep,16.343999999997322,1
320000,nan,4.2,2.6799991701409454e-06,4.3103346824646,0.44669413566589355,4.310333485324687,-110.3334853246869,1567164.6643752938,99.99962019345435,0.0019948016431278015,36,sleep,16.39100000000326,1
320000,nan,4.2,2.6799991701409454e-06,4.3103346824646,0.44669413566589355,4.310333485324687,-110.3334853246869,1567164.6643752938,99.99962019345435,0.0019948016431278015,36,sleep,16.437999999994645,1
320000,nan,4.2,2.6799991701409454e-06,4.3103346824646,0.44669413566589355,4.310333485324687,-110.3334853246869,1567164.6643752938,99.99962019345435,0.0019948016431278015,36,sleep,16.485000000000582,1
320000,nan,4.2,2.6799991701409454e-06,4.3103346824646,0.44669413566589355,4.310333485324687,-110.3334853246869,1567164.6643752938,99.99962019345435,0.0019948016431278015,36,sleep,16.547000000005937,1
320000,nan,4.2,2.6799991701409454e-06,4.3103346824646,0.44669413566589355,4.310333485324687,-110.3334853246869,1567164.6643752938,99.99962019345435,0.0019948016431278015,36,sleep,16.593999999997322,1
320000,nan,4.2,2.6799991701409454e-06,4.3103346824646,0.44669413566589355,4.310333485324687,-110.3334853246869,1567164.6643752938,99.99962019345435,0.0019948016431278015,36,sleep,16.64100000000326,1
320000,nan,4.2,2.6799991701409454e-06,4.3103346824646,0.44669413566589355,4.310333485324687,-110.3334853246869,1567164.6643752938,99.99962019345435,0.0019948016431278015,36,sleep,16.687999999994645,1
320000,nan,4.2,2.6799991701409454e-06,4.3103346824646,0.44669413566589355,4.310333485324687,-110.3334853246869,1567164.6643752938,99.99962019345435,0.0019948016431278015,36,sleep,16.735000000000582,1
320000,nan,4.2,2.6799991701409454e-06,4.3103346824646,0.44669413566589355,4.310333485324687,-110.3334853246869,1567164.6643752938,99.99962019345435,0.0019948016431278015,36,sleep,16.797000000005937,1
320000,nan,4.2,-2.2199994873517426e-06,4.3103346824646,0.44669413566589355,4.310335674125352,-110.33567412535206,1891892.3287726603,99.99962025403903,0.001994483443201279,37,sleep,16.843999999997322,1
320000,nan,4.2,-2.2199994873517426e-06,4.3103346824646,0.44669413566589355,4.310335674125352,-110.33567412535206,1891892.3287726603,99.99962025403903,0.001994483443201279,37,sleep,16.89100000000326,1
320000,nan,4.2,-2.2199994873517426e-06,4.3103346824646,0.44669413566589355,4.310335674125352,-110.33567412535206,1891892.3287726603,99.99962025403903,0.001994483443201279,37,sleep,16.937999999994645,1
320000,nan,4.2,-2.2199994873517426e-06,4.3103346824646,0.44669413566589355,4.310335674125352,-110.33567412535206,1891892.3287726603,99.99962025403903,0.001994483443201279,37,sleep,16.985000000000582,1
320000,nan,4.2,-2.2199994873517426e-06,4.3103346824646,0.44669413566589355,4.310335674125352,-110.33567412535206,1891892.3287726603,99.99962025403903,0.001994483443201279,37,sleep,17.047000000005937,1
320000,nan,4.2,-2.2199994873517426e-06,4.3103346824646,0.44669413566589355,4.310335674125352,-110.33567412535206,1891892.3287726603,99.99962025403903,0.001994483443201279,37,sleep,17.093999999997322,1
320000,nan,4.2,-2.2199994873517426e-06,4.3103346824646,0.44669413566589355,4.310335674125352,-110.33567412535206,1891892.3287726603,99.99962025403903,0.001994483443201279,37,sleep,17.14100000000326,1
320000,nan,4.2,-2.2199994873517426e-06,4.3103346824646,0.44669413566589355,4.310335674125352,-110.33567412535206,1891892.3287726603,99.99962025403903,0.001994483443201279,37,sleep,17.187999999994645,1
320000,nan,4.2,-2.2199994873517426e-06,4.3103346824646,0.44669413566589355,4.310335674125352,-110.33567412535206,1891892.3287726603,99.99962025403903,0.001994483443201279,37,sleep,17.235000000000582,1
320000,nan,4.2,-2.2199994873517426e-06,4.3103346824646,0.44669413566589355,4.310335674125352,-110.33567412535206,1891892.3287726603,99.99962025403903,0.001994483443201279,37,sleep,17.297000000005937,1
320000,nan,4.2,-4.275002083886648e-06,4.3103346824646,0.44669413566589355,4.310336592082961,-110.33659208296065,982455.6614441556,99.999620367088,0.0019938896929118503,38,sleep,17.343999999997322,1
320000,nan,4.2,-4.275002083886648e-06,4.3103346824646,0.44669413566589355,4.310336592082961,-110.33659208296065,982455.6614441556,99.999620367088,0.0019938896929118503,38,sleep,17.39100000000326,1
320000,nan,4.2,-4.275002083886648e-06,4.3103346824646,0.44669413566589355,4.310336592082961,-110.33659208296065,982455.6614441556,99.999620367088,0.0019938896929118503,38,sleep,17.437999999994645,1
320000,nan,4.2,-4.275002083886648e-06,4.3103346824646,0.44669413566589355,4.310336592082961,-110.33659208296065,982455.6614441556,99.999620367088,0.0019938896929118503,38,sleep,17.485000000000582,1
3200,nan,4.2,-4.275002083886648e-06,4.3103346824646,0.44669413566589355,4.310336592082961,-110.33659208296065,982455.6614441556,99.999620367088,0.0019938896929118503,38,wake,17.531000000002678,1
3200,nan,4.2,-4.275002083886648e-06,4.3103346824646,0.44669413566589355,4.310336592082961,-110.33659208296065,982455.6614441556,99.999620367088,0.0019938896929118503,38,wake,17.593999999997322,1
3200,nan,4.2,-4.275002083886648e-06,4.3103346824646,0.44669413566589355,4.310336592082961,-110.33659208296065,982455.6614441556,99.999620367088,0.0019938896929118503,38,wake,17.64100000000326,1
3200,nan,4.2,-4.275002083886648e-06,4.3103346824646,0.44669413566589355,4.310336592082961,-110.33659208296065,982455.6614441556,99.999620367088,0.0019938896929118503,38,wake,17.687999999994645,1
3200,nan,4.2,-4.275002083886648e-06,4.3103346824646,0.44669413566589355,4.310336592082961,-110.33659208296065,982455.6614441556,99.999620367088,0.0019938896929118503,38,wake,17.735000000000582,1
3200,nan,4.2,-4.275002083886648e-06,4.3103346824646,0.44669413566589355,4.310336592082961,-110.33659208296065,982455.6614441556,99.999620367088,0.0019938896929118503,38,wake,17.797000000005937,1
3200,nan,4.2,-4.275002083886648e-06,4.3103346824646,0.44669413566589355,4.310336592082961,-110.33659208296065,982455.6614441556,99.999620367088,0.0019938896929118503,38,wake,17.843999999997322,1
3200,nan,4.2,6.429996574297547e-06,4.3103346824646,0.44669413566589355,4.310331810222838,-110.33181022283767,653188.5284027285,99.99962019705195,0.001994782747991614,39,wake,17.89100000000326,1
3200,nan,4.2,6.429996574297547e-06,4.3103346824646,0.44669413566589355,4.310331810222838,-110.33181022283767,653188.5284027285,99.99962019705195,0.001994782747991614,39,wake,17.937999999994645,1
3200,nan,4.2,6.429996574297547e-06,4.3103346824646,0.44669413566589355,4.310331810222838,-110.33181022283767,653188.5284027285,99.99962019705195,0.001994782747991614,39,wake,17.985000000000582,1
3200,nan,4.2,6.429996574297547e-06,4.3103346824646,0.44669413566589355,4.310331810222838,-110.33181022283767,653188.5284027285,99.99962019705195,0.001994782747991614,39,wake,18.047000000005937,1
3200,nan,4.2,6.429996574297547e-06,4.3103346824646,0.44669413566589355,4.310331810222838,-110.33181022283767,653188.5284027285,99.99962019705195,0.001994782747991614,39,wake,18.093999999997322,1
320000,nan,4.2,6.429996574297547e-06,4.3103346824646,0.44669413566589355,4.310331810222838,-110.33181022283767,653188.5284027285,99.99962019705195,0.001994782747991614,39,sleep,18.14100000000326,1
320000,nan,4.2,6.429996574297547e-06,4.3103346824646,0.44669413566589355,4.310331810222838,-110.33181022283767,653188.5284027285,99.99962019705195,0.001994782747991614,39,sleep,18.202999999994063,1
320000,nan,4.2,6.429996574297547e-06,4.3103346824646,0.44669413566589355,4.310331810222838,-110.33181022283767,653188.5284027285,99.99962019705195,0.001994782747991614,39,sleep,18.25,1
320000,nan,4.2,6.429996574297547e-06,4.3103346824646,0.44669413566589355,4.310331810222838,-110.33181022283767,653188.5284027285,99.99962019705195,0.001994782747991614,39,sleep,18.297000000005937,1
320000,nan,4.2,6.429996574297547e-06,4.3103346824646,0.44669413566589355,4.310331810222838,-110.33181022283767,653188.5284027285,99.99962019705195,0.001994782747991614,39,sleep,18.343999999997322,1
320000,nan,4.2,-7.549999736511381e-06,4.3103346824646,0.44669413566589355,4.310338055005206,-110.33805500520621,556291.4101425769,99.99962040309448,0.0019937005813627073,40,sleep,18.406000000002678,1
320000,nan,4.2,-7.549999736511381e-06,4.3103346824646,0.44669413566589355,4.310338055005206,-110.33805500520621,556291.4101425769,99.99962040309448,0.0019937005813627073,40,sleep,18.452999999994063,1
320000,nan,4.2,-7.549999736511381e-06,4.3103346824646,0.44669413566589355,4.310338055005206,-110.33805500520621,556291.4101425769,99.99962040309448,0.0019937005813627073,40,sleep,18.5,1
320000,nan,4.2,-7.549999736511381e-06,4.3103346824646,0.44669413566589355,4.310338055005206,-110.33805500520621,556291.4101425769,99.99962040309448,0.0019937005813627073,40,sleep,18.547000000005937,1
320000,nan,4.2,-7.549999736511381e-06,4.3103346824646,0.44669413566589355,4.310338055005206,-110.33805500520621,556291.4101425769,99.99962040309448,0.0019937005813627073,40,sleep,18.593999999997322,1
320000,nan,4.2,-7.549999736511381e-06,4.3103346824646,0.44669413566589355,4.310338055005206,-110.33805500520621,556291.4101425769,99.99962040309448,0.0019937005813627073,40,sleep,18.656000000002678,1
320000,nan,4.2,-7.549999736511381e-06,4.3103346824646,0.44669413566589355,4.310338055005206,-110.33805500520621,556291.4101425769,99.99962040309448,0.0019937005813627073,40,sleep,18.702999999994063,1
320000,nan,4.2,-7.549999736511381e-06,4.3103346824646,0.44669413566589355,4.310338055005206,-110.33805500520621,556291.4101425769,99.99962040309448,0.0019937005813627073,40,sleep,18.75,1
320000,nan,4.2,-7.549999736511381e-06,4.3103346824646,0.44669413566589355,4.310338055005206,-110.33805500520621,556291.4101425769,99.99962040309448,0.0019937005813627073,40,sleep,18.797000000005937,1
320000,nan,4.2,-7.549999736511381e-06,4.3103346824646,0.44669413566589355,4.310338055005206,-110.33805500520621,556291.4101425769,99.99962040309448,0.0019937005813627073,40,sleep,18.843999999997322,1
320000,nan,4.2,-1.3750042171523091e-06,4.3103346824646,0.44669413566589355,4.31033529667092,-110.3352966709199,3054536.0862226114,99.99962043945536,0.0019935096085547696,41,sleep,18.906000000002678,1
320000,nan,4.2,-1.3750042171523091e-06,4.3103346824646,0.44669413566589355,4.31033529667092,-110.3352966709199,3054536.0862226114,99.99962043945536,0.0019935096085547696,41,sleep,18.952999999994063,1
320000,nan,4.2,-1.3750042171523091e-06,4.3103346824646,0.44669413566589355,4.31033529667092,-110.3352966709199,3054536.0862226114,99.99962043945536,0.0019935096085547696,41,sleep,19.0,1
320000,nan,4.2,-1.3750042171523091e-06,4.3103346824646,0.44669413566589355,4.31033529667092,-110.3352966709199,3054536.0862226114,99.99962043945536,0.0019935096085547696,41,sleep,19.047000000005937,1
320000,nan,4.2,-1.3750042171523091e-06,4.3103346824646,0.44669413566589355,4.31033529667092,-110.3352966709199,3054536.0862226114,99.99962043945536,0.0019935096085547696,41,sleep,19.093999999997322,1
320000,nan,4.2,-1.3750042171523091e-06,4.3103346824646,0.44669413566589355,4.31033529667092,-110.3352966709199,3054536.0862226114,99.99962043945536,0.0019935096085547696,41,sleep,19.156000000002678,1
320000,nan,4.2,-1.3750042171523091e-06,4.3103346824646,0.44669413566589355,4.31033529667092,-110.3352966709199,3054536.0862226114,99.99962043945536,0.0019935096085547696,41,sleep,19.202999999994063,1
320000,nan,4.2,-1.3750042171523091e-06,4.3103346824646,0.44669413566589355,4.31033529667092,-110.3352966709199,3054536.0862226114,99.99962043945536,0.0019935096085547696,41,sleep,19.25,1
320000,nan,4.2,-1.3750042171523091e-06,4.3103346824646,0.44669413566589355,4.31033529667092,-110.3352966709199,3054536.0862226114,99.99962043945536,0.0019935096085547696,41,sleep,19.297000000005937,1
320000,nan,4.2,-1.3750042171523091e-06,4.3103346824646,0.44669413566589355,4.31033529667092,-110.3352966709199,3054536.0862226114,99.99962043945536,0.0019935096085547696,41,sleep,19.343999999997322,1
320000,nan,4.2,-4.680002803070238e-06,4.3103346824646,0.44669413566589355,4.310336772994407,-110.33677299440647,897435.3599200111,99.99962056692698,0.0019928401081537755,42,sleep,19.406000000002678,1
320000,nan,4.2,-4.680002803070238e-06,4.3103346824646,0.44669413566589355,4.310336772994407,-110.33677299440647,897435.3599200111,99.99962056692698,0.0019928401081537755,42,sleep,19.452999999994063,1
320000,nan,4.2,-4.680002803070238e-06,4.3103346824646,0.44669413566589355,4.310336772994407,-110.33677299440647,897435.3599200111,99.99962056692698,0.0019928401081537755,42,sleep,19.5,1
320000,nan,4.2,-4.680002803070238e-06,4.3103346824646,0.44669413566589355,4.310336772994407,-110.33677299440647,897435.3599200111,99.99962056692698,0.0019928401081537755,42,sleep,19.547000000005937,1
320000,nan,4.2,-4.680002803070238e-06,4.3103346824646,0.44669413566589355,4.310336772994407,-110.33677299440647,897435.3599200111,99.99962056692698,0.0019928401081537755,42,sleep,19.593999999997322,1
100,nan,4.2,-4.680002803070238e-06,4.3103346824646,0.44669413566589355,4.310336772994407,-110.33677299440647,897435.3599200111,99.99962056692698,0.0019928401081537755,42,tx,19.64100000000326,1
100,nan,4.2,-4.680002803070238e-06,4.3103346824646,0.44669413566589355,4.310336772994407,-110.33677299440647,897435.3599200111,99.99962056692698,0.0019928401081537755,42,tx,19.702999999994063,1
100,nan,4.2,-4.680002803070238e-06,4.3103346824646,0.44669413566589355,4.310336772994407,-110.33677299440647,897435.3599200111,99.99962056692698,0.0019928401081537755,42,tx,19.75,1
100,nan,4.2,-4.680002803070238e-06,4.3103346824646,0.44669413566589355,4.310336772994407,-110.33677299440647,897435.3599200111,99.99962056692698,0.0019928401081537755,42,tx,19.797000000005937,1
100,nan,4.2,-4.680002803070238e-06,4.3103346824646,0.44669413566589355,4.310336772994407,-110.33677299440647,897435.3599200111,99.99962056692698,0.0019928401081537755,42,tx,19.843999999997322,1
100,nan,4.2,-4.280003395251697e-06,4.3103346824646,0.44669413566589355,4.310336594317017,-110.33659431701714,981307.6327601857,99.99962068010821,0.0019922456632377682,43,tx,19.906000000002678,1
100,nan,4.2,-4.280003395251697e-06,4.3103346824646,0.44669413566589355,4.310336594317017,-110.33659431701714,981307.6327601857,99.99962068010821,0.0019922456632377682,43,tx,19.952999999994063,1
100,nan,4.2,-4.280003395251697e-06,4.3103346824646,0.44669413566589355,4.310336594317017,-110.33659431701714,981307.6327601857,99.99962068010821,0.0019922456632377682,43,tx,20.0,1
320000,nan,4.2,-4.280003395251697e-06,4.3103346824646,0.44669413566589355,4.310336594317017,-110.33659431701714,981307.6327601857,99.99962068010821,0.0019922456632377682,43,sleep,20.047000000005937,1
320000,nan,4.2,-4.280003395251697e-06,4.3103346824646,0.44669413566589355,4.310336594317017,-110.33659431701714,981307.6327601857,99.99962068010821,0.0019922456632377682,43,sleep,20.110000000000582,1
320000,nan,4.2,-4.280003395251697e-06,4.3103346824646,0.44669413566589355,4.310336594317017,-110.33659431701714,981307.6327601857,99.99962068010821,0.0019922456632377682,43,sleep,20.156000000002678,1
320000,nan,4.2,-4.280003395251697e-06,4.3103346824646,0.44669413566589355,4.310336594317017,-110.33659431701714,981307.6327601857,99.99962068010821,0.0019922456632377682,43,sleep,20.202999999994063,1
320000,nan,4.2,-4.280003395251697e-06,4.3103346824646,0.44669413566589355,4.310336594317017,-110.33659431701714,981307.6327601857,99.99962068010821,0.0019922456632377682,43,sleep,20.25,1
320000,nan,4.2,-4.280003395251697e-06,4.3103346824646,0.44669413566589355,4.310336594317017,-110.33659431701714,981307.6327601857,99.99962068010821,0.0019922456632377682,43,sleep,20.312999999994645,1
320000,nan,4.2,-4.280003395251697e-06,4.3103346824646,0.44669413566589355,4.310336594317017,-110.33659431701714,981307.6327601857,99.99962068010821,0.0019922456632377682,43,sleep,20.360000000000582,1
320000,nan,4.2,-4.280003395251697e-06,4.3103346824646,0.44669413566589355,4.310336594317017,-110.33659431701714,981307.6327601857,99.99962068010821,0.0019922456632377682,43,sleep,20.406000000002678,1
320000,nan,4.2,0.009081060066819191,4.3103346824646,0.44669413566589355,4.306278226187121,-106.27822618712113,462.5010702600856,99.99937285433086,0.003293864272823408,44,sleep,20.452999999994063,1
320000,nan,4.2,0.009081060066819191,4.3103346824646,0.44669413566589355,4.306278226187121,-106.27822618712113,462.5010702600856,99.99937285433086,0.003293864272823408,44,sleep,20.5,1
320000,nan,4.2,0.009081060066819191,4.3103346824646,0.44669413566589355,4.306278226187121,-106.27822618712113,462.5010702600856,99.99937285433086,0.003293864272823408,44,sleep,20.562999999994645,1
320000,nan,4.2,0.009081060066819191,4.3103346824646,0.44669413566589355,4.306278226187121,-106.27822618712113,462.5010702600856,99.99937285433086,0.003293864272823408,44,sleep,20.610000000000582,1
320000,nan,4.2,0.009081060066819191,4.3103346824646,0.44669413566589355,4.306278226187121,-106.27822618712113,462.5010702600856,99.99937285433086,0.003293864272823408,44,sleep,20.656000000002678,1
320000,nan,4.2,0.009081060066819191,4.3103346824646,0.44669413566589355,4.306278226187121,-106.27822618712113,462.5010702600856,99.99937285433086,0.003293864272823408,44,sleep,20.702999999994063,1
320000,nan,4.2,0.009081060066819191,4.3103346824646,0.44669413566589355,4.306278226187121,-106.27822618712113,462.5010702600856,99.99937285433086,0.003293864272823408,44,sleep,20.75,1
320000,nan,4.2,0.009081060066819191,4.3103346824646,0.44669413566589355,4.306278226187121,-106.27822618712113,462.5010702600856,99.99937285433086,0.003293864272823408,44,sleep,20.812999999994645,1
320000,nan,4.2,0.009081060066819191,4.3103346824646,0.44669413566589355,4.306278226187121,-106.27822618712113,462.5010702600856,99.99937285433086,0.003293864272823408,44,sleep,20.860000000000582,1
320000,nan,4.2,0.009081060066819191,4.3103346824646,0.44669413566589355,4.306278226187121,-106.27822618712113,462.5010702600856,99.99937285433086,0.003293864272823408,44,sleep,20.906000000002678,1
320000,nan,4.2,2.2999986413196893e-06,4.3103346824646,0.44669413566589355,4.310333655068694,-110.33365506869418,1826088.0352477648,99.99937279168462,0.0032941933004068187,45,sleep,20.952999999994063,1
320000,nan,4.2,2.2999986413196893e-06,4.3103346824646,0.44669413566589355,4.310333655068694,-110.33365506869418,1826088.0352477648,99.99937279168462,0.0032941933004068187,45,sleep,21.0,1
320000,nan,4.2,2.2999986413196893e-06,4.3103346824646,0.44669413566589355,4.310333655068694,-110.33365506869418,1826088.0352477648,99.99937279168462,0.0032941933004068187,45,sleep,21.062999999994645,1
320000,nan,4.2,2.2999986413196893e-06,4.3103346824646,0.44669413566589355,4.310333655068694,-110.33365506869418,1826088.0352477648,99.99937279168462,0.0032941933004068187,45,sleep,21.110000000000582,1
320000,nan,4.2,2.2999986413196893e-06,4.3103346824646,0.44669413566589355,4.310333655068694,-110.33365506869418,1826088.0352477648,99.99937279168462,0.0032941933004068187,45,sleep,21.156000000002678,1
320000,nan,4.2,2.2999986413196893e-06,4.3103346824646,0.44669413566589355,4.310333655068694,-110.33365506869418,1826088.0352477648,99.99937279168462,0.0032941933004068187,45,sleep,21.202999999994063,1
320000,nan,4.2,2.2999986413196893e-06,4.3103346824646,0.44669413566589355,4.310333655068694,-110.33365506869418,1826088.0352477648,99.99937279168462,0.0032941933004068187,45,sleep,21.25,1
320000,nan,4.2,2.2999986413196893e-06,4.3103346824646,0.44669413566589355,4.310333655068694,-110.33365506869418,1826088.0352477648,99.99937279168462,0.0032941933004068187,45,sleep,21.312999999994645,1
320000,nan,4.2,2.2999986413196893e-06,4.3103346824646,0.44669413566589355,4.310333655068694,-110.33365506869418,1826088.0352477648,99.99937279168462,0.0032941933004068187,45,sleep,21.360000000000582,1
320000,nan,4.2,2.2999986413196893e-06,4.3103346824646,0.44669413566589355,4.310333655068694,-110.33365506869418,1826088.0352477648,99.99937279168462,0.0032941933004068187,45,sleep,21.406000000002678,1
320000,nan,4.2,-9.609996595827397e-06,4.3103346824646,0.44669413566589355,4.310338975193723,-110.33897519372272,437044.8998726613,99.99937305394528,0.0032928158675614083,46,sleep,21.452999999994063,1
320000,nan,4.2,-9.609996595827397e-06,4.3103346824646,0.44669413566589355,4.310338975193723,-110.33897519372272,437044.8998726613,99.99937305394528,0.0032928158675614083,46,sleep,21.5,1
320000,nan,4.2,-9.609996595827397e-06,4.3103346824646,0.44669413566589355,4.310338975193723,-110.33897519372272,437044.8998726613,99.99937305394528,0.0032928158675614083,46,sleep,21.562999999994645,1
320000,nan,4.2,-9.609996595827397e-06,4.3103346824646,0.44669413566589355,4.310338975193723,-110.33897519372272,437044.8998726613,99.99937305394528,0.0032928158675614083,46,sleep,21.610000000000582,1
320000,nan,4.2,-9.609996595827397e-06,4.3103346824646,0.44669413566589355,4.310338975193723,-110.33897519372272,437044.8998726613,99.99937305394528,0.0032928158675614083,46,sleep,21.656000000002678,1
320000,nan,4.2,-9.609996595827397e-06,4.3103346824646,0.44669413566589355,4.310338975193723,-110.33897519372272,437044.8998726613,99.99937305394528,0.0032928158675614083,46,sleep,21.702999999994063,1
320000,nan,4.2,-9.609996595827397e-06,4.3103346824646,0.44669413566589355,4.310338975193723,-110.33897519372272,437044.8998726613,99.99937305394528,0.0032928158675614083,46,sleep,21.75,1
320000,nan,4.2,-9.609996595827397e-06,4.3103346824646,0.44669413566589355,4.310338975193723,-110.33897519372272,437044.8998726613,99.99937305394528,0.0032928158675614083,46,sleep,21.812999999994645,1
320000,nan,4.2,-9.609996595827397e-06,4.3103346824646,0.44669413566589355,4.310338975193723,-110.33897519372272,437044.8998726613,99.99937305394528,0.0032928158675614083,46,sleep,21.860000000000582,1
320000,nan,4.2,-9.609996595827397e-06,4.3103346824646,0.44669413566589355,4.310338975193723,-110.33897519372272,437044.8998726613,99.99937305394528,0.0032928158675614083,46,sleep,21.906000000002678,1
320000,nan,4.2,1.4850000980004552e-06,4.3103346824646,0.44669413566589355,4.310334019123764,-110.33401912376384,2828282.641634353,99.99937301341903,0.0032930287175754504,47,sleep,21.952999999994063,1
320000,nan,4.2,1.4850000980004552e-06,4.3103346824646,0.44669413566589355,4.310334019123764,-110.33401912376384,2828282.641634353,99.99937301341903,0.0032930287175754504,47,sleep,22.0,1
320000,nan,4.2,1.4850000980004552e-06,4.3103346824646,0.44669413566589355,4.310334019123764,-110.33401912376384,2828282.641634353,99.99937301341903,0.0032930287175754504,47,sleep,22.062999999994645,1
320000,nan,4.2,1.4850000980004552e-06,4.3103346824646,0.44669413566589355,4.310334019123764,-110.33401912376384,2828282.641634353,99.99937301341903,0.0032930287175754504,47,sleep,22.110000000000582,1
320000,nan,4.2,1.4850000980004552e-06,4.3103346824646,0.44669413566589355,4.310334019123764,-110.33401912376384,2828282.641634353,99.99937301341903,0.0032930287175754504,47,sleep,22.156000000002678,1
320000,nan,4.2,1.4850000980004552e-06,4.3103346824646,0.44669413566589355,4.310334019123764,-110.33401912376384,2828282.641634353,99.99937301341903,0.0032930287175754504,47,sleep,22.202999999994063,1
320000,nan,4.2,1.4850000980004552e-06,4.3103346824646,0.44669413566589355,4.310334019123764,-110.33401912376384,2828282.641634353,99.99937301341903,0.0032930287175754504,47,sleep,22.25,1
320000,nan,4.2,1.4850000980004552e-06,4.3103346824646,0.44669413566589355,4.310334019123764,-110.33401912376384,2828282.641634353,99.99937301341903,0.0032930287175754504,47,sleep,22.312999999994645,1
320000,nan,4.2,1.4850000980004552e-06,4.3103346824646,0.44669413566589355,4.310334019123764,-110.33401912376384,2828282.641634353,99.99937301341903,0.0032930287175754504,47,sleep,22.360000000000582,1
320000,nan,4.2,1.4850000980004552e-06,4.3103346824646,0.44669413566589355,4.310334019123764,-110.33401912376384,2828282.641634353,99.99937301341903,0.0032930287175754504,47,sleep,22.406000000002678,1
320000,nan,4.2,1.4850000980004552e-06,4.3103346824646,0.44669413566589355,4.310334019123764,-110.33401912376384,2828282.641634353,99.99937301341903,0.0032930287175754504,47,sleep,22.452999999994063,1
320000,nan,4.2,-9.950006187864346e-07,4.3103346824646,0.44669413566589355,4.310335126925541,-110.33512692554126,4221102.902551543,99.99937304052038,0.003292886377209152,48,sleep,22.5,1
320000,nan,4.2,-9.950006187864346e-07,4.3103346824646,0.44669413566589355,4.310335126925541,-110.33512692554126,4221102.902551543,99.99937304052038,0.003292886377209152,48,sleep,22.562999999994645,1
320000,nan,4.2,-9.950006187864346e-07,4.3103346824646,0.44669413566589355,4.310335126925541,-110.33512692554126,4221102.902551543,99.99937304052038,0.003292886377209152,48,sleep,22.610000000000582,1
320000,nan,4.2,-9.950006187864346e-07,4.3103346824646,0.44669413566589355,4.310335126925541,-110.33512692554126,4221102.902551543,99.99937304052038,0.003292886377209152,48,sleep,22.656000000002678,1
320000,nan,4.2,-9.950006187864346e-07,4.3103346824646,0.44669413566589355,4.310335126925541,-110.33512692554126,4221102.902551543,99.99937304052038,0.003292886377209152,48,sleep,22.702999999994063,1
320000,nan,4.2,-9.950006187864346e-07,4.3103346824646,0.44669413566589355,4.310335126925541,-110.33512692554126,4221102.902551543,99.99937304052038,0.003292886377209152,48,sleep,22.75,1
320000,nan,4.2,-9.950006187864346e-07,4.3103346824646,0.44669413566589355,4.310335126925541,-110.33512692554126,4221102.902551543,99.99937304052038,0.003292886377209152,48,sleep,22.812999999994645,1
320000,nan,4.2,-9.950006187864346e-07,4.3103346824646,0.44669413566589355,4.310335126925541,-110.33512692554126,4221102.902551543,99.99937304052038,0.003292886377209152,48,sleep,22.860000000000582,1
320000,nan,4.2,-9.950006187864346e-07,4.3103346824646,0.44669413566589355,4.310335126925541,-110.33512692554126,4221102.902551543,99.99937304052038,0.003292886377209152,48,sleep,22.906000000002678,1
320000,nan,4.2,-9.950006187864346e-07,4.3103346824646,0.44669413566589355,4.310335126925541,-110.33512692554126,4221102.902551543,99.99937304052038,0.003292886377209152,48,sleep,22.952999999994063,1
320000,nan,4.2,-5.480003892444074e-06,4.3103346824646,0.44669413566589355,4.310337130350201,-110.3371303502012,766422.813274099,99.99937318543462,0.0032921252655574236,49,sleep,23.0,1
320000,nan,4.2,-5.480003892444074e-06,4.3103346824646,0.44669413566589355,4.310337130350201,-110.3371303502012,766422.813274099,99.99937318543462,0.0032921252655574236,49,sleep,23.062999999994645,1
320000,nan,4.2,-5.480003892444074e-06,4.3103346824646,0.44669413566589355,4.310337130350201,-110.3371303502012,766422.813274099,99.99937318543462,0.0032921252655574236,49,sleep,23.110000000000582,1
320000,nan,4.2,-5.480003892444074e-06,4.3103346824646,0.44669413566589355,4.310337130350201,-110.3371303502012,766422.813274099,99.99937318543462,0.0032921252655574236,49,sleep,23.156000000002678,1
320000,nan,4.2,-5.480003892444074e-06,4.3103346824646,0.44669413566589355,4.310337130350201,-110.3371303502012,766422.813274099,99.99937318543462,0.0032921252655574236,49,sleep,23.202999999994063,1
320000,nan,4.2,-5.480003892444074e-06,4.3103346824646,0.44669413566589355,4.310337130350201,-110.3371303502012,766422.813274099,99.99937318543462,0.0032921252655574236,49,sleep,23.25,1
320000,nan,4.2,-5.480003892444074e-06,4.3103346824646,0.44669413566589355,4.310337130350201,-110.3371303502012,766422.813274099,99.99937318543462,0.0032921252655574236,49,sleep,23.312999999994645,1
320000,nan,4.2,-5.480003892444074e-06,4.3103346824646,0.44669413566589355,4.310337130350201,-110.3371303502012,766422.813274099,99.99937318543462,0.0032921252655574236,49,sleep,23.360000000000582,1
320000,nan,4.2,-5.480003892444074e-06,4.3103346824646,0.44669413566589355,4.310337130350201,-110.3371303502012,766422.813274099,99.99937318543462,0.0032921252655574236,49,sleep,23.406000000002678,1
320000,nan,4.2,-5.480003892444074e-06,4.3103346824646,0.44669413566589355,4.310337130350201,-110.3371303502012,766422.813274099,99.99937318543462,0.0032921252655574236,49,sleep,23.452999999994063,1
320000,nan,4.2,-8.789997991698328e-06,4.3103346824646,0.44669413566589355,4.310338608905155,-110.33860890515524,477815.8088280191,99.9993734253172,0.003290865365845272,50,sleep,23.5,1
320000,nan,4.2,-8.789997991698328e-06,4.3103346824646,0.44669413566589355,4.310338608905155,-110.33860890515524,477815.8088280191,99.9993734253172,0.003290865365845272,50,sleep,23.562999999994645,1
320000,nan,4.2,-8.789997991698328e-06,4.3103346824646,0.44669413566589355,4.310338608905155,-110.33860890515524,477815.8088280191,99.9993734253172,0.003290865365845272,50,sleep,23.610000000000582,1
320000,nan,4.2,-8.789997991698328e-06,4.3103346824646,0.44669413566589355,4.310338608905155,-110.33860890515524,477815.8088280191,99.9993734253172,0.003290865365845272,50,sleep,23.656000000002678,1
320000,nan,4.2,-8.789997991698328e-06,4.3103346824646,0.44669413566589355,4.310338608905155,-110.33860890515524,477815.8088280191,99.9993734253172,0.003290865365845272,50,sleep,23.702999999994063,1
320000,nan,4.2,-8.789997991698328e-06,4.3103346824646,0.44669413566589355,4.310338608905155,-110.33860890515524,477815.8088280191,99.9993734253172,0.003290865365845272,50,sleep,23.75,1
320000,nan,4.2,-8.789997991698328e-06,4.3103346824646,0.44669413566589355,4.310338608905155,-110.33860890515524,477815.8088280191,99.9993734253172,0.003290865365845272,50,sleep,23.812999999994645,1
320000,nan,4.2,-8.789997991698328e-06,4.3103346824646,0.44669413566589355,4.310338608905155,-110.33860890515524,477815.8088280191,99.9993734253172,0.003290865365845272,50,sleep,23.860000000000582,1
320000,nan,4.2,-8.789997991698328e-06,4.3103346824646,0.44669413566589355,4.310338608905155,-110.33860890515524,477815.8088280191,99.9993734253172,0.003290865365845272,50,sleep,23.906000000002678,1
320000,nan,4.2,-8.789997991698328e-06,4.3103346824646,0.44669413566589355,4.310338608905155,-110.33860890515524,477815.8088280191,99.9993734253172,0.003290865365845272,50,sleep,23.952999999994063,1
320000,nan,4.2,3.574999027478043e-06,4.3103346824646,0.44669413566589355,4.310333085533499,-110.33308553349919,1174825.494417787,99.99937332775404,0.0032913777823725472,51,sleep,24.0,1
320000,nan,4.2,3.574999027478043e-06,4.3103346824646,0.44669413566589355,4.310333085533499,-110.33308553349919,1174825.494417787,99.99937332775404,0.0032913777823725472,51,sleep,24.062999999994645,1
320000,nan,4.2,3.574999027478043e-06,4.3103346824646,0.44669413566589355,4.310333085533499,-110.33308553349919,1174825.494417787,99.99937332775404,0.0032913777823725472,51,sleep,24.110000000000582,1
320000,nan,4.2,3.574999027478043e-06,4.3103346824646,0.44669413566589355,4.310333085533499,-110.33308553349919,1174825.494417787,99.99937332775404,0.0032913777823725472,51,sleep,24.156000000002678,1
320000,nan,4.2,3.574999027478043e-06,4.3103346824646,0.44669413566589355,4.310333085533499,-110.33308553349919,1174825.494417787,99.99937332775404,0.0032913777823725472,51,sleep,24.202999999994063,1
320000,nan,4.2,3.574999027478043e-06,4.3103346824646,0.44669413566589355,4.310333085533499,-110.33308553349919,1174825.494417787,99.99937332775404,0.0032913777823725472,51,sleep,24.25,1
320000,nan,4.2,3.574999027478043e-06,4.3103346824646,0.44669413566589355,4.310333085533499,-110.33308553349919,1174825.494417787,99.99937332775404,0.0032913777823725472,51,sleep,24.312999999994645,1
320000,nan,4.2,3.574999027478043e-06,4.3103346824646,0.44669413566589355,4.310333085533499,-110.33308553349919,1174825.494417787,99.99937332775404,0.0032913777823725472,51,sleep,24.360000000000582,1
320000,nan,4.2,3.574999027478043e-06,4.3103346824646,0.44669413566589355,4.310333085533499,-110.33308553349919,1174825.494417787,99.99937332775404,0.0032913777823725472,51,sleep,24.406000000002678,1
320000,nan,4.2,3.574999027478043e-06,4.3103346824646,0.44669413566589355,4.310333085533499,-110.33308553349919,1174825.494417787,99.99937332775404,0.0032913777823725472,51,sleep,24.452999999994063,1
320000,nan,4.2,-2.2200008515937952e-06,4.3103346824646,0.44669413566589355,4.3103356741259615,-110.33567412596135,1891891.1661609106,99.99937338646016,0.003291069448920937,52,sleep,24.5,1
320000,nan,4.2,-2.2200008515937952e-06,4.3103346824646,0.44669413566589355,4.3103356741259615,-110.33567412596135,1891891.1661609106,99.99937338646016,0.003291069448920937,52,sleep,24.562999999994645,1
320000,nan,4.2,-2.2200008515937952e-06,4.3103346824646,0.44669413566589355,4.3103356741259615,-110.33567412596135,1891891.1661609106,99.99937338646016,0.003291069448920937,52,sleep,24.610000000000582,1
320000,nan,4.2,-2.2200008515937952e-06,4.3103346824646,0.44669413566589355,4.3103356741259615,-110.33567412596135,1891891.1661609106,99.99937338646016,0.003291069448920937,52,sleep,24.656000000002678,1
320000,nan,4.2,-2.2200008515937952e-06,4.3103346824646,0.44669413566589355,4.3103356741259615,-110.33567412596135,1891891.1661609106,99.99937338646016,0.003291069448920937,52,sleep,24.702999999994063,1
320000,nan,4.2,-2.2200008515937952e-06,4.3103346824646,0.44669413566589355,4.3103356741259615,-110.33567412596135,1891891.1661609106,99.99937338646016,0.003291069448920937,52,sleep,24.75,1
320000,nan,4.2,-2.2200008515937952e-06,4.3103346824646,0.44669413566589355,4.3103356741259615,-110.33567412596135,1891891.1661609106,99.99937338646016,0.003291069448920937,52,sleep,24.812999999994645,1
320000,nan,4.2,-2.2200008515937952e-06,4.3103346824646,0.44669413566589355,4.3103356741259615,-110.33567412596135,1891891.1661609106,99.99937338646016,0.003291069448920937,52,sleep,24.860000000000582,1
320000,nan,4.2,-2.2200008515937952e-06,4.3103346824646,0.44669413566589355,4.3103356741259615,-110.33567412596135,1891891.1661609106,99.99937338646016,0.003291069448920937,52,sleep,24.906000000002678,1
320000,nan,4.2,-2.2200008515937952e-06,4.3103346824646,0.44669413566589355,4.3103356741259615,-110.33567412596135,1891891.1661609106,99.99937338646016,0.003291069448920937,52,sleep,24.952999999994063,1
320000,nan,4.2,-2.2200008515937952e-06,4.3103346824646,0.44669413566589355,4.3103356741259615,-110.33567412596135,1891891.1661609106,99.99937338646016,0.003291069448920937,52,sleep,25.0,1
320000,nan,4.2,-7.954989996505901e-06,4.3103346824646,0.44669413566589355,4.31033823591198,-110.33823591198022,527970.4942237239,99.99937360313432,0.0032899314434075492,53,sleep,25.047000000005937,2
320000,nan,4.2,-7.954989996505901e-06,4.3103346824646,0.44669413566589355,4.31033823591198,-110.33823591198022,527970.4942237239,99.99937360313432,0.0032899314434075492,53,sleep,25.110000000000582,2
320000,nan,4.2,-7.954989996505901e-06,4.3103346824646,0.44669413566589355,4.31033823591198,-110.33823591198022,527970.4942237239,99.99937360313432,0.0032899314434075492,53,sleep,25.156000000002678,2
320000,nan,4.2,-7.954989996505901e-06,4.3103346824646,0.44669413566589355,4.31033823591198,-110.33823591198022,527970.4942237239,99.99937360313432,0.0032899314434075492,53,sleep,25.202999999994063,2
320000,nan,4.2,-7.954989996505901e-06,4.3103346824646,0.44669413566589355,4.31033823591198,-110.33823591198022,527970.4942237239,99.99937360313432,0.0032899314434075492,53,sleep,25.25,2
320000,nan,4.2,-7.954989996505901e-06,4.3103346824646,0.44669413566589355,4.31033823591198,-110.33823591198022,527970.4942237239,99.99937360313432,0.0032899314434075492,53,sleep,25.312999999994645,2
320000,nan,4.2,-7.954989996505901e-06,4.3103346824646,0.44669413566589355,4.31033823591198,-110.33823591198022,527970.4942237239,99.99937360313432,0.0032899314434075492,53,sleep,25.360000000000582,2
320000,nan,4.2,-7.954989996505901e-06,4.3103346824646,0.44669413566589355,4.31033823591198,-110.33823591198022,527970.4942237239,99.99937360313432,0.0032899314434075492,53,sleep,25.406000000002678,2
320000,nan,4.2,-7.954989996505901e-06,4.3103346824646,0.44669413566589355,4.31033823591198,-110.33823591198022,527970.4942237239,99.99937360313432,0.0032899314434075492,53,sleep,25.452999999994063,2
320000,nan,4.2,-7.954989996505901e-06,4.3103346824646,0.44669413566589355,4.31033823591198,-110.33823591198022,527970.4942237239,99.99937360313432,0.0032899314434075492,53,sleep,25.5,2
320000,nan,4.2,-4.284994702175027e-06,4.3103346824646,0.44669413566589355,4.3103365965466045,-110.33659654660433,980164.5724014818,99.99937371644751,0.003289336305254469,54,sleep,25.562999999994645,2
320000,nan,4.2,-4.284994702175027e-06,4.3103346824646,0.44669413566589355,4.3103365965466045,-110.33659654660433,980164.5724014818,99.99937371644751,0.003289336305254469,54,sleep,25.610000000000582,2
320000,nan,4.2,-4.284994702175027e-06,4.3103346824646,0.44669413566589355,4.3103365965466045,-110.33659654660433,980164.5724014818,99.99937371644751,0.003289336305254469,54,sleep,25.656000000002678,2
320000,nan,4.2,-4.284994702175027e-06,4.3103346824646,0.44669413566589355,4.3103365965466045,-110.33659654660433,980164.5724014818,99.99937371644751,0.003289336305254469,54,sleep,25.702999999994063,2
320000,nan,4.2,-4.284994702175027e-06,4.3103346824646,0.44669413566589355,4.3103365965466045,-110.33659654660433,980164.5724014818,99.99937371644751,0.003289336305254469,54,sleep,25.75,2
320000,nan,4.2,-4.284994702175027e-06,4.3103346824646,0.44669413566589355,4.3103365965466045,-110.33659654660433,980164.5724014818,99.99937371644751,0.003289336305254469,54,sleep,25.812999999994645,2
320000,nan,4.2,-4.284994702175027e-06,4.3103346824646,0.44669413566589355,4.3103365965466045,-110.33659654660433,980164.5724014818,99.99937371644751,0.003289336305254469,54,sleep,25.860000000000582,2
320000,nan,4.2,-4.284994702175027e-06,4.3103346824646,0.44669413566589355,4.3103365965466045,-110.33659654660433,980164.5724014818,99.99937371644751,0.003289336305254469,54,sleep,25.906000000002678,2
320000,nan,4.2,-4.284994702175027e-06,4.3103346824646,0.44669413566589355,4.3103365965466045,-110.33659654660433,980164.5724014818,99.99937371644751,0.003289336305254469,54,sleep,25.952999999994063,2
320000,nan,4.2,-4.284994702175027e-06,4.3103346824646,0.44669413566589355,4.3103365965466045,-110.33659654660433,980164.5724014818,99.99937371644751,0.003289336305254469,54,sleep,26.0,2
320000,nan,4.2,1.894997126328235e-06,4.3103346824646,0.44669413566589355,4.310333835980496,-110.33383598049618,2216362.200051438,99.99937366473229,0.0032896079215092447,55,sleep,26.062999999994645,2
320000,nan,4.2,1.894997126328235e-06,4.3103346824646,0.44669413566589355,4.310333835980496,-110.33383598049618,2216362.200051438,99.99937366473229,0.0032896079215092447,55,sleep,26.110000000000582,2
320000,nan,4.2,1.894997126328235e-06,4.3103346824646,0.44669413566589355,4.310333835980496,-110.33383598049618,2216362.200051438,99.99937366473229,0.0032896079215092447,55,sleep,26.156000000002678,2
320000,nan,4.2,1.894997126328235e-06,4.3103346824646,0.44669413566589355,4.310333835980496,-110.33383598049618,2216362.200051438,99.99937366473229,0.0032896079215092447,55,sleep,26.202999999994063,2
320000,nan,4.2,1.894997126328235e-06,4.3103346824646,0.44669413566589355,4.310333835980496,-110.33383598049618,2216362.200051438,99.99937366473229,0.0032896079215092447,55,sleep,26.25,2
320000,nan,4.2,1.894997126328235e-06,4.3103346824646,0.44669413566589355,4.310333835980496,-110.33383598049618,2216362.200051438,99.99937366473229,0.0032896079215092447,55,sleep,26.312999999994645,2
320000,nan,4.2,1.894997126328235e-06,4.3103346824646,0.44669413566589355,4.310333835980496,-110.33383598049618,2216362.200051438,99.99937366473229,0.0032896079215092447,55,sleep,26.360000000000582,2
320000,nan,4.2,1.894997126328235e-06,4.3103346824646,0.44669413566589355,4.310333835980496,-110.33383598049618,2216362.200051438,99.99937366473229,0.0032896079215092447,55,sleep,26.406000000002678,2
320000,nan,4.2,1.894997126328235e-06,4.3103346824646,0.44669413566589355,4.310333835980496,-110.33383598049618,2216362.200051438,99.99937366473229,0.0032896079215092447,55,sleep,26.452999999994063,2
320000,nan,4.2,1.894997126328235e-06,4.3103346824646,0.44669413566589355,4.310333835980496,-110.33383598049618,2216362.200051438,99.99937366473229,0.0032896079215092447,55,sleep,26.5,2
320000,nan,4.2,-6.729999313392909e-06,4.3103346824646,0.44669413566589355,4.310337688715826,-110.33768871582606,624071.3861057711,99.99937384270164,0.0032886731993823845,56,sleep,26.562999999994645,2
320000,nan,4.2,-6.729999313392909e-06,4.3103346824646,0.44669413566589355,4.310337688715826,-110.33768871582606,624071.3861057711,99.99937384270164,0.0032886731993823845,56,sleep,26.610000000000582,2
320000,nan,4.2,-6.729999313392909e-06,4.3103346824646,0.44669413566589355,4.310337688715826,-110.33768871582606,624071.3861057711,99.99937384270164,0.0032886731993823845,56,sleep,26.656000000002678,2
320000,nan,4.2,-6.729999313392909e-06,4.3103346824646,0.44669413566589355,4.310337688715826,-110.33768871582606,624071.3861057711,99.99937384270164,0.0032886731993823845,56,sleep,26.702999999994063,2
320000,nan,4.2,-6.729999313392909e-06,4.3103346824646,0.44669413566589355,4.310337688715826,-110.33768871582606,624071.3861057711,99.99937384270164,0.0032886731993823845,56,sleep,26.75,2
320000,nan,4.2,-6.729999313392909e-06,4.3103346824646,0.44669413566589355,4.310337688715826,-110.33768871582606,624071.3861057711,99.99937384270164,0.0032886731993823845,56,sleep,26.812999999994645,2
320000,nan,4.2,-6.729999313392909e-06,4.3103346824646,0.44669413566589355,4.310337688715826,-110.33768871582606,624071.3861057711,99.99937384270164,0.0032886731993823845,56,sleep,26.860000000000582,2
320000,nan,4.2,-6.729999313392909e-06,4.3103346824646,0.44669413566589355,4.310337688715826,-110.33768871582606,624071.3861057711,99.99937384270164,0.0032886731993823845,56,sleep,26.906000000002678,2
320000,nan,4.2,-6.729999313392909e-06,4.3103346824646,0.44669413566589355,4.310337688715826,-110.33768871582606,624071.3861057711,99.99937384270164,0.0032886731993823845,56,sleep,26.952999999994063,2
320000,nan,4.2,-6.729999313392909e-06,4.3103346824646,0.44669413566589355,4.310337688715826,-110.33768871582606,624071.3861057711,99.99937384270164,0.0032886731993823845,56,sleep,27.0,2
320000,nan,4.2,-6.335003490676172e-06,4.3103346824646,0.44669413566589355,4.310337512273509,-110.33751227350841,662983.060101157,99.99937401525139,0.0032877669419385806,57,sleep,27.062999999994645,2
320000,nan,4.2,-6.335003490676172e-06,4.3103346824646,0.44669413566589355,4.310337512273509,-110.33751227350841,662983.060101157,99.99937401525139,0.0032877669419385806,57,sleep,27.110000000000582,2
320000,nan,4.2,-6.335003490676172e-06,4.3103346824646,0.44669413566589355,4.310337512273509,-110.33751227350841,662983.060101157,99.99937401525139,0.0032877669419385806,57,sleep,27.156000000002678,2
320000,nan,4.2,-6.335003490676172e-06,4.3103346824646,0.44669413566589355,4.310337512273509,-110.33751227350841,662983.060101157,99.99937401525139,0.0032877669419385806,57,sleep,27.202999999994063,2
320000,nan,4.2,-6.335003490676172e-06,4.3103346824646,0.44669413566589355,4.310337512273509,-110.33751227350841,662983.060101157,99.99937401525139,0.0032877669419385806,57,sleep,27.25,2
320000,nan,4.2,-6.335003490676172e-06,4.3103346824646,0.44669413566589355,4.310337512273509,-110.33751227350841,662983.060101157,99.99937401525139,0.0032877669419385806,57,sleep,27.312999999994645,2
320000,nan,4.2,-6.335003490676172e-06,4.3103346824646,0.44669413566589355,4.310337512273509,-110.33751227350841,662983.060101157,99.99937401525139,0.0032877669419385806,57,sleep,27.360000000000582,2
320000,nan,4.2,-6.335003490676172e-06,4.3103346824646,0.44669413566589355,4.310337512273509,-110.33751227350841,662983.060101157,99.99937401525139,0.0032877669419385806,57,sleep,27.406000000002678,2
320000,nan,4.2,-6.335003490676172e-06,4.3103346824646,0.44669413566589355,4.310337512273509,-110.33751227350841,662983.060101157,99.99937401525139,0.0032877669419385806,57,sleep,27.452999999994063,2
320000,nan,4.2,-6.335003490676172e-06,4.3103346824646,0.44669413566589355,4.310337512273509,-110.33751227350841,662983.060101157,99.99937401525139,0.0032877669419385806,57,sleep,27.5,2
320000,nan,4.2,-2.2100043679529335e-06,4.3103346824646,0.44669413566589355,4.31033566966059,-110.33566966059016,1900448.7325472324,99.9993740755633,0.0032874501746458385,58,sleep,27.562999999994645,2
320000,nan,4.2,-2.2100043679529335e-06,4.3103346824646,0.44669413566589355,4.31033566966059,-110.33566966059016,1900448.7325472324,99.9993740755633,0.0032874501746458385,58,sleep,27.610000000000582,2
320000,nan,4.2,-2.2100043679529335e-06,4.3103346824646,0.44669413566589355,4.31033566966059,-110.33566966059016,1900448.7325472324,99.9993740755633,0.0032874501746458385,58,sleep,27.656000000002678,2
320000,nan,4.2,-2.2100043679529335e-06,4.3103346824646,0.44669413566589355,4.31033566966059,-110.33566966059016,1900448.7325472324,99.9993740755633,0.0032874501746458385,58,sleep,27.702999999994063,2
320000,nan,4.2,-2.2100043679529335e-06,4.3103346824646,0.44669413566589355,4.31033566966059,-110.33566966059016,1900448.7325472324,99.9993740755633,0.0032874501746458385,58,sleep,27.75,2
320000,nan,4.2,-2.2100043679529335e-06,4.3103346824646,0.44669413566589355,4.31033566966059,-110.33566966059016,1900448.7325472324,99.9993740755633,0.0032874501746458385,58,sleep,27.812999999994645,2
320000,nan,4.2,-2.2100043679529335e-06,4.3103346824646,0.44669413566589355,4.31033566966059,-110.33566966059016,1900448.7325472324,99.9993740755633,0.0032874501746458385,58,sleep,27.860000000000582,2
320000,nan,4.2,-2.2100043679529335e-06,4.3103346824646,0.44669413566589355,4.31033566966059,-110.33566966059016,1900448.7325472324,99.9993740755633,0.0032874501746458385,58,sleep,27.906000000002678,2
320000,nan,4.2,-2.2100043679529335e-06,4.3103346824646,0.44669413566589355,4.31033566966059,-110.33566966059016,1900448.7325472324,99.9993740755633,0.0032874501746458385,58,sleep,27.952999999994063,2
320000,nan,4.2,-2.2100043679529335e-06,4.3103346824646,0.44669413566589355,4.31033566966059,-110.33566966059016,1900448.7325472324,99.9993740755633,0.0032874501746458385,58,sleep,28.0,2
320000,nan,4.2,6.804994882259052e-06,4.3103346824646,0.44669413566589355,4.310331642713292,-110.33164271329187,617193.704428728,99.99937389561073,0.00328839531282393,59,sleep,28.062999999994645,2
320000,nan,4.2,6.804994882259052e-06,4.3103346824646,0.44669413566589355,4.310331642713292,-110.33164271329187,617193.704428728,99.99937389561073,0.00328839531282393,59,sleep,28.110000000000582,2
320000,nan,4.2,6.804994882259052e-06,4.3103346824646,0.44669413566589355,4.310331642713292,-110.33164271329187,617193.704428728,99.99937389561073,0.00328839531282393,59,sleep,28.156000000002678,2
320000,nan,4.2,6.804994882259052e-06,4.3103346824646,0.44669413566589355,4.310331642713292,-110.33164271329187,617193.704428728,99.99937389561073,0.00328839531282393,59,sleep,28.202999999994063,2
320000,nan,4.2,6.804994882259052e-06,4.3103346824646,0.44669413566589355,4.310331642713292,-110.33164271329187,617193.704428728,99.99937389561073,0.00328839531282393,59,sleep,28.25,2
320000,nan,4.2,6.804994882259052e-06,4.3103346824646,0.44669413566589355,4.310331642713292,-110.33164271329187,617193.704428728,99.99937389561073,0.00328839531282393,59,sleep,28.312999999994645,2
320000,nan,4.2,6.804994882259052e-06,4.3103346824646,0.44669413566589355,4.310331642713292,-110.33164271329187,617193.704428728,99.99937389561073,0.00328839531282393,59,sleep,28.360000000000582,2
320000,nan,4.2,6.804994882259052e-06,4.3103346824646,0.44669413566589355,4.310331642713292,-110.33164271329187,617193.704428728,99.99937389561073,0.00328839531282393,59,sleep,28.406000000002678,2
320000,nan,4.2,6.804994882259052e-06,4.3103346824646,0.44669413566589355,4.310331642713292,-110.33164271329187,617193.704428728,99.99937389561073,0.00328839531282393,59,sleep,28.452999999994063,2
320000,nan,4.2,6.804994882259052e-06,4.3103346824646,0.44669413566589355,4.310331642713292,-110.33164271329187,617193.704428728,99.99937389561073,0.00328839531282393,59,sleep,28.5,2
320000,nan,4.2,6.804994882259052e-06,4.3103346824646,0.44669413566589355,4.310331642713292,-110.33164271329187,617193.704428728,99.99937389561073,0.00328839531282393,59,sleep,28.562999999994645,2
320000,nan,4.2,-3.060003109567333e-06,4.3103346824646,0.44669413566589355,4.3103360493500436,-110.33604935004337,1372547.6248270401,99.99937397653002,0.0032879703123920457,60,sleep,28.610000000000582,2
320000,nan,4.2,-3.060003109567333e-06,4.3103346824646,0.44669413566589355,4.3103360493500436,-110.33604935004337,1372547.6248270401,99.99937397653002,0.0032879703123920457,60,sleep,28.656000000002678,2
320000,nan,4.2,-3.060003109567333e-06,4.3103346824646,0.44669413566589355,4.3103360493500436,-110.33604935004337,1372547.6248270401,99.99937397653002,0.0032879703123920457,60,sleep,28.702999999994063,2
320000,nan,4.2,-3.060003109567333e-06,4.3103346824646,0.44669413566589355,4.3103360493500436,-110.33604935004337,1372547.6248270401,99.99937397653002,0.0032879703123920457,60,sleep,28.75,2
320000,nan,4.2,-3.060003109567333e-06,4.3103346824646,0.44669413566589355,4.3103360493500436,-110.33604935004337,1372547.6248270401,99.99937397653002,0.0032879703123920457,60,sleep,28.812999999994645,2
320000,nan,4.2,-3.060003109567333e-06,4.3103346824646,0.44669413566589355,4.3103360493500436,-110.33604935004337,1372547.6248270401,99.99937397653002,0.0032879703123920457,60,sleep,28.860000000000582,2
320000,nan,4.2,-3.060003109567333e-06,4.3103346824646,0.44669413566589355,4.3103360493500436,-110.33604935004337,1372547.6248270401,99.99937397653002,0.0032879703123920457,60,sleep,28.906000000002678,2
320000,nan,4.2,-3.060003109567333e-06,4.3103346824646,0.44669413566589355,4.3103360493500436,-110.33604935004337,1372547.6248270401,99.99937397653002,0.0032879703123920457,60,sleep,28.952999999994063,2
320000,nan,4.2,-3.060003109567333e-06,4.3103346824646,0.44669413566589355,4.3103360493500436,-110.33604935004337,1372547.6248270401,99.99937397653002,0.0032879703123920457,60,sleep,29.0,2
320000,nan,4.2,-3.060003109567333e-06,4.3103346824646,0.44669413566589355,4.3103360493500436,-110.33604935004337,1372547.6248270401,99.99937397653002,0.0032879703123920457,60,sleep,29.062999999994645,2
320000,nan,4.2,-8.374998287763447e-06,4.3103346824646,0.44669413566589355,4.310338423527221,-110.3384235272209,501492.6398416752,99.9993742050871,0.003286769895970826,61,sleep,29.110000000000582,2
320000,nan,4.2,-8.374998287763447e-06,4.3103346824646,0.44669413566589355,4.310338423527221,-110.3384235272209,501492.6398416752,99.9993742050871,0.003286769895970826,61,sleep,29.156000000002678,2
320000,nan,4.2,-8.374998287763447e-06,4.3103346824646,0.44669413566589355,4.310338423527221,-110.3384235272209,501492.6398416752,99.9993742050871,0.003286769895970826,61,sleep,29.202999999994063,2
320000,nan,4.2,-8.374998287763447e-06,4.3103346824646,0.44669413566589355,4.310338423527221,-110.3384235272209,501492.6398416752,99.9993742050871,0.003286769895970826,61,sleep,29.25,2
320000,nan,4.2,-8.374998287763447e-06,4.3103346824646,0.44669413566589355,4.310338423527221,-110.3384235272209,501492.6398416752,99.9993742050871,0.003286769895970826,61,sleep,29.312999999994645,2
320000,nan,4.2,-8.374998287763447e-06,4.3103346824646,0.44669413566589355,4.310338423527221,-110.3384235272209,501492.6398416752,99.9993742050871,0.003286769895970826,61,sleep,29.360000000000582,2
320000,nan,4.2,-8.374998287763447e-06,4.3103346824646,0.44669413566589355,4.310338423527221,-110.3384235272209,501492.6398416752,99.9993742050871,0.003286769895970826,61,sleep,29.406000000002678,2
320000,nan,4.2,-8.374998287763447e-06,4.3103346824646,0.44669413566589355,4.310338423527221,-110.3384235272209,501492.6398416752,99.9993742050871,0.003286769895970826,61,sleep,29.452999999994063,2
320000,nan,4.2,-8.374998287763447e-06,4.3103346824646,0.44669413566589355,4.310338423527221,-110.3384235272209,501492.6398416752,99.9993742050871,0.003286769895970826,61,sleep,29.5,2
320000,nan,4.2,-8.374998287763447e-06,4.3103346824646,0.44669413566589355,4.310338423527221,-110.3384235272209,501492.6398416752,99.9993742050871,0.003286769895970826,61,sleep,29.562999999994645,2
320000,nan,4.2,2.719994881772436e-06,4.3103346824646,0.44669413566589355,4.310333467458837,-110.33346745883676,1544120.5526324906,99.99937413100119,0.003287159006349746,62,sleep,29.610000000000582,2
320000,nan,4.2,2.719994881772436e-06,4.3103346824646,0.44669413566589355,4.310333467458837,-110.33346745883676,1544120.5526324906,99.99937413100119,0.003287159006349746,62,sleep,29.656000000002678,2
320000,nan,4.2,2.719994881772436e-06,4.3103346824646,0.44669413566589355,4.310333467458837,-110.33346745883676,1544120.5526324906,99.99937413100119,0.003287159006349746,62,sleep,29.702999999994063,2
320000,nan,4.2,2.719994881772436e-06,4.3103346824646,0.44669413566589355,4.310333467458837,-110.33346745883676,1544120.5526324906,99.99937413100119,0.003287159006349746,62,sleep,29.75,2
320000,nan,4.2,2.719994881772436e-06,4.3103346824646,0.44669413566589355,4.310333467458837,-110.33346745883676,1544120.5526324906,99.99937413100119,0.003287159006349746,62,sleep,29.812999999994645,2
320000,nan,4.2,2.719994881772436e-06,4.3103346824646,0.44669413566589355,4.310333467458837,-110.33346745883676,1544120.5526324906,99.99937413100119,0.003287159006349746,62,sleep,29.860000000000582,2
320000,nan,4.2,2.719994881772436e-06,4.3103346824646,0.44669413566589355,4.310333467458837,-110.33346745883676,1544120.5526324906,99.99937413100119,0.003287159006349746,62,sleep,29.906000000002678,2
320000,nan,4.2,2.719994881772436e-06,4.3103346824646,0.44669413566589355,4.310333467458837,-110.33346745883676,1544120.5526324906,99.99937413100119,0.003287159006349746,62,sleep,29.952999999994063,2
320000,nan,4.2,2.719994881772436e-06,4.3103346824646,0.44669413566589355,4.310333467458837,-110.33346745883676,1544120.5526324906,99.99937413100119,0.003287159006349746,62,sleep,30.0,2
3200,nan,4.2,2.719994881772436e-06,4.3103346824646,0.44669413566589355,4.310333467458837,-110.33346745883676,1544120.5526324906,99.99937413100119,0.003287159006349746,62,wake,30.062999999994645,2
3200,nan,4.2,-1.4150023162073921e-06,4.3103346824646,0.44669413566589355,4.310335314537836,-110.33531453783584,2968193.021236313,99.99937416961718,0.003286956189351088,63,wake,30.125,2
3200,nan,4.2,-1.4150023162073921e-06,4.3103346824646,0.44669413566589355,4.310335314537836,-110.33531453783584,2968193.021236313,99.99937416961718,0.003286956189351088,63,wake,30.172000000005937,2
3200,nan,4.2,-1.4150023162073921e-06,4.3103346824646,0.44669413566589355,4.310335314537836,-110.33531453783584,2968193.021236313,99.99937416961718,0.003286956189351088,63,wake,30.218999999997322,2
3200,nan,4.2,-1.4150023162073921e-06,4.3103346824646,0.44669413566589355,4.310335314537836,-110.33531453783584,2968193.021236313,99.99937416961718,0.003286956189351088,63,wake,30.26600000000326,2
3200,nan,4.2,-1.4150023162073921e-06,4.3103346824646,0.44669413566589355,4.310335314537836,-110.33531453783584,2968193.021236313,99.99937416961718,0.003286956189351088,63,wake,30.327999999994063,2
3200,nan,4.2,-1.4150023162073921e-06,4.3103346824646,0.44669413566589355,4.310335314537836,-110.33531453783584,2968193.021236313,99.99937416961718,0.003286956189351088,63,wake,30.375,2
3200,nan,4.2,-1.4150023162073921e-06,4.3103346824646,0.44669413566589355,4.310335314537836,-110.33531453783584,2968193.021236313,99.99937416961718,0.003286956189351088,63,wake,30.422000000005937,2
3200,nan,4.2,-1.4150023162073921e-06,4.3103346824646,0.44669413566589355,4.310335314537836,-110.33531453783584,2968193.021236313,99.99937416961718,0.003286956189351088,63,wake,30.468999999997322,2
3200,nan,4.2,-1.4150023162073921e-06,4.3103346824646,0.44669413566589355,4.310335314537836,-110.33531453783584,2968193.021236313,99.99937416961718,0.003286956189351088,63,wake,30.51600000000326,2
3200,nan,4.2,-1.4150023162073921e-06,4.3103346824646,0.44669413566589355,4.310335314537836,-110.33531453783584,2968193.021236313,99.99937416961718,0.003286956189351088,63,wake,30.577999999994063,2
3200,nan,4.2,-1.4150023162073921e-06,4.3103346824646,0.44669413566589355,4.310335314537836,-110.33531453783584,2968193.021236313,99.99937416961718,0.003286956189351088,63,wake,30.625,2
320000,nan,4.2,-1.1669995728880167e-05,4.3103346824646,0.44669413566589355,4.310339895383255,-110.3398953832544,359897.303955828,99.99937448809605,0.0032852834899632713,64,sleep,30.672000000005937,2
320000,nan,4.2,-1.1669995728880167e-05,4.3103346824646,0.44669413566589355,4.310339895383255,-110.3398953832544,359897.303955828,99.99937448809605,0.0032852834899632713,64,sleep,30.735000000000582,2
320000,nan,4.2,-1.1669995728880167e-05,4.3103346824646,0.44669413566589355,4.310339895383255,-110.3398953832544,359897.303955828,99.99937448809605,0.0032852834899632713,64,sleep,30.781000000002678,2
320000,nan,4.2,-1.1669995728880167e-05,4.3103346824646,0.44669413566589355,4.310339895383255,-110.3398953832544,359897.303955828,99.99937448809605,0.0032852834899632713,64,sleep,30.827999999994063,2
320000,nan,4.2,-1.1669995728880167e-05,4.3103346824646,0.44669413566589355,4.310339895383255,-110.3398953832544,359897.303955828,99.99937448809605,0.0032852834899632713,64,sleep,30.875,2
320000,nan,4.2,-1.1669995728880167e-05,4.3103346824646,0.44669413566589355,4.310339895383255,-110.3398953832544,359897.303955828,99.99937448809605,0.0032852834899632713,64,sleep,30.937999999994645,2
320000,nan,4.2,-1.1669995728880167e-05,4.3103346824646,0.44669413566589355,4.310339895383255,-110.3398953832544,359897.303955828,99.99937448809605,0.0032852834899632713,64,sleep,30.985000000000582,2
320000,nan,4.2,-1.1669995728880167e-05,4.3103346824646,0.44669413566589355,4.310339895383255,-110.3398953832544,359897.303955828,99.99937448809605,0.0032852834899632713,64,sleep,31.031000000002678,2
320000,nan,4.2,-1.1669995728880167e-05,4.3103346824646,0.44669413566589355,4.310339895383255,-110.3398953832544,359897.303955828,99.99937448809605,0.0032852834899632713,64,sleep,31.077999999994063,2
320000,nan,4.2,-1.1669995728880167e-05,4.3103346824646,0.44669413566589355,4.310339895383255,-110.3398953832544,359897.303955828,99.99937448809605,0.0032852834899632713,64,sleep,31.125,2
320000,nan,4.2,-6.774998837499879e-06,4.3103346824646,0.44669413566589355,4.310337708816849,-110.33770881684913,619926.3056331226,99.99937467263017,0.0032843142887406854,65,sleep,31.187999999994645,2
320000,nan,4.2,-6.774998837499879e-06,4.3103346824646,0.44669413566589355,4.310337708816849,-110.33770881684913,619926.3056331226,99.99937467263017,0.0032843142887406854,65,sleep,31.235000000000582,2
320000,nan,4.2,-6.774998837499879e-06,4.3103346824646,0.44669413566589355,4.310337708816849,-110.33770881684913,619926.3056331226,99.99937467263017,0.0032843142887406854,65,sleep,31.281000000002678,2
320000,nan,4.2,-6.774998837499879e-06,4.3103346824646,0.44669413566589355,4.310337708816849,-110.33770881684913,619926.3056331226,99.99937467263017,0.0032843142887406854,65,sleep,31.327999999994063,2
320000,nan,4.2,-6.774998837499879e-06,4.3103346824646,0.44669413566589355,4.310337708816849,-110.33770881684913,619926.3056331226,99.99937467263017,0.0032843142887406854,65,sleep,31.375,2
320000,nan,4.2,-6.774998837499879e-06,4.3103346824646,0.44669413566589355,4.310337708816849,-110.33770881684913,619926.3056331226,99.99937467263017,0.0032843142887406854,65,sleep,31.437999999994645,2
320000,nan,4.2,-6.774998837499879e-06,4.3103346824646,0.44669413566589355,4.310337708816849,-110.33770881684913,619926.3056331226,99.99937467263017,0.0032843142887406854,65,sleep,31.485000000000582,2
320000,nan,4.2,-6.774998837499879e-06,4.3103346824646,0.44669413566589355,4.310337708816849,-110.33770881684913,619926.3056331226,99.99937467263017,0.0032843142887406854,65,sleep,31.531000000002678,2
320000,nan,4.2,-6.774998837499879e-06,4.3103346824646,0.44669413566589355,4.310337708816849,-110.33770881684913,619926.3056331226,99.99937467263017,0.0032843142887406854,65,sleep,31.577999999994063,2
320000,nan,4.2,-6.774998837499879e-06,4.3103346824646,0.44669413566589355,4.310337708816849,-110.33770881684913,619926.3056331226,99.99937467263017,0.0032843142887406854,65,sleep,31.625,2
320000,nan,4.2,-3.020003759957035e-06,4.3103346824646,0.44669413566589355,4.310336031482569,-110.33603148256876,1390726.7453401291,99.99937475504728,0.0032838814215350887,66,sleep,31.687999999994645,2
320000,nan,4.2,-3.020003759957035e-06,4.3103346824646,0.44669413566589355,4.310336031482569,-110.33603148256876,1390726.7453401291,99.99937475504728,0.0032838814215350887,66,sleep,31.735000000000582,2
320000,nan,4.2,-3.020003759957035e-06,4.3103346824646,0.44669413566589355,4.310336031482569,-110.33603148256876,1390726.7453401291,99.99937475504728,0.0032838814215350887,66,sleep,31.781000000002678,2
320000,nan,4.2,-3.020003759957035e-06,4.3103346824646,0.44669413566589355,4.310336031482569,-110.33603148256876,1390726.7453401291,99.99937475504728,0.0032838814215350887,66,sleep,31.827999999994063,2
320000,nan,4.2,-3.020003759957035e-06,4.3103346824646,0.44669413566589355,4.310336031482569,-110.33603148256876,1390726.7453401291,99.99937475504728,0.0032838814215350887,66,sleep,31.875,2
320000,nan,4.2,-3.020003759957035e-06,4.3103346824646,0.44669413566589355,4.310336031482569,-110.33603148256876,1390726.7453401291,99.99937475504728,0.0032838814215350887,66,sleep,31.937999999994645,2
320000,nan,4.2,-3.020003759957035e-06,4.3103346824646,0.44669413566589355,4.310336031482569,-110.33603148256876,1390726.7453401291,99.99937475504728,0.0032838814215350887,66,sleep,31.985000000000582,2
320000,nan,4.2,-3.020003759957035e-06,4.3103346824646,0.44669413566589355,4.310336031482569,-110.33603148256876,1390726.7453401291,99.99937475504728,0.0032838814215350887,66,sleep,32.03100000000268,2
320000,nan,4.2,-3.020003759957035e-06,4.3103346824646,0.44669413566589355,4.310336031482569,-110.33603148256876,1390726.7453401291,99.99937475504728,0.0032838814215350887,66,sleep,32.07799999999406,2
320000,nan,4.2,-3.020003759957035e-06,4.3103346824646,0.44669413566589355,4.310336031482569,-110.33603148256876,1390726.7453401291,99.99937475504728,0.0032838814215350887,66,sleep,32.125,2
100,nan,4.2,-2.2350002382154344e-06,4.3103346824646,0.44669413566589355,4.310335680826099,-110.33568082609868,1879194.4305802607,99.99937481592313,0.0032835616923343443,67,tx,32.17200000000594,2
100,nan,4.2,-2.2350002382154344e-06,4.3103346824646,0.44669413566589355,4.310335680826099,-110.33568082609868,1879194.4305802607,99.99937481592313,0.0032835616923343443,67,tx,32.23500000000058,2
100,nan,4.2,-2.2350002382154344e-06,4.3103346824646,0.44669413566589355,4.310335680826099,-110.33568082609868,1879194.4305802607,99.99937481592313,0.0032835616923343443,67,tx,32.28100000000268,2
100,nan,4.2,-2.2350002382154344e-06,4.3103346824646,0.44669413566589355,4.310335680826099,-110.33568082609868,1879194.4305802607,99.99937481592313,0.0032835616923343443,67,tx,32.32799999999406,2
100,nan,4.2,-2.2350002382154344e-06,4.3103346824646,0.44669413566589355,4.310335680826099,-110.33568082609868,1879194.4305802607,99.99937481592313,0.0032835616923343443,67,tx,32.375,2
100,nan,4.2,-2.2350002382154344e-06,4.3103346824646,0.44669413566589355,4.310335680826099,-110.33568082609868,1879194.4305802607,99.99937481592313,0.0032835616923343443,67,tx,32.437999999994645,2
100,nan,4.2,-2.2350002382154344e-06,4.3103346824646,0.44669413566589355,4.310335680826099,-110.33568082609868,1879194.4305802607,99.99937481592313,0.0032835616923343443,67,tx,32.48500000000058,2
100,nan,4.2,-2.2350002382154344e-06,4.3103346824646,0.44669413566589355,4.310335680826099,-110.33568082609868,1879194.4305802607,99.99937481592313,0.0032835616923343443,67,tx,32.53100000000268,2
320000,nan,4.2,-2.2350002382154344e-06,4.3103346824646,0.44669413566589355,4.310335680826099,-110.33568082609868,1879194.4305802607,99.99937481592313,0.0032835616923343443,67,sleep,32.57799999999406,2
320000,nan,4.2,-2.2350002382154344e-06,4.3103346824646,0.44669413566589355,4.310335680826099,-110.33568082609868,1879194.4305802607,99.99937481592313,0.0032835616923343443,67,sleep,32.64100000000326,2
320000,nan,4.2,-3.4250035696459236e-06,4.3103346824646,0.44669413566589355,4.310336212393609,-110.33621239360869,1226276.0941981138,99.99937490649458,0.003283085997394116,68,sleep,32.687999999994645,2
320000,nan,4.2,-3.4250035696459236e-06,4.3103346824646,0.44669413566589355,4.310336212393609,-110.33621239360869,1226276.0941981138,99.99937490649458,0.003283085997394116,68,sleep,32.73500000000058,2
320000,nan,4.2,-3.4250035696459236e-06,4.3103346824646,0.44669413566589355,4.310336212393609,-110.33621239360869,1226276.0941981138,99.99937490649458,0.003283085997394116,68,sleep,32.78100000000268,2
320000,nan,4.2,-3.4250035696459236e-06,4.3103346824646,0.44669413566589355,4.310336212393609,-110.33621239360869,1226276.0941981138,99.99937490649458,0.003283085997394116,68,sleep,32.84399999999732,2
320000,nan,4.2,-3.4250035696459236e-06,4.3103346824646,0.44669413566589355,4.310336212393609,-110.33621239360869,1226276.0941981138,99.99937490649458,0.003283085997394116,68,sleep,32.89100000000326,2
320000,nan,4.2,-3.4250035696459236e-06,4.3103346824646,0.44669413566589355,4.310336212393609,-110.33621239360869,1226276.0941981138,99.99937490649458,0.003283085997394116,68,sleep,32.937999999994645,2
320000,nan,4.2,-3.4250035696459236e-06,4.3103346824646,0.44669413566589355,4.310336212393609,-110.33621239360869,1226276.0941981138,99.99937490649458,0.003283085997394116,68,sleep,32.98500000000058,2
320000,nan,4.2,-3.4250035696459236e-06,4.3103346824646,0.44669413566589355,4.310336212393609,-110.33621239360869,1226276.0941981138,99.99937490649458,0.003283085997394116,68,sleep,33.03100000000268,2
320000,nan,4.2,-3.4250035696459236e-06,4.3103346824646,0.44669413566589355,4.310336212393609,-110.33621239360869,1226276.0941981138,99.99937490649458,0.003283085997394116,68,sleep,33.09399999999732,2
320000,nan,4.2,-3.4250035696459236e-06,4.3103346824646,0.44669413566589355,4.310336212393609,-110.33621239360869,1226276.0941981138,99.99937490649458,0.003283085997394116,68,sleep,33.14100000000326,2
320000,nan,4.2,-3.4250035696459236e-06,4.3103346824646,0.44669413566589355,4.310336212393609,-110.33621239360869,1226276.0941981138,99.99937490649458,0.003283085997394116,68,sleep,33.187999999994645,2
320000,nan,4.2,0.02210560254752636,4.3103346824646,0.44669413566589355,4.300460239441259,-100.4602394412588,189.99708291009622,99.9987716357206,0.00645155569589291,69,sleep,33.23500000000058,2
320000,nan,4.2,0.02210560254752636,4.3103346824646,0.44669413566589355,4.300460239441259,-100.4602394412588,189.99708291009622,99.9987716357206,0.00645155569589291,69,sleep,33.28100000000268,2
320000,nan,4.2,0.02210560254752636,4.3103346824646,0.44669413566589355,4.300460239441259,-100.4602394412588,189.99708291009622,99.9987716357206,0.00645155569589291,69,sleep,33.34399999999732,2
320000,nan,4.2,0.02210560254752636,4.3103346824646,0.44669413566589355,4.300460239441259,-100.4602394412588,189.99708291009622,99.9987716357206,0.00645155569589291,69,sleep,33.39100000000326,2
320000,nan,4.2,0.02210560254752636,4.3103346824646,0.44669413566589355,4.300460239441259,-100.4602394412588,189.99708291009622,99.9987716357206,0.00645155569589291,69,sleep,33.437999999994645,2
320000,nan,4.2,0.02210560254752636,4.3103346824646,0.44669413566589355,4.300460239441259,-100.4602394412588,189.99708291009622,99.9987716357206,0.00645155569589291,69,sleep,33.48500000000058,2
320000,nan,4.2,0.02210560254752636,4.3103346824646,0.44669413566589355,4.300460239441259,-100.4602394412588,189.99708291009622,99.9987716357206,0.00645155569589291,69,sleep,33.53100000000268,2
320000,nan,4.2,0.02210560254752636,4.3103346824646,0.44669413566589355,4.300460239441259,-100.4602394412588,189.99708291009622,99.9987716357206,0.00645155569589291,69,sleep,33.59399999999732,2
320000,nan,4.2,0.02210560254752636,4.3103346824646,0.44669413566589355,4.300460239441259,-100.4602394412588,189.99708291009622,99.9987716357206,0.00645155569589291,69,sleep,33.64100000000326,2
320000,nan,4.2,0.02210560254752636,4.3103346824646,0.44669413566589355,4.300460239441259,-100.4602394412588,189.99708291009622,99.9987716357206,0.00645155569589291,69,sleep,33.687999999994645,2
320000,nan,4.2,-4.2700016820163e-06,4.3103346824646,0.44669413566589355,4.31033658984931,-110.33658984931006,983606.1699199976,99.99877175225068,0.006450943662318501,70,sleep,33.73500000000058,2
320000,nan,4.2,-4.2700016820163e-06,4.3103346824646,0.44669413566589355,4.31033658984931,-110.33658984931006,983606.1699199976,99.99877175225068,0.006450943662318501,70,sleep,33.78100000000268,2
320000,nan,4.2,-4.2700016820163e-06,4.3103346824646,0.44669413566589355,4.31033658984931,-110.33658984931006,983606.1699199976,99.99877175225068,0.006450943662318501,70,sleep,33.84399999999732,2
320000,nan,4.2,-4.2700016820163e-06,4.3103346824646,0.44669413566589355,4.31033658984931,-110.33658984931006,983606.1699199976,99.99877175225068,0.006450943662318501,70,sleep,33.89100000000326,2
320000,nan,4.2,-4.2700016820163e-06,4.3103346824646,0.44669413566589355,4.31033658984931,-110.33658984931006,983606.1699199976,99.99877175225068,0.006450943662318501,70,sleep,33.937999999994645,2
320000,nan,4.2,-4.2700016820163e-06,4.3103346824646,0.44669413566589355,4.31033658984931,-110.33658984931006,983606.1699199976,99.99877175225068,0.006450943662318501,70,sleep,33.98500000000058,2
320000,nan,4.2,-4.2700016820163e-06,4.3103346824646,0.44669413566589355,4.31033658984931,-110.33658984931006,983606.1699199976,99.99877175225068,0.006450943662318501,70,sleep,34.03100000000268,2
320000,nan,4.2,-4.2700016820163e-06,4.3103346824646,0.44669413566589355,4.31033658984931,-110.33658984931006,983606.1699199976,99.99877175225068,0.006450943662318501,70,sleep,34.09399999999732,2
320000,nan,4.2,-4.2700016820163e-06,4.3103346824646,0.44669413566589355,4.31033658984931,-110.33658984931006,983606.1699199976,99.99877175225068,0.006450943662318501,70,sleep,34.14100000000326,2
320000,nan,4.2,-4.2700016820163e-06,4.3103346824646,0.44669413566589355,4.31033658984931,-110.33658984931006,983606.1699199976,99.99877175225068,0.006450943662318501,70,sleep,34.187999999994645,2
320000,nan,4.2,-1.2899997273052577e-05,4.3103346824646,0.44669413566589355,4.310340444817731,-110.34044481773097,325581.4641739174,99.99877210361451,0.0064490982460419415,71,sleep,34.23500000000058,2
320000,nan,4.2,-1.2899997273052577e-05,4.3103346824646,0.44669413566589355,4.310340444817731,-110.34044481773097,325581.4641739174,99.99877210361451,0.0064490982460419415,71,sleep,34.28100000000268,2
320000,nan,4.2,-1.2899997273052577e-05,4.3103346824646,0.44669413566589355,4.310340444817731,-110.34044481773097,325581.4641739174,99.99877210361451,0.0064490982460419415,71,sleep,34.34399999999732,2
320000,nan,4.2,-1.2899997273052577e-05,4.3103346824646,0.44669413566589355,4.310340444817731,-110.34044481773097,325581.4641739174,99.99877210361451,0.0064490982460419415,71,sleep,34.39100000000326,2
320000,nan,4.2,-1.2899997273052577e-05,4.3103346824646,0.44669413566589355,4.310340444817731,-110.34044481773097,325581.4641739174,99.99877210361451,0.0064490982460419415,71,sleep,34.437999999994645,2
320000,nan,4.2,-1.2899997273052577e-05,4.3103346824646,0.44669413566589355,4.310340444817731,-110.34044481773097,325581.4641739174,99.99877210361451,0.0064490982460419415,71,sleep,34.48500000000058,2
320000,nan,4.2,-1.2899997273052577e-05,4.3103346824646,0.44669413566589355,4.310340444817731,-110.34044481773097,325581.4641739174,99.99877210361451,0.0064490982460419415,71,sleep,34.53100000000268,2
320000,nan,4.2,-1.2899997273052577e-05,4.3103346824646,0.44669413566589355,4.310340444817731,-110.34044481773097,325581.4641739174,99.99877210361451,0.0064490982460419415,71,sleep,34.59399999999732,2
320000,nan,4.2,-1.2899997273052577e-05,4.3103346824646,0.44669413566589355,4.310340444817731,-110.34044481773097,325581.4641739174,99.99877210361451,0.0064490982460419415,71,sleep,34.64100000000326,2
320000,nan,4.2,-1.2899997273052577e-05,4.3103346824646,0.44669413566589355,4.310340444817731,-110.34044481773097,325581.4641739174,99.99877210361451,0.0064490982460419415,71,sleep,34.687999999994645,2
320000,nan,4.2,-1.2899997273052577e-05,4.3103346824646,0.44669413566589355,4.310340444817731,-110.34044481773097,325581.4641739174,99.99877210361451,0.0064490982460419415,71,sleep,34.73500000000058,2
320000,nan,4.2,4.354995780886384e-06,4.3103346824646,0.44669413566589355,4.310332737113524,-110.33273711352365,964409.6599205346,99.99877198476493,0.006449722462103872,72,sleep,34.78100000000268,2
320000,nan,4.2,4.354995780886384e-06,4.3103346824646,0.44669413566589355,4.310332737113524,-110.33273711352365,964409.6599205346,99.99877198476493,0.006449722462103872,72,sleep,34.84399999999732,2
320000,nan,4.2,4.354995780886384e-06,4.3103346824646,0.44669413566589355,4.310332737113524,-110.33273711352365,964409.6599205346,99.99877198476493,0.006449722462103872,72,sleep,34.89100000000326,2
320000,nan,4.2,4.354995780886384e-06,4.3103346824646,0.44669413566589355,4.310332737113524,-110.33273711352365,964409.6599205346,99.99877198476493,0.006449722462103872,72,sleep,34.937999999994645,2
320000,nan,4.2,4.354995780886384e-06,4.3103346824646,0.44669413566589355,4.310332737113524,-110.33273711352365,964409.6599205346,99.99877198476493,0.006449722462103872,72,sleep,34.98500000000058,2
320000,nan,4.2,4.354995780886384e-06,4.3103346824646,0.44669413566589355,4.310332737113524,-110.33273711352365,964409.6599205346,99.99877198476493,0.006449722462103872,72,sleep,35.03100000000268,2
320000,nan,4.2,4.354995780886384e-06,4.3103346824646,0.44669413566589355,4.310332737113524,-110.33273711352365,964409.6599205346,99.99877198476493,0.006449722462103872,72,sleep,35.09399999999732,2
320000,nan,4.2,4.354995780886384e-06,4.3103346824646,0.44669413566589355,4.310332737113524,-110.33273711352365,964409.6599205346,99.99877198476493,0.006449722462103872,72,sleep,35.14100000000326,2
320000,nan,4.2,4.354995780886384e-06,4.3103346824646,0.44669413566589355,4.310332737113524,-110.33273711352365,964409.6599205346,99.99877198476493,0.006449722462103872,72,sleep,35.187999999994645,2
320000,nan,4.2,4.354995780886384e-06,4.3103346824646,0.44669413566589355,4.310332737113524,-110.33273711352365,964409.6599205346,99.99877198476493,0.006449722462103872,72,sleep,35.23500000000058,2
320000,nan,4.2,-1.8350044683757005e-06,4.3103346824646,0.44669413566589355,4.310335502150335,-110.33550215033472,2288822.764403257,99.99877203484294,0.006449459444796737,73,sleep,35.28100000000268,2
320000,nan,4.2,-1.8350044683757005e-06,4.3103346824646,0.44669413566589355,4.310335502150335,-110.33550215033472,2288822.764403257,99.99877203484294,0.006449459444796737,73,sleep,35.34399999999732,2
320000,nan,4.2,-1.8350044683757005e-06,4.3103346824646,0.44669413566589355,4.310335502150335,-110.33550215033472,2288822.764403257,99.99877203484294,0.006449459444796737,73,sleep,35.39100000000326,2
320000,nan,4.2,-1.8350044683757005e-06,4.3103346824646,0.44669413566589355,4.310335502150335,-110.33550215033472,2288822.764403257,99.99877203484294,0.006449459444796737,73,sleep,35.437999999994645,2
320000,nan,4.2,-1.8350044683757005e-06,4.3103346824646,0.44669413566589355,4.310335502150335,-110.33550215033472,2288822.764403257,99.99877203484294,0.006449459444796737,73,sleep,35.48500000000058,2
320000,nan,4.2,-1.8350044683757005e-06,4.3103346824646,0.44669413566589355,4.310335502150335,-110.33550215033472,2288822.764403257,99.99877203484294,0.006449459444796737,73,sleep,35.53100000000268,2
320000,nan,4.2,-1.8350044683757005e-06,4.3103346824646,0.44669413566589355,4.310335502150335,-110.33550215033472,2288822.764403257,99.99877203484294,0.006449459444796737,73,sleep,35.59399999999732,2
320000,nan,4.2,-1.8350044683757005e-06,4.3103346824646,0.44669413566589355,4.310335502150335,-110.33550215033472,2288822.764403257,99.99877203484294,0.006449459444796737,73,sleep,35.64100000000326,2
320000,nan,4.2,-1.8350044683757005e-06,4.3103346824646,0.44669413566589355,4.310335502150335,-110.33550215033472,2288822.764403257,99.99877203484294,0.006449459444796737,73,sleep,35.687999999994645,2
320000,nan,4.2,-1.8350044683757005e-06,4.3103346824646,0.44669413566589355,4.310335502150335,-110.33550215033472,2288822.764403257,99.99877203484294,0.006449459444796737,73,sleep,35.73500000000058,2
320000,nan,4.2,2.309993988092174e-06,4.3103346824646,0.44669413566589355,4.310333650603832,-110.33365060383193,1818186.5501168617,99.99877197192446,0.006449789902270033,74,sleep,35.78100000000268,2
320000,nan,4.2,2.309993988092174e-06,4.3103346824646,0.44669413566589355,4.310333650603832,-110.33365060383193,1818186.5501168617,99.99877197192446,0.006449789902270033,74,sleep,35.84399999999732,2
320000,nan,4.2,2.309993988092174e-06,4.3103346824646,0.44669413566589355,4.310333650603832,-110.33365060383193,1818186.5501168617,99.99877197192446,0.006449789902270033,74,sleep,35.89100000000326,2
320000,nan,4.2,2.309993988092174e-06,4.3103346824646,0.44669413566589355,4.310333650603832,-110.33365060383193,1818186.5501168617,99.99877197192446,0.006449789902270033,74,sleep,35.937999999994645,2
320000,nan,4.2,2.309993988092174e-06,4.3103346824646,0.44669413566589355,4.310333650603832,-110.33365060383193,1818186.5501168617,99.99877197192446,0.006449789902270033,74,sleep,35.98500000000058,2
320000,nan,4.2,2.309993988092174e-06,4.3103346824646,0.44669413566589355,4.310333650603832,-110.33365060383193,1818186.5501168617,99.99877197192446,0.006449789902270033,74,sleep,36.03100000000268,2
320000,nan,4.2,2.309993988092174e-06,4.3103346824646,0.44669413566589355,4.310333650603832,-110.33365060383193,1818186.5501168617,99.99877197192446,0.006449789902270033,74,sleep,36.09399999999732,2
320000,nan,4.2,2.309993988092174e-06,4.3103346824646,0.44669413566589355,4.310333650603832,-110.33365060383193,1818186.5501168617,99.99877197192446,0.006449789902270033,74,sleep,36.14100000000326,2
320000,nan,4.2,2.309993988092174e-06,4.3103346824646,0.44669413566589355,4.310333650603832,-110.33365060383193,1818186.5501168617,99.99877197192446,0.006449789902270033,74,sleep,36.187999999994645,2
320000,nan,4.2,2.309993988092174e-06,4.3103346824646,0.44669413566589355,4.310333650603832,-110.33365060383193,1818186.5501168617,99.99877197192446,0.006449789902270033,74,sleep,36.23500000000058,2
320000,nan,4.2,-1.1660000382107683e-05,4.3103346824646,0.44669413566589355,4.310339890918392,-110.33989091839214,360205.82009970746,99.99877229013055,0.006448118635548587,75,sleep,36.28100000000268,2
320000,nan,4.2,-1.1660000382107683e-05,4.3103346824646,0.44669413566589355,4.310339890918392,-110.33989091839214,360205.82009970746,99.99877229013055,0.006448118635548587,75,sleep,36.34399999999732,2
320000,nan,4.2,-1.1660000382107683e-05,4.3103346824646,0.44669413566589355,4.310339890918392,-110.33989091839214,360205.82009970746,99.99877229013055,0.006448118635548587,75,sleep,36.39100000000326,2
320000,nan,4.2,-1.1660000382107683e-05,4.3103346824646,0.44669413566589355,4.310339890918392,-110.33989091839214,360205.82009970746,99.99877229013055,0.006448118635548587,75,sleep,36.437999999994645,2
320000,nan,4.2,-1.1660000382107683e-05,4.3103346824646,0.44669413566589355,4.310339890918392,-110.33989091839214,360205.82009970746,99.99877229013055,0.006448118635548587,75,sleep,36.48500000000058,2
320000,nan,4.2,-1.1660000382107683e-05,4.3103346824646,0.44669413566589355,4.310339890918392,-110.33989091839214,360205.82009970746,99.99877229013055,0.006448118635548587,75,sleep,36.53100000000268,2
320000,nan,4.2,-1.1660000382107683e-05,4.3103346824646,0.44669413566589355,4.310339890918392,-110.33989091839214,360205.82009970746,99.99877229013055,0.006448118635548587,75,sleep,36.59399999999732,2
320000,nan,4.2,-1.1660000382107683e-05,4.3103346824646,0.44669413566589355,4.310339890918392,-110.33989091839214,360205.82009970746,99.99877229013055,0.006448118635548587,75,sleep,36.64100000000326,2
320000,nan,4.2,-1.1660000382107683e-05,4.3103346824646,0.44669413566589355,4.310339890918392,-110.33989091839214,360205.82009970746,99.99877229013055,0.006448118635548587,75,sleep,36.687999999994645,2
320000,nan,4.2,-1.1660000382107683e-05,4.3103346824646,0.44669413566589355,4.310339890918392,-110.33989091839214,360205.82009970746,99.99877229013055,0.006448118635548587,75,sleep,36.73500000000058,2
320000,nan,4.2,-1.1660000382107683e-05,4.3103346824646,0.44669413566589355,4.310339890918392,-110.33989091839214,360205.82009970746,99.99877229013055,0.006448118635548587,75,sleep,36.78100000000268,2
320000,nan,4.2,-5.930005045229336e-06,4.3103346824646,0.44669413566589355,4.310337331363078,-110.33733136307777,708262.4665520112,99.99877244694471,0.006447295023736749,76,sleep,36.84399999999732,2
320000,nan,4.2,-5.930005045229336e-06,4.3103346824646,0.44669413566589355,4.310337331363078,-110.33733136307777,708262.4665520112,99.99877244694471,0.006447295023736749,76,sleep,36.89100000000326,2
320000,nan,4.2,-5.930005045229336e-06,4.3103346824646,0.44669413566589355,4.310337331363078,-110.33733136307777,708262.4665520112,99.99877244694471,0.006447295023736749,76,sleep,36.937999999994645,2
320000,nan,4.2,-5.930005045229336e-06,4.3103346824646,0.44669413566589355,4.310337331363078,-110.33733136307777,708262.4665520112,99.99877244694471,0.006447295023736749,76,sleep,36.98500000000058,2
320000,nan,4.2,-5.930005045229336e-06,4.3103346824646,0.44669413566589355,4.310337331363078,-110.33733136307777,708262.4665520112,99.99877244694471,0.006447295023736749,76,sleep,37.03100000000268,2
320000,nan,4.2,-5.930005045229336e-06,4.3103346824646,0.44669413566589355,4.310337331363078,-110.33733136307777,708262.4665520112,99.99877244694471,0.006447295023736749,76,sleep,37.09399999999732,2
320000,nan,4.2,-5.930005045229336e-06,4.3103346824646,0.44669413566589355,4.310337331363078,-110.33733136307777,708262.4665520112,99.99877244694471,0.006447295023736749,76,sleep,37.14100000000326,2
320000,nan,4.2,-5.930005045229336e-06,4.3103346824646,0.44669413566589355,4.310337331363078,-110.33733136307777,708262.4665520112,99.99877244694471,0.006447295023736749,76,sleep,37.187999999994645,2
320000,nan,4.2,-5.930005045229336e-06,4.3103346824646,0.44669413566589355,4.310337331363078,-110.33733136307777,708262.4665520112,99.99877244694471,0.006447295023736749,76,sleep,37.23500000000058,2
320000,nan,4.2,-5.930005045229336e-06,4.3103346824646,0.44669413566589355,4.310337331363078,-110.33733136307777,708262.4665520112,99.99877244694471,0.006447295023736749,76,sleep,37.28100000000268,2
320000,nan,4.2,-6.719994871673407e-06,4.3103346824646,0.44669413566589355,4.310337684246901,-110.33768424690038,625000.4769652629,99.99877262998066,0.006446333691137052,77,sleep,37.34399999999732,2
320000,nan,4.2,-6.719994871673407e-06,4.3103346824646,0.44669413566589355,4.310337684246901,-110.33768424690038,625000.4769652629,99.99877262998066,0.006446333691137052,77,sleep,37.39100000000326,2
320000,nan,4.2,-6.719994871673407e-06,4.3103346824646,0.44669413566589355,4.310337684246901,-110.33768424690038,625000.4769652629,99.99877262998066,0.006446333691137052,77,sleep,37.437999999994645,2
320000,nan,4.2,-6.719994871673407e-06,4.3103346824646,0.44669413566589355,4.310337684246901,-110.33768424690038,625000.4769652629,99.99877262998066,0.006446333691137052,77,sleep,37.48500000000058,2
320000,nan,4.2,-6.719994871673407e-06,4.3103346824646,0.44669413566589355,4.310337684246901,-110.33768424690038,625000.4769652629,99.99877262998066,0.006446333691137052,77,sleep,37.53100000000268,2
